date,银行股轮动,银行股等权持有,沪深300
2018-04-27,1.0,1.0,1.0
2018-05-02,1.0,0.9972759791350382,1.0018020272140713
2018-05-03,1.0,0.9928226686882549,1.0096143608526225
2018-05-04,1.0,0.9808718500201529,1.0047166797981304
2018-05-07,1.0,0.9924089406955805,1.0205782457784118
2018-05-08,1.0,1.0133282338025895,1.0324205191541918
2018-05-09,1.0,1.0149755558030187,1.0305413002278485
2018-05-10,1.0,1.0167769363882917,1.0362481633696046
2018-05-11,1.0,1.0246349714230096,1.030866037776027
2018-05-14,1.0,1.0363699692440036,1.0405682374736482
2018-05-15,1.0,1.0325093998198314,1.044510338365878
2018-05-16,1.0,1.007962597559064,1.0361896041396053
2018-05-17,1.0,1.0056180973835966,1.0285263303592342
2018-05-18,1.0,1.027446765145575,1.0389099465513936
2018-05-21,1.0,1.0281100148735827,1.0437490683758863
2018-05-22,1.0,1.0135936996889043,1.0397484082536572
2018-05-23,1.0,0.9910516054080478,1.0260056216860798
2018-05-24,1.0,0.9820153549301543,1.0187229829007047
2018-05-25,1.0,0.9817863371532344,1.0158695513298268
2018-05-28,1.0,0.9759994997247015,1.0203306999425055
2018-05-29,1.0,0.9740378458911805,1.0125449841357723
2018-05-30,1.0,0.9400707376919318,0.9910803645578246
2018-05-31,1.0,0.9554219787173941,1.0121111134771406
2018-06-01,1.0,0.9560143681661795,1.003649304742233
2018-06-04,1.0,0.9704616334541862,1.0134952407316709
2018-06-05,1.0,0.9656157684279275,1.0235408104597432
2018-06-06,1.0,0.9534419483501181,1.0214193692638571
2018-06-07,1.0,0.9625038242814303,1.019731798726603
2018-06-08,1.0,0.9321121362243182,1.0060528949553884
2018-06-11,1.0,0.935136090253799,1.006148719149933
2018-06-12,1.0,0.9358071481109835,1.0183849364366175
2018-06-13,1.0,0.9254976402210592,1.0083739698899086
2018-06-14,1.0,0.9282180564545652,1.0043892804667702
2018-06-15,1.0,0.9421271178321254,0.9990816848022827
2018-06-19,1.0,0.9232263706345971,0.9638636315240305
2018-06-20,1.0,0.9114927778335097,0.9676753050403526
2018-06-21,1.0,0.908121072457614,0.956370711867294
2018-06-22,1.0,0.9064889398172594,0.9606109324758842
2018-06-25,1.0,0.8753330364360327,0.9477225783096612
2018-06-26,1.0,0.8500287728144003,0.9399049211047465
2018-06-27,1.0,0.8266872701010259,0.9207800089435916
2018-06-28,1.0,0.8146661562912626,0.911269457635059
2018-06-29,1.0,0.8383375463867685,0.9345467515598049
2018-07-02,1.0,0.7828831033501665,0.9071250612210132
2018-07-03,1.0,0.7934232508478596,0.9074764166010094
2018-07-04,1.0,0.7895706101972139,0.8953573177743234
2018-07-05,1.0,0.7952300601496268,0.8896850578139307
2018-07-06,1.0,0.8084224872872574,0.8957219820702285
2018-07-09,1.0,0.8615864360117408,0.9207587146781371
2018-07-10,1.0,0.8562855681967046,0.9229786418517493
2018-07-11,1.0,0.8400197071874548,0.9070106045441962
2018-07-12,1.0,0.8713107981952326,0.9265826962798918
2018-07-13,1.0,0.8654906189022795,0.9296783501203126
2018-07-16,1.0,0.8406346953314432,0.924195076765827
2018-07-17,1.0,0.8359903417417067,0.9181501671599838
2018-07-18,1.0,0.8342649845712105,0.9133429867336726
2018-07-19,1.0,0.8332139182599879,0.9125497753454994
2018-07-20,1.0,0.8989783746889914,0.9297315857839483
2018-07-23,1.0,0.9272697501194755,0.9384782053193075
2018-07-24,1.0,0.9365405965351347,0.9533735440045995
2018-07-25,1.0,0.9377394838097096,0.952319477864611
2018-07-26,1.0,0.9269900210772875,0.9412730776601861
2018-07-27,1.0,0.9247657510304063,0.9372750793211388
2018-07-30,1.0,0.9425764810968518,0.9356380826643385
2018-07-31,1.0,0.9480859797473628,0.93632482272524
2018-08-01,1.0,0.9186387651320117,0.9176204723068078
2018-08-02,1.0,0.8869348359341214,0.8972764634483933
2018-08-03,1.0,0.8907672864932483,0.8824556546921914
2018-08-06,1.0,0.8987891160439463,0.8712735035454952
2018-08-07,1.0,0.9287739112215302,0.8967201507633994
2018-08-08,1.0,0.9104934522003014,0.8822506973871936
2018-08-09,1.0,0.9332514706003968,0.9043488213624071
2018-08-10,1.0,0.9239445248678593,0.9063424969655671
2018-08-13,1.0,0.9004549000402068,0.9024349992547007
2018-08-14,1.0,0.8971183628365341,0.8977955111688422
2018-08-15,1.0,0.8688830097087158,0.8762536998786227
2018-08-16,1.0,0.8733482894582172,0.8721944805263943
2018-08-17,1.0,0.8633432818749601,0.8596548199569856
2018-08-20,1.0,0.8880151139920585,0.8696711100700582
2018-08-21,1.0,0.8991962703949524,0.8854821021698857
2018-08-22,1.0,0.8934895859471038,0.8805045676199399
2018-08-23,1.0,0.8967529186498746,0.8837200017035413
2018-08-24,1.0,0.9288239905988203,0.8851307467898895
2018-08-27,1.0,0.9501801981822053,0.9067550733587445
2018-08-28,1.0,0.9464132085792614,0.9050515321223994
2018-08-29,1.0,0.9416966506118587,0.9014315069951662
2018-08-30,1.0,0.9247883745594805,0.8919875002661783
2018-08-31,1.0,0.9392940750271471,0.8875716019675901
2018-09-03,1.0,0.9341618407831441,0.8841964608930815
2018-09-04,1.0,0.950819195805145,0.8953972445220502
2018-09-05,1.0,0.917176295293361,0.8778933583186047
2018-09-06,1.0,0.9109303305726751,0.8685079108196163
2018-09-07,1.0,0.9174330986899459,0.872436702795937
2018-09-10,1.0,0.9107261979170881,0.8597746002001662
2018-09-11,1.0,0.9020753364875621,0.8582147952556376
2018-09-12,1.0,0.9018037555433851,0.8523082983752475
2018-09-13,1.0,0.923090103880224,0.861504759268329
2018-09-14,1.0,0.9180666323361304,0.8629740635846767
2018-09-17,1.0,0.9041207253401823,0.8530802154979664
2018-09-18,1.0,0.9269263268576421,0.8702513788036881
2018-09-19,1.0,0.9347066895738361,0.8817103554012904
2018-09-20,1.0,0.9420838650715029,0.8810848363535699
2018-09-21,1.0,1.005866684680407,0.9077984923660057
2018-09-25,1.0,0.9851582306332106,0.899629479781095
2018-09-26,1.0,0.999073729373085,0.9095951960137134
2018-09-27,1.0,0.9991624298665716,0.9059618619705714
2018-09-28,1.0,1.023459582530078,0.9153499712527416
2018-10-08,1.0,0.9627021848331332,0.8759662272949894
2018-10-09,1.0,0.9615607883000508,0.8753779732118141
2018-10-10,1.0,0.9703834282593143,0.8734907689359255
2018-10-11,1.0,0.9132001619272346,0.8315703456059284
2018-10-12,1.0,0.9478880356922154,0.8439795787994293
2018-10-15,1.0,0.9304041345450794,0.8321932028704669
2018-10-16,1.0,0.940218708382482,0.8254109793232681
2018-10-17,1.0,0.9504008442941688,0.8300105406613999
2018-10-18,1.0,0.9202149578649229,0.8103506100807052
2018-10-19,1.0,0.9714635356861677,0.8344557185749877
2018-10-22,1.0,1.0163704447363167,0.8704749685909584
2018-10-23,1.0,0.9777680822278229,0.8473600434403015
2018-10-24,1.0,1.012514083003573,0.8486297140180149
2018-10-25,1.0,1.027596605458394,0.850256063542088
2018-10-26,1.0,1.0262151862986533,0.8447541577053299
2018-10-29,1.0,0.9968768080931466,0.8190014054215199
2018-10-30,1.0,1.0210198873487917,0.8278837758991504
2018-10-31,1.0,1.0214548605812124,0.8394785034390239
2018-11-01,1.0,1.0088151792001856,0.8456565022039565
2018-11-02,1.0,1.0404333823399312,0.8757932113881731
2018-11-05,1.0,1.0216200525023904,0.8684972636868892
2018-11-06,1.0,1.00947050891572,0.8632562126019463
2018-11-07,1.0,1.0045519278957802,0.8576025851238261
2018-11-08,1.0,1.0127474206240215,0.8551697152956709
2018-11-09,1.0,0.9628236503239146,0.8431038521326206
2018-11-12,1.0,0.9666144240221626,0.8531387747279657
2018-11-13,1.0,0.971679117466078,0.861720363706054
2018-11-14,1.0,0.9531991593590219,0.8530855390643299
2018-11-15,1.0,0.9661424361828832,0.8630485935137667
2018-11-16,1.0,0.9665091311062296,0.8671211217819041
2018-11-19,1.0,0.9899616780328914,0.8769510870722514
2018-11-20,1.0,0.9673589887267802,0.8566709610101999
2018-11-21,1.0,0.9695388146725902,0.8588216818210855
2018-11-22,1.0,0.9636001816625154,0.8556115713038478
2018-11-23,1.0,0.9433877519327758,0.8367262196290539
2018-11-26,1.0,0.950671599905888,0.836129980196333
2018-11-27,1.0,0.9413326477559875,0.8350652669236174
2018-11-28,1.0,0.9513234883385047,0.8461622410084964
2018-11-29,1.0,0.9431695197124212,0.8351744000340708
2018-11-30,1.0,0.9554961418910713,0.8445012883030599
2018-12-03,1.0,0.9843532157348638,0.8679941866655309
2018-12-04,1.0,0.9898798501740564,0.8697935520964204
2018-12-05,1.0,0.9791362883203485,0.8656118907178296
2018-12-06,1.0,0.9610086961697045,0.8468915696003066
2018-12-07,1.0,0.958561252302814,0.8468622899853069
2018-12-10,1.0,0.9446228745288054,0.837066927876323
2018-12-11,1.0,0.9445738339669253,0.8410755733480973
2018-12-12,1.0,0.948082166420289,0.8439476374012479
2018-12-13,1.0,0.9598767002206564,0.857011669257469
2018-12-14,1.0,0.9419928461110212,0.8426965993058069
2018-12-17,1.0,0.9507218941152052,0.8414428994271842
2018-12-18,1.0,0.9354877914576127,0.8327202359404612
2018-12-19,1.0,0.9203193213178034,0.8227917846723878
2018-12-20,1.0,0.8908392448578315,0.8164806967483657
2018-12-21,1.0,0.874837563277031,0.8063605970912033
2018-12-24,1.0,0.8724913231567013,0.8087029662911777
2018-12-25,1.0,0.8675311102131351,0.8031345158748749
2018-12-26,1.0,0.8645110373016702,0.7990752965226465
2018-12-27,1.0,0.8656538075460541,0.7960089222972254
2018-12-28,1.0,0.8765511686223352,0.8013697536253487
2019-01-02,1.0,0.8517969069031393,0.7904271629650135
2019-01-03,1.0,0.8640278206759197,0.7891761248695727
2019-01-04,1.0,0.8952174023479726,0.8080827708098208
2019-01-07,1.0,0.8913203867110306,0.8129884372138584
2019-01-08,1.0,0.8837669727507457,0.8112316603138774
2019-01-09,1.0,0.89760046341195,0.8194246289474244
2019-01-10,1.0,0.8934976132514432,0.8178834564851686
2019-01-11,1.0,0.9042750933482236,0.8237633355337408
2019-01-14,1.0,0.8931711668701681,0.8165765209429101
2019-01-15,1.0,0.9087575440111559,0.8326031174804625
2019-01-16,1.0,0.9132965295396764,0.8327787951704606
2019-01-17,1.0,0.9086960975804848,0.828192542748238
2019-01-18,1.0,0.9369999806721158,0.8432981623048913
2019-01-21,1.0,0.939643177145062,0.8479482975234769
2019-01-22,1.0,0.9266426009943065,0.8366836310981453
2019-01-23,1.0,0.9327230980665943,0.8360794063158792
2019-01-24,1.0,0.94455738860707,0.8407987478971913
2019-01-25,1.0,0.9720716263400524,0.8476368688912075
2019-01-28,1.0,0.9681925873460593,0.8474532058516642
2019-01-29,1.0,0.9794712066022988,0.8501655629139072
2019-01-30,1.0,0.9760091783887631,0.8433806775835267
2019-01-31,1.0,1.006610464876205,0.8522044888311577
2019-02-01,1.0,1.0085018945700728,0.8643874704542067
2019-02-11,1.0,1.008339264017297,0.880110623709035
2019-02-12,1.0,1.0084596938042278,0.8864643001639658
2019-02-13,1.0,1.0281450304089659,0.9042157322033176
2019-02-14,1.0,1.01859916023709,0.9055759034092118
2019-02-15,1.0,0.9866109473035454,0.8886895509039415
2019-02-18,1.0,1.0157229578763598,0.9171812780818125
2019-02-19,1.0,1.013210885352277,0.9155496049913758
2019-02-20,1.0,1.01595222739358,0.91882892187134
2019-02-21,1.0,1.0079965155789918,0.9163747577777305
2019-02-22,1.0,1.02696941013289,0.9369796213879602
2019-02-25,0.9995,1.14210579431012,0.9927067140818977
2019-02-26,0.9594452760504764,1.1026574039010582,0.9807845872106642
2019-02-27,0.9819481163498616,1.1320578943801116,0.9791076638061369
2019-02-28,0.9852903111773035,1.119177163944518,0.9767067353761631
2019-03-01,1.0655182655285842,1.1709641668256883,0.9980915014586572
2019-03-04,1.0701895440206068,1.1811298931569147,1.0099071570026192
2019-03-05,1.0599041222875443,1.1714569833219954,1.0157391239539193
2019-03-06,1.0644514670059724,1.1790588622041336,1.0242781244010988
2019-03-07,1.0193748426656881,1.1504042463106907,1.013833287195758
2019-03-08,0.9688734029322196,1.0803039213317047,0.9735684930048337
2019-03-11,0.9657450859447212,1.087422322689023,0.9928318178914417
2019-03-12,0.9710287088182354,1.0939926964143256,0.9995927471731862
2019-03-13,0.9844660833124009,1.096286408934163,0.9912986307787313
2019-03-14,0.9944983572224764,1.0912628942360003,0.9844578480015331
2019-03-15,1.0086865325604977,1.0981504884833244,0.9968404633632163
2019-03-18,1.0418959262715939,1.1274005507306497,1.0252523370456337
2019-03-19,1.0306254140360815,1.1194709691741855,1.0205170247652307
2019-03-20,1.0315978366132463,1.1166839595436655,1.0209109686761355
2019-03-21,1.0162112446194336,1.1050387652331297,1.021296927237495
2019-03-22,1.0131600016825342,1.0997156719931669,1.020474436234322
2019-03-25,0.9570237063767879,1.0549197912916877,0.9962601946295861
2019-03-26,0.9628297603292113,1.0501445114806494,0.9849768957219821
2019-03-27,0.9914222224563485,1.064279321877621,0.9964092544877664
2019-03-28,0.9844960106179936,1.05268157503253,0.9924192414982645
2019-03-29,1.0501518626030228,1.0998931332634339,1.0307329486169374
2019-04-01,1.0815472756485187,1.129747690767465,1.0577740039607333
2019-04-02,1.1000426124828961,1.1321946559064187,1.057071293200741
2019-04-03,1.114658550513742,1.1427161137502,1.0706117842465024
2019-04-04,1.1516136708905986,1.174117752066069,1.0812775494559315
2019-04-08,1.1667650330825172,1.1829809714525463,1.079946657865037
2019-04-09,1.13791720598334,1.1668396880936152,1.084791103255893
2019-04-10,1.1350766363586589,1.157419132466468,1.0875646813313173
2019-04-11,1.1176814184409156,1.14309215779091,1.0640691211856645
2019-04-12,1.1130911325152792,1.1441096564749882,1.0616841634547816
2019-04-15,1.1289109817597747,1.1565305095704035,1.0581972274866378
2019-04-16,1.2272395003169203,1.231662851734626,1.0875487106322268
2019-04-17,1.2076289016648254,1.2264145522632979,1.087934669193586
2019-04-18,1.1952023115313333,1.2097073746991371,1.0838994058899938
2019-04-19,1.2230163189361951,1.2227437368695468,1.0968170396712165
2019-04-22,1.15200339259894,1.1717365906155393,1.0715300994442196
2019-04-23,1.158013912939376,1.1717831954773998,1.069773322544239
2019-04-24,1.180304204870192,1.174169604589512,1.0727225783096612
2019-04-25,1.1583578121240288,1.1577226266593756,1.0492270181640084
2019-04-26,1.1184780687317377,1.1314415873909054,1.0352393475437065
2019-04-29,1.1619723039794179,1.1622603208614073,1.0381832797427653
2019-04-30,1.15399820962816,1.172798797691095,1.0416116564809097
2019-05-06,1.0916257800776645,1.1195655177193033,0.9807659547283916
2019-05-07,1.0846165768133662,1.1167499201301134,0.9903616830987415
2019-05-08,1.0462396944462868,1.0874602703755412,0.9761983347884414
2019-05-09,0.9988470940390851,1.0548623803991752,0.9581620919486381
2019-05-10,1.0524927249645895,1.0884669738377026,0.9929649070505312
2019-05-13,1.014840793254846,1.0626191160249894,0.9765363812525286
2019-05-14,1.0177099187347884,1.0544585168096337,0.9702598965098699
2019-05-15,1.064169474190205,1.0799686513563094,0.9920705479014501
2019-05-16,1.0620225707803348,1.0805335265023146,0.9965609761291284
2019-05-17,1.0328205716043497,1.0601444014083656,0.9712208002384958
2019-05-20,1.027551255103432,1.0687015123125747,0.9629772577244947
2019-05-21,1.0441308836007828,1.0771785730844161,0.9760173335320799
2019-05-22,1.0321060643327469,1.07094118135868,0.9713858307957667
2019-05-23,1.020237398221066,1.062059265898546,0.9539724452205021
2019-05-24,1.0324012899002868,1.07064837263386,0.9566209194863823
2019-05-27,1.0353566371041998,1.0756589763563764,0.9681437788803474
2019-05-28,1.045151874919755,1.08462391710159,0.9774759907157002
2019-05-29,1.0430686221791914,1.0692830018551407,0.9752534017589063
2019-05-30,1.0438730866417698,1.0712207978605843,0.9692031685866995
2019-05-31,1.042427279042543,1.0634946251115074,0.9661713975426417
2019-06-03,1.0454880298232274,1.0730019150084305,0.966762313408999
2019-06-04,1.0395623164188983,1.0750644979340078,0.957834692617278
2019-06-05,1.0382663060509147,1.0834582012552045,0.9574726901045548
2019-06-06,1.0374542723374385,1.08289948908717,0.9488405272460125
2019-06-10,1.0511178281349212,1.1034475826374115,0.9611007005813333
2019-06-11,1.0618985238080998,1.1216640669178435,0.9899916952364728
2019-06-12,1.0605000621876326,1.1168064778122866,0.9824907902301909
2019-06-13,1.0592536980775251,1.1138531009715984,0.9809709120333894
2019-06-14,1.0608153281793644,1.1106630000104518,0.9728498115457507
2019-06-17,1.0647079427697774,1.1191334942100488,0.97283384084666
2019-06-18,1.071200064372032,1.1284741168857473,0.9762409233193501
2019-06-19,1.0831124688517895,1.144970822619903,0.9891026596537552
2019-06-20,1.1067233642820575,1.181241256424115,1.0190690147143373
2019-06-21,1.0968342277713787,1.1678657519309321,1.0205117011988671
2019-06-24,1.1004093381385458,1.1712422152826338,1.0224627882711186
2019-06-25,1.0520070517696531,1.1426537567924133,1.0118263026766892
2019-06-26,1.045174398385086,1.1402305432837354,1.0099683780158002
2019-06-27,1.0782296595767924,1.1526074557015793,1.0207459381188646
2019-06-28,1.0718696869569584,1.148698085101176,1.0182891122420732
2019-07-01,1.1002995890718288,1.1670597353877683,1.047627286471753
2019-07-02,1.0984039149121716,1.1686099256438416,1.0479892889844764
2019-07-03,1.0834264842452719,1.1672878810056888,1.0363732671791486
2019-07-04,1.0804357563436957,1.165887817628759,1.0309352441387534
2019-07-05,1.0835337817660564,1.164350149230434,1.0362854283341496
2019-07-08,1.0436790531937044,1.1349571872140596,1.012220246587594
2019-07-09,1.0405436405708488,1.1292848159815052,1.0096489640339856
2019-07-10,1.0337824464419658,1.1230100276053274,1.0079480845808222
2019-07-11,1.047336406604225,1.128382368382985,1.0075434935371903
2019-07-12,1.0854068930155412,1.1488310259221322,1.0138013457975767
2019-07-15,1.0835786723787948,1.14655324917577,1.0179164625966226
2019-07-16,1.071825578351329,1.147698075609785,1.0132982687762186
2019-07-17,1.064846593139541,1.1389084740773887,1.0127126764762249
2019-07-18,1.066812125834003,1.137165048559656,1.003066374225421
2019-07-19,1.103332469645702,1.1538750783919163,1.013596388492579
2019-07-22,1.0974350824719123,1.1505494042800766,1.006601222290837
2019-07-23,1.096559554322026,1.155916228732609,1.0087918698494496
2019-07-24,1.1108097211413221,1.164537483041662,1.0167559251293625
2019-07-25,1.1525045714109017,1.185901382690602,1.025071335789272
2019-07-26,1.1498113613976684,1.1850081854278458,1.0270676731756139
2019-07-29,1.1450342932014195,1.1881528080711314,1.0259231064074443
2019-07-30,1.156454107846532,1.1967293967812163,1.0301952684142162
2019-07-31,1.1338431771029867,1.1851183214422347,1.0208896744106812
2019-08-01,1.1189885279153504,1.1715498635852157,1.0124012478439555
2019-08-02,1.098030628871603,1.150768347007135,0.997487276676391
2019-08-05,1.0634361450168368,1.1192137189052465,0.978388982347054
2019-08-06,1.0541636104920817,1.0987613230753088,0.9679122037435318
2019-08-07,1.0573365757706326,1.0929807799411413,0.963946146802666
2019-08-08,1.1105354955559268,1.1197766215928755,0.9766854411107089
2019-08-09,1.1060831240157056,1.120230765107888,0.967166904452631
2019-08-12,1.1389344931812586,1.1372537627114536,0.9846202167756223
2019-08-13,1.1084824538416216,1.1200008828397352,0.9757431698643555
2019-08-14,1.101718359446455,1.1184896075724253,0.9801750388620345
2019-08-15,1.0996507811157876,1.1176042847342884,0.9832627073529099
2019-08-16,1.0990651505769944,1.111945613004736,0.9876652967355891
2019-08-19,1.105345509331007,1.1194464174807286,1.0091059602649006
2019-08-20,1.1079471593822343,1.1137621624406442,1.0082116011158195
2019-08-21,1.0934221182137234,1.1100594106771446,1.0066225165562914
2019-08-22,1.0873427744391528,1.1047613946580177,1.0097501117948937
2019-08-23,1.1123360100337256,1.118165129364019,1.017030088797087
2019-08-26,1.0806233106710936,1.0937368454213676,1.0024035902131556
2019-08-27,1.0786509306089485,1.1016660681448052,1.0159893315730073
2019-08-28,1.073498464086808,1.093056160020617,1.0121643491407764
2019-08-29,1.060173570564052,1.0879982372193366,1.0088663997785396
2019-08-30,1.066675741121777,1.0879767709836814,1.0113684759694215
2019-09-02,1.0767213313774797,1.0969771646958126,1.02433934541428
2019-09-03,1.0690762495398147,1.0967404551636053,1.0257474287174464
2019-09-04,1.085172223146632,1.1232244838992878,1.0343689444432613
2019-09-05,1.0993610136353562,1.14406955974831,1.0448350759140563
2019-09-06,1.1122263348161774,1.1552420229419267,1.0510077511126255
2019-09-09,1.102535484848473,1.1511568966340173,1.057513149208918
2019-09-10,1.0904763971957616,1.1466893097209323,1.0538718298162304
2019-09-11,1.091566570101599,1.1605857032944058,1.0461074082749515
2019-09-12,1.0990287198844841,1.16701691437195,1.057361427567556
2019-09-16,1.087414687237739,1.1594855633671746,1.0534592534230531
2019-09-17,1.0770533779296076,1.1380436594394978,1.0357583952641554
2019-09-18,1.0899597695746552,1.1385610852324195,1.0407785183450096
2019-09-19,1.105206594508109,1.1434935934855117,1.044584868294968
2019-09-20,1.1182252472715069,1.1502159883236711,1.0475846979408445
2019-09-23,1.1055613940073132,1.1352078276855389,1.035609335405975
2019-09-24,1.0968967362149302,1.1314791058580518,1.0383829134813993
2019-09-25,1.1204544826275011,1.139517834221768,1.030370946104214
2019-09-26,1.1486004782437136,1.1612544856585012,1.0224281850897552
2019-09-27,1.1417362026366016,1.1598507608348818,1.0254918975319947
2019-09-30,1.1190434615254838,1.1452378109652919,1.0153451800430144
2019-10-08,1.1604306784854195,1.168132806917961,1.0215072081088563
2019-10-09,1.1850429853378752,1.1865973464221296,1.022987159557931
2019-10-10,1.1874533927541482,1.1861597382911293,1.031345158748749
2019-10-11,1.2324691812028021,1.2176413174796201,1.0412177125700048
2019-10-14,1.3050494884946844,1.256248679363974,1.0522667745576115
2019-10-15,1.3129991749961822,1.2612295816585584,1.047744404931752
2019-10-16,1.291499710278821,1.2525893691880317,1.0441350269372458
2019-10-17,1.2846537567585874,1.2482190655098393,1.0448084580822383
2019-10-18,1.251758658401442,1.2235183872833082,1.029945060795128
2019-10-21,1.2782042649228431,1.24561808469038,1.0329954643214583
2019-10-22,1.2621550832786637,1.2412358051240773,1.036998786226869
2019-10-23,1.2601299311843766,1.2431474372107765,1.0303975639360319
2019-10-24,1.2881249542088633,1.2611643889006672,1.0302884308255786
2019-10-25,1.2777104213580819,1.258232292424891,1.0372410084964119
2019-10-28,1.2598100870618785,1.2508484431529168,1.0451731223781435
2019-10-29,1.27041915915535,1.2468559163932398,1.0408184450927365
2019-10-30,1.2535391351087275,1.2472869051319277,1.0357610570473372
2019-10-31,1.2240822967811753,1.2363532384435152,1.0345685781818956
2019-11-01,1.2739002306871734,1.2698225980679787,1.0520405229871594
2019-11-04,1.2805574040069494,1.2781464413284,1.058889291113903
2019-11-05,1.3137124553495163,1.2994889583189557,1.0654612337897404
2019-11-06,1.2923779678204503,1.3040200499490622,1.0606886565447924
2019-11-07,1.2754431041995133,1.2947971222536991,1.062549242988863
2019-11-08,1.254661962514119,1.271309984996239,1.0575291199080088
2019-11-11,1.215497706732439,1.2395364071040123,1.0388886522859393
2019-11-12,1.2135085210156418,1.2435671018043766,1.0390776388918463
2019-11-13,1.2130726343342424,1.236697659504359,1.0380901173314026
2019-11-14,1.2048700214957009,1.2271352069305137,1.0396552458422947
2019-11-15,1.1992535652404672,1.2275510108635126,1.0319972956282872
2019-11-18,1.2212288504780955,1.2463925319163756,1.040206234960925
2019-11-19,1.2152225606093854,1.2456610018433834,1.0506164689849022
2019-11-20,1.1691152236787814,1.2145518905481,1.0401876024786525
2019-11-21,1.1680890088675646,1.2124948121091863,1.0353271863887055
2019-11-22,1.1490059926596101,1.205631604025322,1.0247838632056385
2019-11-25,1.173619415102866,1.2291394585810063,1.0322954153446477
2019-11-26,1.1713006261795225,1.2248629464131215,1.0358728519409723
2019-11-27,1.152385652923596,1.222817633670163,1.0316060135005642
2019-11-28,1.144775109413506,1.214624487290903,1.0280605183024212
2019-11-29,1.1328716809038675,1.203873394723373,1.0191089414620642
2019-12-02,1.1450294600148088,1.2074426181167104,1.0210759992334064
2019-12-03,1.149169033508904,1.210795279484298,1.0250766593556355
2019-12-04,1.1312661225995826,1.1993354752442866,1.0247386128915483
2019-12-05,1.1455894580029042,1.2091011386177475,1.0326015204105534
2019-12-06,1.1502564674423006,1.2095375545879543,1.0387316070782138
2019-12-09,1.148271551000093,1.2077026859652442,1.036884329550052
2019-12-10,1.1445130637388001,1.2024735207469543,1.0381965886586741
2019-12-11,1.1833819069137412,1.2214403796420499,1.0388274312727581
2019-12-12,1.1781377066625704,1.217742798022702,1.0357051596005196
2019-12-13,1.2190115770929368,1.2512336396958734,1.0562541257639317
2019-12-16,1.2244673828178436,1.247848705266408,1.0613993526543302
2019-12-17,1.2551933559727066,1.272535176026299,1.0758395264155363
2019-12-18,1.248460652934221,1.2737058303524313,1.0734385979855625
2019-12-19,1.2505043971975465,1.2765625221075783,1.0719400140542152
2019-12-20,1.243793615948132,1.2767217666467057,1.069304848704244
2019-12-23,1.2202270676713054,1.256543551426552,1.0559560060475712
2019-12-24,1.2287067005912715,1.262760150251824,1.0628393773556781
2019-12-25,1.2201594171197494,1.2545433493030926,1.0622830646706842
2019-12-26,1.2402266275350786,1.2696309726200625,1.0716312472051275
2019-12-27,1.2421699497256138,1.272690226959119,1.0705771810651392
2019-12-30,1.2373753618649497,1.2715393932503352,1.0864414088286025
2019-12-31,1.2371282255141132,1.2690319342777405,1.0904207746853771
2020-01-02,1.26773840755534,1.2970509734150586,1.1052362598752155
2020-01-03,1.2744643428467797,1.3011564346924356,1.1032984817188731
2020-01-06,1.259596667109433,1.2865071522982034,1.0991301292561912
2020-01-07,1.272282322968225,1.2962480130266396,1.107363024637465
2020-01-08,1.2399129561084978,1.2679513150033226,1.0946104214135133
2020-01-09,1.2514549298661253,1.2755762520768834,1.1084650028747258
2020-01-10,1.249780590411824,1.2758562258785593,1.108148250676093
2020-01-13,1.2722146272628077,1.284157825417532,1.1190109878409744
2020-01-14,1.2634321410155656,1.2822848593337368,1.115257873554652
2020-01-15,1.2506710882014567,1.2653842290183637,1.109093183705628
2020-01-16,1.2371574782865158,1.249775425113149,1.1043844892570431
2020-01-17,1.230701444788003,1.2492144323240109,1.1059309852856627
2020-01-20,1.2450658091831592,1.2575497474215915,1.1141771895828454
2020-01-21,1.2133776541614985,1.232362088795128,1.0951401162666894
2020-01-22,1.2139803276547894,1.2311795130059777,1.099830178233002
2020-01-23,1.1663406979069633,1.1887171927050137,1.0657513681565554
2020-02-03,1.044503735588563,1.0700293133591376,0.9817614616383807
2020-02-04,1.0851134460350076,1.107874423288928,1.0076552884308254
2020-02-05,1.081525461136788,1.1079157262460202,1.0190716764975192
2020-02-06,1.0957806708287166,1.117722781867053,1.038036881667767
2020-02-07,1.0828105286497005,1.109800554119194,1.038060837716403
2020-02-10,1.0756118427760732,1.1030691869381632,1.0423569557718106
2020-02-11,1.0937184686807033,1.1206642847434893,1.052059155469432
2020-02-12,1.0928943694801327,1.1223366983222316,1.060568876301612
2020-02-13,1.0767958533314985,1.1082402586942657,1.0540448457230467
2020-02-14,1.0980329868177192,1.122604680506322,1.0614472647516024
2020-02-17,1.1361391272905532,1.153599401452649,1.0853207981090691
2020-02-18,1.1170281589246545,1.1375439367522258,1.080021187794127
2020-02-19,1.112240310906707,1.1384766630129795,1.0783708822214177
2020-02-20,1.1404155501788036,1.158784149013145,1.1032186282234193
2020-02-21,1.1385879611560812,1.1535053194741187,1.1045042695002234
2020-02-24,1.13308753622296,1.1343368128049618,1.1000724005025446
2020-02-25,1.129384635777787,1.117203461702677,1.0976794574221163
2020-02-26,1.134975648826192,1.1242305521356686,1.084149613509082
2020-02-27,1.1386666265459517,1.1305940972867965,1.087306488362684
2020-02-28,1.1258314149745803,1.0876049766283271,1.0487558825408319
2020-03-02,1.1352133434327016,1.1163168198293496,1.0832579161431826
2020-03-03,1.1389050941430519,1.1211936735681356,1.0890313238644833
2020-03-04,1.1407390798018973,1.1238213777353723,1.0953370882221418
2020-03-05,1.1462234023009448,1.1636672596044597,1.1197403164327846
2020-03-06,1.1407910639014143,1.137732359805958,1.1015816315666191
2020-03-09,1.1298219190562084,1.0937133139542499,1.0639493409424843
2020-03-10,1.133550704267615,1.1114252402838147,1.0867342049785993
2020-03-11,1.133550704267615,1.0987508044630596,1.072280722301484
2020-03-12,1.131698497234498,1.0913220264809813,1.0516465790762548
2020-03-13,1.127981917604828,1.0742732808325803,1.036847064585507
2020-03-16,1.1242406840472665,1.0333144689015177,0.9922701816400843
2020-03-17,1.1280069844963359,1.032455558214135,0.9874363833819552
2020-03-18,1.116783034401845,0.9985538243442008,0.9678935712612594
2020-03-19,1.108960780583962,0.95587427259509,0.95533793999276
2020-03-20,1.108960780583962,0.986216134039747,0.9724079555375736
2020-03-23,1.108960780583962,0.9493989279867928,0.9396919784502034
2020-03-24,1.108960780583962,0.9859261984505906,0.9649256830135644
2020-03-25,1.108960780583962,1.0079089138292714,0.9908541129873725
2020-03-26,1.108960780583962,1.0169858408215848,0.9843407295415345
2020-03-27,1.108960780583962,1.0266403806131097,0.9875375311428631
2020-03-30,1.108960780583962,1.024611043201749,0.9779684206043313
2020-03-31,1.108960780583962,1.0036747053383805,0.9811758693383871
2020-04-01,1.108960780583962,1.0034898328235733,0.9782266135729647
2020-04-02,1.108960780583962,1.014609032478267,0.9940509145887013
2020-04-03,1.108960780583962,1.0044673780827786,0.9883786546283085
2020-04-07,1.108960780583962,1.0210047054486981,1.0109505760098805
2020-04-08,1.108960780583962,1.0117900863230784,1.0062445433444773
2020-04-09,1.108960780583962,1.010667613523321,1.0095637869721683
2020-04-10,1.108960780583962,1.0098641419945715,1.0032739933136006
2020-04-13,1.108960780583962,1.0001280250065372,0.9990364344881923
2020-04-14,1.108960780583962,1.015985262454188,1.0183183918570728
2020-04-15,1.108960780583962,1.010046085448389,1.0107748983198825
2020-04-16,1.108960780583962,1.0075372127750326,1.0121111134771406
2020-04-17,1.108960780583962,1.0181223511954351,1.0219889908647601
2020-04-20,1.108960780583962,1.0091443602935184,1.0257075019697195
2020-04-21,1.108960780583962,1.0031412437645268,1.013620344541215
2020-04-22,1.108960780583962,1.0033671809133058,1.0219597112497605
2020-04-23,1.108960780583962,0.9949498062279897,1.0193964140456975
2020-04-24,1.108960780583962,0.9882401482022545,1.0106710887757926
2020-04-27,1.108960780583962,1.0127529017212142,1.0175384893848087
2020-04-28,1.108960780583962,1.0192733460657564,1.0245602734183685
2020-04-29,1.108960780583962,1.0571812005366585,1.0293195417474075
2020-04-30,1.108960780583962,1.0672813992838588,1.041443964140457
2020-05-06,1.108960780583962,1.0506354540664582,1.047744404931752
2020-05-07,1.108960780583962,1.0403312742355397,1.0447206192372394
2020-05-08,1.108960780583962,1.056803123328816,1.0550297055003086
2020-05-11,1.108960780583962,1.059698595146638,1.0541140520857732
2020-05-12,1.108960780583962,1.0483347871164463,1.054130022784864
2020-05-13,1.108960780583962,1.0503342920039216,1.0562621111134771
2020-05-14,1.108960780583962,1.0353063891409018,1.0448084580822383
2020-05-15,1.108960780583962,1.0345518753003469,1.04150784693682
2020-05-18,1.108960780583962,1.0394483964650347,1.0441935861672451
2020-05-19,1.108960780583962,1.0490370933048148,1.0530679712953301
2020-05-20,1.1087759537871982,1.0540474340226826,1.0474702412640275
2020-05-21,1.1168840046375617,1.0497252148225542,1.0417660399054534
2020-05-22,1.1108899938792205,1.0233494966215928,1.0178818594152594
2020-05-25,1.1061771272385208,1.0283683714799998,1.0192819573688805
2020-05-26,1.1068561801097538,1.0297934909217517,1.0308474052937544
2020-05-27,1.1190641526844938,1.0421642205509503,1.0236180021720152
2020-05-28,1.127692761216462,1.061658372386443,1.0265512872383467
2020-05-29,1.1322689057547317,1.0535406494859048,1.0293168799642256
2020-06-01,1.1355113711205815,1.071372917132573,1.05708460211665
2020-06-02,1.1335769394832382,1.0790389130909126,1.0603399629479782
2020-06-03,1.1316358830800135,1.0788741105176198,1.0603612572134324
2020-06-04,1.1283896527785793,1.0735128389374677,1.059972636868891
2020-06-05,1.1264306429647277,1.0763096697554078,1.0650459956133813
2020-06-08,1.1264306429647277,1.0754407564791033,1.0705558867996847
2020-06-09,1.123809512905473,1.0805599804154398,1.077231639019612
2020-06-10,1.1178843309393633,1.0688101386836037,1.0752832137305424
2020-06-11,1.1178843309393633,1.0528112427711733,1.0636166180447606
2020-06-12,1.119880552958898,1.0541297470600277,1.0655331019356487
2020-06-15,1.1046305513496295,1.0287386380643528,1.0527325866144246
2020-06-16,1.1141767412995647,1.0445026907909234,1.0685914908115244
2020-06-17,1.1292241607551665,1.0479589194298393,1.0693953493324249
2020-06-18,1.1151774652815543,1.0419658086641828,1.076526266476438
2020-06-19,1.1190855335561682,1.048529342956578,1.0909877345030983
2020-06-22,1.096731812262942,1.0405224002221052,1.0918767700858159
2020-06-23,1.087320027382435,1.032083960068435,1.0971311300866675
2020-06-24,1.1209040923604645,1.0507157570911134,1.1017093971593448
2020-06-29,1.1097391998204227,1.0455848683901399,1.0939183577862481
2020-06-30,1.1105890776978462,1.0482853153894063,1.1083558697642724
2020-07-01,1.1428657497464403,1.079993992834926,1.130666936394029
2020-07-02,1.1863586347039263,1.1180295286723723,1.1541065990928643
2020-07-03,1.2270103952942857,1.1572687233139274,1.1764016950235303
2020-07-06,1.4024843452087141,1.3143184498461715,1.2430767019441664
2020-07-07,1.3998123154534932,1.3028600358868843,1.2505403419859031
2020-07-08,1.4091401115223656,1.3118854224160528,1.2707352909861374
2020-07-09,1.3756690777955507,1.2854617892180267,1.2885080172909436
2020-07-10,1.2986570301238853,1.2183483697446298,1.2651801494857435
2020-07-13,1.306395536882605,1.2190276332582544,1.2917527309895445
2020-07-14,1.285268126457754,1.1960722937142565,1.279436660207406
2020-07-15,1.2516094501471966,1.1648436713955292,1.2628750452503141
2020-07-16,1.244178777000345,1.1539459692178973,1.2021278294755222
2020-07-17,1.2547671171967412,1.1546053983714946,1.2097006026277122
2020-07-20,1.3291427020725308,1.1983557898250248,1.245794382572773
2020-07-21,1.2984697170743051,1.181585204722423,1.2486531377100147
2020-07-22,1.2803148403913953,1.1747476040728224,1.254884372138583
2020-07-23,1.2484960994127314,1.1519308057074895,1.2543493537190433
2020-07-24,1.1944613585382582,1.112491918032877,1.199290368603735
2020-07-27,1.1910827756958955,1.1039558625530184,1.205375204957305
2020-07-28,1.1940985796239165,1.1084458497712086,1.2159717638040075
2020-07-29,1.224002469548607,1.1294929288686102,1.2454510125423224
2020-07-30,1.2005378663940183,1.1140328785592728,1.2393661761887522
2020-07-31,1.202961678244401,1.1126130175282314,1.2497205127659121
2020-08-03,1.2281954660864132,1.126202535951109,1.2700192713102363
2020-08-04,1.2911116316890068,1.162874003334558,1.2712144119588595
2020-08-05,1.2654997683006284,1.1418527701801326,1.2715631055556738
2020-08-06,1.292764408582639,1.1518368384653945,1.2677434466898065
2020-08-07,1.2754057174422888,1.137104405992985,1.2531488895040566
2020-08-10,1.3073216139652255,1.1517307984224472,1.2576579502140073
2020-08-11,1.3319735109379585,1.1565813254063582,1.246188326483678
2020-08-12,1.3427188844999607,1.1655553421311757,1.23710099870105
2020-08-13,1.3473652778757725,1.1619213100567385,1.2339254913651754
2020-08-14,1.407881781887635,1.1855510851672584,1.2522705010540662
2020-08-17,1.494644094725307,1.2333975485925643,1.281709823044654
2020-08-18,1.4532731901434137,1.2123526211674645,1.2810523625987522
2020-08-19,1.4219314978731568,1.195530780125039,1.261866229424416
2020-08-20,1.3834003216764008,1.1743149159776236,1.2454882775068672
2020-08-21,1.3936415535328144,1.177237968649146,1.2560528949553884
2020-08-24,1.3765341559222495,1.1699272822010414,1.2659041545111902
2020-08-25,1.3854832851316725,1.17299022931637,1.2675278422520815
2020-08-26,1.3568065045890192,1.1574819414072406,1.2526697685313346
2020-08-27,1.3626658851507574,1.1573518119747885,1.2593827857158069
2020-08-28,1.4584104740926767,1.1924988842393907,1.28943964140457
2020-08-31,1.4569110726729249,1.188213308595082,1.2819733395796513
2020-09-01,1.4467572935041975,1.185997303396808,1.288867358020485
2020-09-02,1.4181279164652358,1.173595862066835,1.2893384936436618
2020-09-03,1.4152560901788276,1.1659320015402193,1.2822075764996488
2020-09-04,1.4071063265397525,1.159619524959403,1.2697291369434212
2020-09-07,1.3818888015423827,1.1510577500203818,1.2428850535550775
2020-09-08,1.451924686218985,1.182472847833328,1.2495448350759142
2020-09-09,1.436542471509602,1.1717989351570977,1.2203184557398692
2020-09-10,1.4271570448614306,1.1649480088730604,1.2196237303294222
2020-09-11,1.4064448173069946,1.1573699791221768,1.231681608142927
2020-09-14,1.4242503669528352,1.1614668523369758,1.23800866676604
2020-09-15,1.4309326753231617,1.1604068492107515,1.2479717212154766
2020-09-16,1.4460708848682415,1.166847349675548,1.2396882519537487
2020-09-17,1.434768544787159,1.160996623227394,1.2331269564106386
2020-09-18,1.499038081297941,1.1928807111293784,1.2609106492621538
2020-09-21,1.475402050023597,1.1810314129317872,1.2487569472541045
2020-09-22,1.437004221233063,1.1630037266490583,1.2339388002810843
2020-09-23,1.4275440676694477,1.156405717929153,1.2383493750133088
2020-09-24,1.3864867231111173,1.1374195316853195,1.2145902983326589
2020-09-25,1.3881257032907774,1.134981047608228,1.2164402376440024
2020-09-28,1.3988584996022837,1.1460155275580126,1.2196050978471498
2020-09-29,1.3525466833140616,1.1279075412721369,1.2222376014139393
2020-09-30,1.3557899259004522,1.131700894934758,1.2210664168139518
2020-10-09,1.3562761913737904,1.1335798610564503,1.2460179723600435
2020-10-12,1.425517005286382,1.172709424671128,1.2838206171078128
2020-10-13,1.4446182100607574,1.173202164146773,1.2880901173314026
2020-10-14,1.455864617573916,1.1747417332941346,1.2795457933178596
2020-10-15,1.5257050496224447,1.1968443771052195,1.2773205425778837
2020-10-16,1.5676590305012161,1.2251350561355345,1.2754413236515407
2020-10-19,1.5972726525323364,1.2363826652805499,1.2658083303166456
2020-10-20,1.6056157906662674,1.2261709711913311,1.275917782841081
2020-10-21,1.6499830656975774,1.2542906015668362,1.2757474287174464
2020-10-22,1.6234916910197248,1.2483744836062498,1.2717946806924894
2020-10-23,1.6492666299375913,1.2591369451528476,1.2559597325440257
2020-10-26,1.600123910199051,1.232825773459004,1.2487063733736503
2020-10-27,1.60444950415101,1.2265914827687694,1.2508464470518088
2020-10-28,1.5894654951346885,1.210671131249783,1.260958561359426
2020-10-29,1.6037716394032215,1.2092124074773396,1.270447818402504
2020-10-30,1.5777186691201737,1.2005569750171825,1.2497950426950022
2020-11-02,1.608680613144268,1.202585691508796,1.2565825898085645
2020-11-03,1.6378061426024502,1.21762219843566,1.2716828857988545
2020-11-04,1.7034010685116132,1.2371729398090472,1.2812919230851132
2020-11-05,1.6604443766863066,1.2313300906200035,1.3003103639189966
2020-11-06,1.6352420619584,1.2289176321031818,1.3004727326930858
2020-11-09,1.6534621740224136,1.2383083978728022,1.3259273652605355
2020-11-10,1.6605244096957217,1.246906217459544,1.3186154468601605
2020-11-11,1.668554529861024,1.2623760546646041,1.3055780328357571
2020-11-12,1.6487762472360061,1.246658627969225,1.3065256276484742
2020-11-13,1.597346066284684,1.2149376719010878,1.2927881646472605
2020-11-16,1.6258454286822512,1.2244845306755636,1.3053837226634868
2020-11-17,1.6781538987778177,1.242085386330444,1.3028869700389685
2020-11-18,1.7373097726901108,1.2811563748912043,1.3020564936862502
2020-11-19,1.8039768339023332,1.3015844697571186,1.3117240902025085
2020-11-20,1.799897662602662,1.2870778431849723,1.3157966184706458
2020-11-23,1.8524816722914679,1.3259311015214426,1.3322304678350119
2020-11-24,1.8239479953447215,1.3172203310462365,1.3240481463341922
2020-11-25,1.792996790434525,1.303607049411809,1.307121867081195
2020-11-26,1.8236964918887961,1.3278997688570366,1.3094881923298056
2020-11-27,1.872807673326542,1.3770681046868913,1.3257729818359916
2020-11-30,1.845640403642965,1.3622284869309698,1.3203110027469602
2020-12-01,1.8932915521759208,1.4059365843504508,1.3487521560443774
2020-12-02,1.8712034509444098,1.3913710785749196,1.3487628031771044
2020-12-03,1.8510743818330995,1.3831866802653274,1.3460797257298611
2020-12-04,1.8296228544899837,1.3645932605297506,1.348438065628926
2020-12-07,1.775172988559252,1.327148160182103,1.336811396690871
2020-12-08,1.7656369265150385,1.3125405441485318,1.3335214326781797
2020-12-09,1.7792397390663652,1.3157821629890976,1.3156395732629202
2020-12-10,1.764506481053371,1.3006507287358313,1.3150593045292904
2020-12-11,1.7391008830621837,1.2806556447667763,1.3015134899171652
2020-12-14,1.7971608440653961,1.299557249934462,1.313547411682034
2020-12-15,1.7630850383681214,1.2801996510983606,1.3162784012265498
2020-12-16,1.783779939961813,1.2837537920898108,1.3186127850769787
2020-12-17,1.8013669385304272,1.2933553621687308,1.3355443878963393
2020-12-18,1.7524988737968168,1.2740467935295363,1.3308836055450268
2020-12-21,1.7384815660261363,1.2687964619685022,1.3433593833180724
2020-12-22,1.6975294796062441,1.240802711296415,1.321514128745129
2020-12-23,1.7006349438347235,1.2444183506926256,1.332786780520006
2020-12-24,1.7542625727221823,1.2551384932648721,1.3308969144609357
2020-12-25,1.7596745266860117,1.2592014636560758,1.3420737420412683
2020-12-28,1.8100407535884226,1.2677748338357155,1.3480361363684759
2020-12-29,1.8144137648134364,1.2686035484252034,1.3423212878771746
2020-12-30,1.83089838660713,1.2714571344021328,1.3611587274546963
2020-12-31,1.8373627298085877,1.2864050675932015,1.3871324077425948
2021-01-04,1.7133853368930454,1.2573636808798851,1.4021528502374312
2021-01-05,1.637716445143847,1.2356367860627109,1.428978301143502
2021-01-06,1.7487900593775982,1.2701816389755753,1.4420662890483593
2021-01-07,1.780112125187009,1.2853901482906123,1.4676167458103533
2021-01-08,1.8037881258541404,1.2927451557179521,1.4627643150699516
2021-01-11,1.8577460546127906,1.3044529712843156,1.4483188177423818
2021-01-12,1.903820228420412,1.323309215063368,1.4896270309405677
2021-01-13,1.9027194247976467,1.3325464382147187,1.4847346734524394
2021-01-14,1.8697324736393355,1.3311694434173336,1.456117842465024
2021-01-15,1.9523462936874652,1.3720438450163837,1.4528225548859692
2021-01-18,2.049781140547739,1.403738347351993,1.468910372436703
2021-01-19,2.009776525840843,1.4095080444820838,1.4473499286642109
2021-01-20,1.9897381086973511,1.382527914441253,1.4577069270245524
2021-01-21,1.9899823624145738,1.3839953147166892,1.4812743553161134
2021-01-22,1.9465579157046928,1.3509493200168745,1.4825546730265537
2021-01-25,1.9610079017277393,1.3534677901949819,1.4974979238091182
2021-01-26,1.9493110597339043,1.3503002923922582,1.4674330827708097
2021-01-27,2.002963205010998,1.3700108215030196,1.4714337428930389
2021-01-28,1.9688821490385928,1.3528677425395004,1.4312780818125679
2021-01-29,1.9788865209560902,1.3635404152203987,1.4245757117608229
2021-02-01,2.0481758000341337,1.397119907449676,1.4420609654819956
2021-02-02,2.039271288020256,1.3774817663415715,1.4642708843508443
2021-02-03,2.1556349157152335,1.401577450593606,1.4600413108749812
2021-02-04,2.166624745790278,1.4039689968095634,1.4570468047954686
2021-02-05,2.2335760213350615,1.4660751556962204,1.459564851685441
2021-02-08,2.24534481791687,1.4649536287352214,1.4811652222056602
2021-02-09,2.242402873122826,1.4596030998590204,1.513556461744852
2021-02-10,2.217115079962207,1.4671330867569186,1.5458891420540448
2021-02-18,2.281371782267902,1.4886346396111747,1.5354176870168863
2021-02-19,2.2268505064348476,1.4857563644743854,1.5382019122250379
2021-02-22,2.088713837027877,1.468014287279402,1.489887885692383
2021-02-23,2.102865687752907,1.4745052034223027,1.4851871765933433
2021-02-24,2.0757329291301327,1.444976274259828,1.4473632375801195
2021-02-25,2.1022279451472996,1.477006485256692,1.4558782819786633
2021-02-26,1.9894855060506955,1.4282624632084784,1.4205298013245033
2021-03-01,2.035165746845584,1.430519017791066,1.4423617469815377
2021-03-02,2.0556905826204295,1.4159909872725907,1.423955516279466
2021-03-03,2.20292576232018,1.4923633020927454,1.451260088158259
2021-03-04,2.160385141933344,1.483388393378588,1.405610506590575
2021-03-05,2.095472854629247,1.4791364231665554,1.4008432529119907
2021-03-08,2.0170584970385663,1.452953601491007,1.3521911799152488
2021-03-09,1.9310868687936162,1.421602764726574,1.3231724196673835
2021-03-10,1.878041102287884,1.412607015029574,1.3318524946231978
2021-03-11,1.994577892511837,1.459973208637422,1.3650209748514726
2021-03-12,2.023704162566715,1.4746593511645008,1.3698547731096016
2021-03-15,2.028314519017858,1.4909470271208118,1.3403515683226506
2021-03-16,2.075874093279907,1.5077401822766443,1.3520155022252507
2021-03-17,2.075874093279907,1.4808773738954666,1.3577383360660973
2021-03-18,2.075874093279907,1.4847836853120506,1.3686276910627968
2021-03-19,2.075874093279907,1.430338293420081,1.3327787951704606
2021-03-22,2.075874093279907,1.4645566980017208,1.3461036817784968
2021-03-23,2.075874093279907,1.456717980723345,1.333353740337727
2021-03-24,2.075874093279907,1.4318439799806613,1.3119104150252336
2021-03-25,2.075874093279907,1.420313158462544,1.311287557760695
2021-03-26,2.075874093279907,1.4325860448804073,1.341003705202189
2021-03-29,2.075874093279907,1.4439320091210932,1.3433700304507996
2021-03-30,2.075874093279907,1.4600042565616793,1.3561066629756604
2021-03-31,2.075874093279907,1.466452112443653,1.3437639743617042
2021-04-01,2.075874093279907,1.457267243037268,1.3603788249824322
2021-04-02,2.075874093279907,1.432670055414428,1.3738953599795576
2021-04-06,2.075874093279907,1.4326872380922262,1.3682470560678008
2021-04-07,2.075874093279907,1.429344372522682,1.3585049296224525
2021-04-08,2.075874093279907,1.4266641251069334,1.360759459977428
2021-04-09,2.075874093279907,1.4187118591426633,1.340298332659015
2021-04-12,2.075874093279907,1.4195176993595884,1.3169837737697239
2021-04-13,2.075874093279907,1.418268297427776,1.314825067609293
2021-04-14,2.075874093279907,1.39504041305459,1.3257357168714465
2021-04-15,2.075874093279907,1.3799000107569666,1.3173085113179022
2021-04-16,2.075874093279907,1.382454533413312,1.3218894401737613
2021-04-19,2.075874093279907,1.4029215372632209,1.3540544281425013
2021-04-20,2.075874093279907,1.4043807390172778,1.353082877281148
2021-04-21,2.075874093279907,1.4235551088649,1.357174038031558
2021-04-22,2.075874093279907,1.4066120155546704,1.3546453440088584
2021-04-23,2.075874093279907,1.4083207494976038,1.366945444091906
2021-04-26,2.075874093279907,1.3920203140271807,1.3514512041907114
2021-04-27,2.075874093279907,1.388923575130957,1.3549860522561274
2021-04-28,2.075874093279907,1.384886903741253,1.3626306935542258
2021-04-29,2.075874093279907,1.4072393862742578,1.3745900853900044
2021-04-30,2.075874093279907,1.3749802726508134,1.363761951406486
2021-05-06,2.075874093279907,1.38924818556569,1.3471604097016672
2021-05-07,2.075874093279907,1.406993839424114,1.3298401865377654
2021-05-10,2.075874093279907,1.394230218891,1.3288739592427758
2021-05-11,2.075874093279907,1.4024448413335378,1.337029662911778
2021-05-12,2.075874093279907,1.413791383043182,1.3427498349694427
2021-05-13,2.075874093279907,1.405321242859019,1.3290203573177743
2021-05-14,2.075874093279907,1.4256256788313664,1.3603282511019783
2021-05-17,2.075874093279907,1.4269856868055062,1.3801319179744893
2021-05-18,2.075874093279907,1.4199645303308381,1.3808266433849365
2021-05-19,2.075874093279907,1.4022130702442128,1.3767461297672539
2021-05-20,2.075874093279907,1.4164478277940096,1.3805098911863034
2021-05-21,2.075874093279907,1.3948559329353825,1.3665994122782734
2021-05-24,2.075874093279907,1.3959444459174104,1.3723062754200295
2021-05-25,2.075874093279907,1.4492899115920717,1.4156640616681926
2021-05-26,2.075874093279907,1.455581552297058,1.4162256979195502
2021-05-27,2.075874093279907,1.4449262495294823,1.4209210834522261
2021-05-28,2.075874093279907,1.4485343624597855,1.4163587870786398
2021-05-31,2.075874093279907,1.435420182198298,1.4191483358531547
2021-06-01,2.075874093279907,1.419635031733196,1.4218393986499436
2021-06-02,2.075874093279907,1.4227482938012987,1.4080753178169119
2021-06-03,2.075874093279907,1.4100497406304908,1.398844253742467
2021-06-04,2.075874093279907,1.4280254898223206,1.4060284065501159
2021-06-07,2.075874093279907,1.4228472854327598,1.404790677370584
2021-06-08,2.075874093279907,1.425381708877926,1.3926769021102616
2021-06-09,2.075874093279907,1.4176568303788886,1.3938294542279763
2021-06-10,2.075874093279907,1.4095259040511254,1.403151018930602
2021-06-11,2.075874093279907,1.3989169499494531,1.390701858989374
2021-06-15,2.075874093279907,1.3717005722689444,1.375226251570452
2021-06-16,2.075874093279907,1.3770394450382861,1.3523162837247928
2021-06-17,2.075874093279907,1.3701986318409827,1.3580124997338217
2021-06-18,2.075874093279907,1.3577875796467682,1.3581668831583655
2021-06-21,2.075874093279907,1.3468115371220732,1.3549514490747643
2021-06-22,2.075874093279907,1.3597404545017984,1.3634079342433083
2021-06-23,2.075874093279907,1.3581627132544087,1.3701236132109624
2021-06-24,2.075874093279907,1.3726248560623995,1.3724074231809373
2021-06-25,2.075874093279907,1.3863383462282657,1.3947664019079662
2021-06-28,2.075874093279907,1.3651671852492604,1.3979046442792955
2021-06-29,2.075874093279907,1.3546382512226989,1.3816092076403823
2021-06-30,2.075874093279907,1.3674697544142134,1.390526181299376
2021-07-01,2.075874093279907,1.3873072812364386,1.3920221034475415
2021-07-02,2.075874093279907,1.3594324948981698,1.3524839760652456
2021-07-05,2.075874093279907,1.3601012138217297,1.3537270288111412
2021-07-06,2.075874093279907,1.3750557485376131,1.3530110091352399
2021-07-07,2.075874093279907,1.3728417046574064,1.3682869828155277
2021-07-08,2.075874093279907,1.3387426624646925,1.3543844892570431
2021-07-09,2.075874093279907,1.3221545586985213,1.3493750133089157
2021-07-12,2.075874093279907,1.309290318706161,1.3662161155000958
2021-07-13,2.075874093279907,1.3146539054430786,1.368715529907796
2021-07-14,2.075874093279907,1.28653635182921,1.3530056855688763
2021-07-15,2.075874093279907,1.3177921185766828,1.3712069589659504
2021-07-16,2.075874093279907,1.3129996704582925,1.3561173101083879
2021-07-19,2.075874093279907,1.3122490179809418,1.361100168224697
2021-07-20,2.075874093279907,1.2979816530689239,1.359902365792892
2021-07-21,2.075874093279907,1.289856979441215,1.369231915845063
2021-07-22,2.075874093279907,1.299046947033101,1.3712841506782223
2021-07-23,2.075874093279907,1.2915016071670051,1.3546426822256765
2021-07-26,2.075874093279907,1.2505848156089314,1.3110080705266072
2021-07-27,2.075874093279907,1.211562681280726,1.2646957049466578
2021-07-28,2.075874093279907,1.223053290430568,1.2671365601243583
2021-07-29,2.075874093279907,1.2130257692829858,1.2910367113136434
2021-07-30,2.075874093279907,1.1962291592875365,1.2806291390728477
2021-08-02,2.075874093279907,1.2148653468855128,1.313254615532037
2021-08-03,2.075874093279907,1.2029456787482111,1.313446263921126
2021-08-04,2.075874093279907,1.1902976433694972,1.325261919465088
2021-08-05,2.075874093279907,1.1875902526644995,1.3172286578224484
2021-08-06,2.075874093279907,1.1918506752405764,1.3100125636166182
2021-08-09,2.075874093279907,1.2254801506393194,1.3270479759800686
2021-08-10,2.075874093279907,1.2511293192218094,1.342377185323992
2021-08-11,2.075874093279907,1.267855024117394,1.3349747662954365
2021-08-12,2.075874093279907,1.2612491640193983,1.323797938715104
2021-08-13,2.075874093279907,1.2581464515228278,1.316512638146547
2021-08-16,2.075874093279907,1.2622704931714204,1.3152057026042885
2021-08-17,2.075874093279907,1.2496242940759001,1.2876109963586804
2021-08-18,2.075874093279907,1.2911374906721713,1.30274057196397
2021-08-19,2.075874093279907,1.2670088630929244,1.294196247950427
2021-08-20,2.075874093279907,1.258236820235838,1.2694762675411513
2021-08-23,2.075874093279907,1.2561790389280243,1.2872064053150487
2021-08-24,2.075874093279907,1.2600025640982904,1.3011834288026236
2021-08-25,2.075874093279907,1.2481463385197784,1.3037839909712314
2021-08-26,2.075874093279907,1.2303513087329212,1.278084474351057
2021-08-27,2.075874093279907,1.2326390713824746,1.284853388982347
2021-08-30,2.075874093279907,1.210813977603907,1.2811881135410235
2021-08-31,2.075874093279907,1.2361965471938998,1.2791491876237728
2021-09-01,2.075874093279907,1.274783715674687,1.2961446732394966
2021-09-02,2.075874093279907,1.2868765239184297,1.2961313643235877
2021-09-03,2.075874093279907,1.2931882303454325,1.2891175656395732
2021-09-06,2.075874093279907,1.2902800020699372,1.3132519537488552
2021-09-07,2.075874093279907,1.321386286222061,1.3289830923532293
2021-09-08,2.075874093279907,1.326212513837951,1.3234732011669257
2021-09-09,2.075874093279907,1.3218364338694608,1.3229089031323864
2021-09-10,2.075874093279907,1.3507538255615157,1.334490321756351
2021-09-13,2.075874093279907,1.3456192236543913,1.32867166372096
2021-09-14,2.075874093279907,1.30397887410356,1.3088413790166307
2021-09-15,2.075874093279907,1.292793053571516,1.2955750516385935
2021-09-16,2.075874093279907,1.2796552989570116,1.2797055003087667
2021-09-17,2.075874093279907,1.2846224387127525,1.2925459423777175
2021-09-22,2.075874093279907,1.2544693268105376,1.2834506292455443
2021-09-23,2.075874093279907,1.257912885009318,1.2918166137859073
2021-09-24,2.075874093279907,1.2446084782149978,1.290813121526373
2021-09-27,2.075874093279907,1.2433031119359776,1.2982501437362917
2021-09-28,2.075874093279907,1.264637747118117,1.2999696556717275
2021-09-29,2.075874093279907,1.2744984351731272,1.2866873575945998
2021-09-30,2.075874093279907,1.259362899591296,1.2953248440195055
2021-10-08,2.075874093279907,1.283709196113736,1.312243137922957
2021-10-11,2.075874093279907,1.3110092247006457,1.3139067524115755
2021-10-12,2.075874093279907,1.309050978224535,1.2999723174549094
2021-10-13,2.075874093279907,1.2997154450570676,1.3149501714188367
2021-10-14,2.075874093279907,1.2840303369124493,1.3078964459870956
2021-10-15,2.075874093279907,1.2969351121606045,1.3128207448734055
2021-10-18,2.075874093279907,1.2883418143793535,1.2975607418922084
2021-10-19,2.075874093279907,1.295976129497278,1.3103213304657055
2021-10-20,2.075874093279907,1.2897654635127505,1.3069834543557421
2021-10-21,2.075874093279907,1.3201239477703435,1.3117320755520538
2021-10-22,2.075874093279907,1.3166209985665112,1.320172590021507
2021-10-25,2.075874093279907,1.3160264173742393,1.3254402589382681
2021-10-26,2.075874093279907,1.3087840900558532,1.3210696109537703
2021-10-27,2.075874093279907,1.2976042382982425,1.3037839909712314
2021-10-28,2.075874093279907,1.2854049941363446,1.2947286045867847
2021-10-29,2.075874093279907,1.2786179291189312,1.30660814292711
2021-11-01,2.075874093279907,1.292212139799429,1.3017956389344347
2021-11-02,2.075874093279907,1.2506230073781561,1.288263133238219
2021-11-03,2.075874093279907,1.2502948996591152,1.283274951555546
2021-11-04,2.075874093279907,1.2440321601242286,1.2959530248504076
2021-11-05,2.075874093279907,1.2392223576247678,1.2889285790336662
2021-11-08,2.075874093279907,1.2334910778435983,1.2904803986286493
2021-11-09,2.075874093279907,1.2355146457144406,1.2900971018504717
2021-11-10,2.075874093279907,1.2317645168977478,1.2832962458210002
2021-11-11,2.075874093279907,1.2675573456197653,1.303914418347139
2021-11-12,2.075874093279907,1.2622362999521408,1.3011781052362599
2021-11-15,2.075874093279907,1.2695203228591372,1.2995836971103683
2021-11-16,2.075874093279907,1.262036365634069,1.2998339047294563
2021-11-17,2.075874093279907,1.254087166628133,1.300480718042631
2021-11-18,2.075874093279907,1.2444852305671772,1.28766955558868
2021-11-19,2.075874093279907,1.2603969619714006,1.3016279465939824
2021-11-22,2.075874093279907,1.249283612118489,1.307574370222099
2021-11-23,2.075874093279907,1.2507417726116317,1.3078272396243693
2021-11-24,2.075874093279907,1.2511678163850293,1.3087082898575413
2021-11-25,2.075874093279907,1.2456756638094135,1.3033261642639635
2021-11-26,2.075874093279907,1.235635910174425,1.2936612295308874
2021-11-29,2.075874093279907,1.2285031399304336,1.291342816379549
2021-11-30,2.075874093279907,1.224255530131212,1.2861816187900597
2021-12-01,2.075874093279907,1.234447702288984,1.2893278465109346
2021-12-02,2.075874093279907,1.238256993365792,1.292604501607717
2021-12-03,2.075874093279907,1.2429220871906326,1.3045452609612231
2021-12-06,2.075874093279907,1.2493409097004406,1.3023093630885203
2021-12-07,2.075874093279907,1.2682201746974946,1.3101562999084346
2021-12-08,2.075874093279907,1.2662534800744703,1.3298082451395838
2021-12-09,2.0755281142643605,1.2791055513886187,1.3518371627520707
2021-12-10,2.081204125515767,1.2737974014607079,1.3455633397925937
2021-12-13,2.064425279717833,1.2647805152619063,1.353197333957965
2021-12-14,2.04418112787441,1.2459026234121313,1.344120653308064
2021-12-15,2.041741770919906,1.2422533725746692,1.3324620429718275
2021-12-16,2.0450020372207764,1.2507302202382495,1.3401359638849257
2021-12-17,2.038014743807944,1.2437735217011072,1.318849683780158
2021-12-20,2.0367058069140405,1.2430730257398863,1.2990619876067375
2021-12-21,2.0357228407910126,1.2509095441323241,1.3078645045889141
2021-12-22,2.025555705610648,1.2418341865947302,1.3081200357743659
2021-12-23,2.0290343341531587,1.241721584691184,1.3172472903047208
2021-12-24,2.0230913485515387,1.2361292322253332,1.3099540043866187
2021-12-27,2.014290245254056,1.232258551760643,1.3094163241838972
2021-12-28,2.0193159195186623,1.2392068149919466,1.3191690977619728
2021-12-29,1.9858106776643407,1.2236242920908689,1.2998764932603648
2021-12-30,2.0009919251349744,1.226939902330228,1.309999254700709
2021-12-31,2.0045605731543237,1.2230122631839422,1.3150193777815633
2022-01-04,1.998464595739764,1.229433944719576,1.30900374779072
2022-01-05,2.010390641920649,1.2554803910714505,1.2957879942931367
2022-01-06,1.9952369436147146,1.2472359613390325,1.2825083579991907
2022-01-07,2.0102918355658708,1.2726497161225445,1.2836103362364515
2022-01-10,2.0102918355658708,1.2776326973417627,1.2893810821745704
2022-01-11,2.0102918355658708,1.2950723020301589,1.2770623496092504
2022-01-12,2.0102918355658708,1.2840064138415312,1.2897883350013841
2022-01-13,2.0102918355658708,1.2890712353978648,1.2685845701752518
2022-01-14,2.0102918355658708,1.2560572218787038,1.25815304188582
2022-01-17,2.0102918355658708,1.251372792423956,1.268946572687975
2022-01-18,2.0102918355658708,1.277232840718571,1.2812094078064777
2022-01-19,2.0102918355658708,1.283809442653632,1.272433508656119
2022-01-20,2.0102918355658708,1.313423591321343,1.2839137795191755
2022-01-21,2.0102918355658708,1.3050293302085443,1.2721486978556675
2022-01-24,2.0102918355658708,1.3024357325553049,1.2741264027597368
2022-01-25,2.0102918355658708,1.272624346711883,1.245301952684142
2022-01-26,2.0102918355658708,1.2755098983536168,1.2543147505376804
2022-01-27,2.0102918355658708,1.2674849175418204,1.229711888588403
2022-01-28,2.0102918355658708,1.2534531137012523,1.2147766231553843
2022-02-07,2.0102918355658708,1.2955197970955783,1.2334942824897255
2022-02-08,2.0102918355658708,1.3272330172567357,1.2267546474734354
2022-02-09,2.0102918355658708,1.320910364539942,1.2382775068674008
2022-02-10,2.0102918355658708,1.3363785438727573,1.2350301313856178
2022-02-11,2.0102918355658708,1.3476048508171181,1.2247929132684567
2022-02-14,2.0102918355658708,1.3143312511090337,1.2115611890717828
2022-02-15,2.0102918355658708,1.297328877023728,1.2244468814548244
2022-02-16,2.0102918355658708,1.3111202067656007,1.229208811567045
2022-02-17,2.0102918355658708,1.3131897918028208,1.2321820233811034
2022-02-18,2.0102918355658708,1.3331008131157376,1.2380592406464939
2022-02-21,2.0102918355658708,1.3278475347994034,1.233552841719725
2022-02-22,2.0102918355658708,1.3127381161975322,1.2175395540980813
2022-02-23,2.0102918355658708,1.3024787850982582,1.2305556738570302
2022-02-24,2.0102918355658708,1.278103556073224,1.2056067800941206
2022-02-25,2.0102918355658708,1.271393988280114,1.2173452439258108
2022-02-28,2.0102918355658708,1.2692457394567318,1.2195358914844232
2022-03-01,2.0102918355658708,1.28191114090886,1.229661314707949
2022-03-02,2.0102918355658708,1.2778646075557694,1.2187240476139776
2022-03-03,2.0102918355658708,1.2912425689570282,1.2115452183726922
2022-03-04,2.0102918355658708,1.277398576366506,1.1968521752092163
2022-03-07,2.0102918355658708,1.2494250306998131,1.158615659802815
2022-03-08,2.0102918355658708,1.2195256127901624,1.13535433657716
2022-03-09,2.0102918355658708,1.1924127844068442,1.124962735035455
2022-03-10,2.0102918355658708,1.2013013563119879,1.142660931411171
2022-03-11,2.0102918355658708,1.2208972351832659,1.1463022508038585
2022-03-14,2.0102918355658708,1.194710874966855,1.1112305956006048
2022-03-15,2.0102918355658708,1.1321140107881809,1.060403845744341
2022-03-16,2.0102918355658708,1.1733571206036868,1.1062583846170226
2022-03-17,2.0102918355658708,1.1779810673450917,1.1279838589467857
2022-03-18,2.0102918355658708,1.2104769724741775,1.135490087519431
2022-03-21,2.0102918355658708,1.1895595931255438,1.1335869125444518
2022-03-22,2.0102918355658708,1.219521709108108,1.1326685973467345
2022-03-23,2.0102918355658708,1.2091188454720556,1.1383169012584913
2022-03-24,2.0102918355658708,1.2153392005268213,1.1316065458572007
2022-03-25,2.0102918355658708,1.215378851163288,1.1111800217201506
2022-03-28,2.0102918355658708,1.2247521433751067,1.1042327676156811
2022-03-29,2.0102918355658708,1.2263250678499416,1.1004184323161774
2022-03-30,2.0102918355658708,1.242832606275536,1.13234918336492
2022-03-31,2.0102918355658708,1.2654757368339793,1.1239645663422841
2022-04-01,2.0102918355658708,1.289508650461846,1.1382210770639467
2022-04-06,2.0102918355658708,1.3152967077593327,1.1349417601839824
2022-04-07,2.0102918355658708,1.2957761745143177,1.1203711590468688
2022-04-08,2.0102918355658708,1.306060929306307,1.1261392432018058
2022-04-11,2.0102918355658708,1.282960543785744,1.0913497370158216
2022-04-12,2.0102918355658708,1.2896055107954107,1.112617384638317
2022-04-13,2.0102918355658708,1.2872810046446068,1.101909030897979
2022-04-14,2.0102918355658708,1.2865922986196352,1.115705053129192
2022-04-15,2.0102918355658708,1.3015260827425696,1.1149544302719276
2022-04-18,2.0102918355658708,1.2671349657397117,1.1090000212942654
2022-04-19,2.0102918355658708,1.267968847106299,1.1006207278379931
2022-04-20,2.0102918355658708,1.256586509054677,1.083556035859543
2022-04-21,2.0102918355658708,1.2529149080542377,1.0636033091288515
2022-04-22,2.0102918355658708,1.2781401820644127,1.0682401354315283
2022-04-25,2.0102918355658708,1.219770129086487,1.0154463278039223
2022-04-26,2.0102918355658708,1.2211608481672032,1.0072506973871935
2022-04-27,2.0102918355658708,1.219670634114269,1.0369082855986882
2022-04-28,2.0102918355658708,1.2395391571699585,1.0437144651945232
2022-04-29,2.0102918355658708,1.2382617942503673,1.0690360086028832
2022-05-05,2.0102918355658708,1.2330244844108744,1.0674309533442643
2022-05-06,2.0102918355658708,1.2026348457047742,1.0404431336641042
2022-05-09,2.0102918355658708,1.1884357952747273,1.03209045803965
2022-05-10,2.0102918355658708,1.200723803889942,1.0433844040799811
2022-05-11,2.0102918355658708,1.1925131233267472,1.0584367879729988
2022-05-12,2.0102918355658708,1.184204741039417,1.0537307553075956
2022-05-13,2.0102918355658708,1.200858751817137,1.061678839888418
2022-05-16,2.0102918355658708,1.1883111380601319,1.053145163007602
2022-05-17,2.0102918355658708,1.1974436787396125,1.0662810630097315
2022-05-18,2.0102918355658708,1.1911015475623556,1.0625598901215902
2022-05-19,2.0102918355658708,1.1845038473563376,1.064606801388386
2022-05-20,2.0102918355658708,1.2028564597775429,1.0853687102063414
2022-05-23,2.0102918355658708,1.1956810334642578,1.0790815783309555
2022-05-24,2.0102918355658708,1.187609695599594,1.053839888418049
2022-05-25,2.0102918355658708,1.1905663802041195,1.0602361534038882
2022-05-26,2.0102918355658708,1.1923348223794834,1.0628606716211324
2022-05-27,2.0102918355658708,1.2002354703536657,1.0650593045292902
2022-05-30,2.0102918355658708,1.1863465093402659,1.0724377675092098
2022-05-31,2.0102918355658708,1.1943091732628957,1.0890739123953919
2022-06-01,2.0102918355658708,1.1860349210263867,1.0868539852217798
2022-06-02,2.0102918355658708,1.1815585903999144,1.088554864674943
2022-06-06,2.0102918355658708,1.181355207104754,1.1089228295819935
2022-06-07,2.0102918355658708,1.189204300613611,1.1123937948510465
2022-06-08,2.0102918355658708,1.1914248689532987,1.1232219288345648
2022-06-09,2.0102918355658708,1.2068787842340705,1.1114728178701476
2022-06-10,2.0102918355658708,1.2122209556341603,1.1283272289772364
2022-06-13,2.0102918355658708,1.1886358947779068,1.1151141372628353
2022-06-14,2.0102918355658708,1.2097900126968404,1.1238873746300122
2022-06-15,2.0102918355658708,1.2326195273290155,1.1387694043993952
2022-06-16,2.0102918355658708,1.213099833814344,1.131273822959477
2022-06-17,2.0102918355658708,1.2170083800069578,1.1469730201656694
2022-06-20,2.0102918355658708,1.2085760736135265,1.1526665743915163
2022-06-21,2.0102918355658708,1.225695485730867,1.1513729477651666
2022-06-22,2.0102918355658708,1.2113849705020678,1.1367464491812354
2022-06-23,2.0102918355658708,1.2247345494896735,1.1562466727710228
2022-06-24,2.0102918355658708,1.221011507594155,1.1697924873831478
2022-06-27,2.0102918355658708,1.2300558071751893,1.1829656523498222
2022-06-28,2.0102918355658708,1.2359953270013944,1.195279061348779
2022-06-29,2.0102918355658708,1.2440311416899978,1.176870168863525
2022-06-30,2.0102918355658708,1.2530976578254598,1.193812418815613
2022-07-01,2.0102918355658708,1.2482376654793166,1.1889440173761205
2022-07-04,2.0102918355658708,1.2469445396640177,1.1967457038819445
2022-07-05,2.0102918355658708,1.2474487766446416,1.1950182065969635
2022-07-06,2.0102918355658708,1.2307834338411872,1.177564894273972
2022-07-07,2.0102918355658708,1.22571427887768,1.1827553714784609
2022-07-08,2.0102918355658708,1.2293785486455124,1.1788452119844124
2022-07-11,2.009286689648088,1.23517140806952,1.1591054279082642
2022-07-12,2.024708269525733,1.239465947289785,1.1481921168629288
2022-07-13,1.9913530364732224,1.2100098866824363,1.1502789548774515
2022-07-14,1.9724259947423914,1.1812342907425304,1.1504413236515405
2022-07-15,1.963641727463267,1.1698379700961243,1.1308665701326632
2022-07-18,1.9715076897753503,1.1859672789142153,1.1425943868316262
2022-07-19,1.9736533124637086,1.1915037975486371,1.1364057409339665
2022-07-20,1.9948622277883685,1.19884114285705,1.1402546794148336
2022-07-21,1.9531083634552884,1.1765738142992574,1.1275473265049722
2022-07-22,1.957678627181865,1.1826236099661223,1.1281249334554202
2022-07-25,1.9633816692783528,1.1876229336916746,1.1213134302932222
2022-07-26,1.9858113466067426,1.1964447396101343,1.130187815421307
2022-07-27,1.9915820993939524,1.1906986670093307,1.1246140414386405
2022-07-28,1.9866487089964469,1.1903937300201615,1.1247817337790933
2022-07-29,1.9772507226615224,1.1800691864174078,1.109990204637891
2022-08-01,1.9618619973661535,1.1684521629755649,1.1149357977896552
2022-08-02,1.9285139156569757,1.150497533795558,1.0931996763271652
2022-08-03,1.915845922124113,1.136563320228061,1.0825418964672813
2022-08-04,1.9333557160923662,1.1509764969689462,1.0917410191435446
2022-08-05,1.9511813997361955,1.1620128145882738,1.106479312621111
2022-08-08,1.9312689974259756,1.1524486036184594,1.1041262962884095
2022-08-09,1.9312689974259756,1.147237467473797,1.10631428206384
2022-08-10,1.9312689974259756,1.1402462298811467,1.0939236813526116
2022-08-11,1.9312689974259756,1.162405440317234,1.1162294244160047
2022-08-12,1.9312689974259756,1.1632824825114432,1.115593258235557
2022-08-15,1.9312689974259756,1.1487154205112762,1.1141372628351185
2022-08-16,1.9312689974259756,1.1480675574998962,1.1120504248205958
2022-08-17,1.9312689974259756,1.1619030257856005,1.122463320627755
2022-08-18,1.9312689974259756,1.1482643089986402,1.1126519878196803
2022-08-19,1.9312689974259756,1.1547147030593452,1.1049248312429463
2022-08-22,1.9312689974259756,1.1520570834381625,1.1129980196333127
2022-08-23,1.9312689974259756,1.1424462963066107,1.1075892762079171
2022-08-24,1.9312689974259756,1.141348458113763,1.0866516896999638
2022-08-25,1.9312689974259756,1.156933666195601,1.0956538404207745
2022-08-26,1.9312689974259756,1.1626436652546381,1.0933407508358
2022-08-29,1.9312689974259756,1.1463222562132278,1.088541555759034
2022-08-30,1.9312689974259756,1.1527290893377267,1.0848869274504376
2022-08-31,1.9312689974259756,1.1709826129590541,1.0856987713208832
2022-09-01,1.9312689974259756,1.164724797764708,1.0763559123528033
2022-09-02,1.9312689974259756,1.1614104309514703,1.0709977428078619
2022-09-05,1.9312689974259756,1.167410200272619,1.0688204041651583
2022-09-06,1.9312689974259756,1.1664410677905632,1.0786290751900514
2022-09-07,1.9312689974259756,1.1590096245649921,1.0793477566491343
2022-09-08,1.9312689974259756,1.1605119446082672,1.074742871744639
2022-09-09,1.9312689974259756,1.1775448029691384,1.089678137177658
2022-09-13,1.9312689974259756,1.1882547152885174,1.0942883456485166
2022-09-14,1.9312689974259756,1.1769860848185658,1.0821106875918316
2022-09-15,1.9312689974259756,1.1933915453718533,1.0719320287046699
2022-09-16,1.9312689974259756,1.1659543692745222,1.0467941483358532
2022-09-19,1.9312689974259756,1.1705363891196972,1.0455484338067758
2022-09-20,1.9312689974259756,1.1571941999448705,1.0468367368667617
2022-09-21,1.9312689974259756,1.16150381863582,1.0390882860245736
2022-09-22,1.9312689974259756,1.1593250467193932,1.0299344136624007
2022-09-23,1.9312689974259756,1.1677946136034978,1.0263889184642576
2022-09-26,1.9312689974259756,1.1432697303699622,1.0212410297906773
2022-09-27,1.9312689974259756,1.1447731639559793,1.0360458678477886
2022-09-28,1.9312689974259756,1.1479212643256902,1.0191195885947915
2022-09-29,1.9312689974259756,1.1315673213231618,1.0187016886352505
2022-09-30,1.9312689974259756,1.1412604337496384,1.0127792210557696
2022-10-10,1.9312689974259756,1.128002054100659,0.9904335512446498
2022-10-11,1.9312689974259756,1.1250322090699858,0.9922302548923575
2022-10-12,1.9312689974259756,1.1308138746455603,1.0073012712676477
2022-10-13,1.9312689974259756,1.11208029359341,0.9988793892804667
2022-10-14,1.9312689974259756,1.1233022109606734,1.0227822022529331
2022-10-17,1.9312689974259756,1.1219322580269322,1.0238309448265581
2022-10-18,1.9312689974259756,1.12051609394659,1.0216642533165818
2022-10-19,1.9312689974259756,1.1117770715172872,1.0052304039522157
2022-10-20,1.9312689974259756,1.1102701541032456,0.999480952279551
2022-10-21,1.9312689974259756,1.106941922351215,0.9962761653286769
2022-10-24,1.9312689974259756,1.0771735316292765,0.9671243159217222
2022-10-25,1.9312689974259756,1.0759730369771652,0.965548540278103
2022-10-26,1.9312689974259756,1.0641113912963032,0.9733874917484722
2022-10-27,1.9312689974259756,1.0599291052738329,0.9665307382721833
2022-10-28,1.9312689974259756,1.0511916518059157,0.942625263516535
2022-10-31,1.9312689974259756,1.0340955992868193,0.933939864994357
2022-11-01,1.9312689974259756,1.0498931279186938,0.9673372585762654
2022-11-02,1.9312689974259756,1.046528845096152,0.9789532803815932
2022-11-03,1.9312689974259756,1.03888370496894,0.9709918868848619
2022-11-04,1.9312689974259756,1.0629861798654092,1.002738974894061
2022-11-07,1.9312689974259756,1.0636266297891743,1.0049030046208556
2022-11-08,1.9312689974259756,1.0613417354493873,0.9979903536977491
2022-11-09,1.9312689974259756,1.0625863127030304,0.9886581418623964
2022-11-10,1.9312689974259756,1.0653046155703751,0.9810507655288431
2022-11-11,1.9312689974259756,1.1031067199761853,1.0084005877217266
2022-11-14,1.9312689974259756,1.1263281940898193,1.0098858627371647
2022-11-15,1.9312689974259756,1.130270405535781,1.0290373927301377
2022-11-16,1.9312689974259756,1.1212459931652072,1.0206314814420476
2022-11-17,1.9312689974259756,1.1130814295371052,1.0164444964970933
2022-11-18,1.9312689974259756,1.1044651823541451,1.0118955090394157
2022-11-21,1.9312689974259756,1.1021499903691636,1.0032606843976917
2022-11-22,1.9312689974259756,1.1257136724693773,1.0033778028576905
2022-11-23,1.9312689974259756,1.1327868297726378,1.004431868997679
2022-11-24,1.9312689974259756,1.1301168806288857,0.9999813675177275
2022-11-25,1.9312689974259756,1.1587917904187666,1.0050307702135814
2022-11-28,1.9312689974259756,1.134430847020982,0.9937075445582504
2022-11-29,1.9312689974259756,1.189551395668472,1.0243659632460977
2022-11-30,1.9312689974259756,1.1854303173661382,1.0255957070760844
2022-12-01,1.9312689974259756,1.176459457807314,1.0367033282936904
2022-12-02,1.9312689974259756,1.1672384934606328,1.0303629607546687
2022-12-05,1.9312689974259756,1.2053083488704235,1.0505738804539937
2022-12-06,1.9312689974259756,1.2082191691934538,1.0562488021975682
2022-12-07,1.9312689974259756,1.1951518188581407,1.053650901812142
2022-12-08,1.9312689974259756,1.2060718231167522,1.0538478737675943
2022-12-09,1.9312689974259756,1.2158188634331382,1.0642447988756627
2022-12-12,1.9312689974259756,1.1919777197363357,1.0523200102212473
2022-12-13,1.9312689974259756,1.203044403797065,1.050254466472179
2022-12-14,1.9312689974259756,1.2045909223309723,1.0527059687826068
2022-12-15,1.9312689974259756,1.1896573464462052,1.0519340516598878
2022-12-16,1.9312689974259756,1.2115811498590043,1.0525302910926086
2022-12-19,1.9312689974259756,1.1863773438787664,1.0362907519005131
2022-12-20,1.9312689974259756,1.1646865199263694,1.019202103873427
2022-12-21,1.9312689974259756,1.1721710875904965,1.0196066949170588
2022-12-22,1.9312689974259756,1.1783064434620683,1.021068013883861
2022-12-23,1.9312689974259756,1.1727435758295301,1.0189891612188837
2022-12-26,1.9312689974259756,1.1627680331423582,1.0230537041374757
2022-12-27,1.9312689974259756,1.1881728676463588,1.0348613743318924
2022-12-28,1.9312689974259756,1.1961576046561289,1.0304454760333042
2022-12-29,1.9312689974259756,1.1885197875230133,1.026569919720619
2022-12-30,1.9312689974259756,1.2002129169494091,1.0305439620110304
2023-01-03,1.9312689974259756,1.2056496863799464,1.0348746832478013
2023-01-04,1.9312689974259756,1.231394155073317,1.036218883754605
2023-01-05,1.9312689974259756,1.2315489509702129,1.056349949958476
2023-01-06,1.9312689974259756,1.2300735274075014,1.0596266050552585
2023-01-09,1.9312689974259756,1.22988530785574,1.068205532250165
2023-01-10,1.9312689974259756,1.2137890152853248,1.0693634079342431
2023-01-11,1.9312689974259756,1.2220048308013867,1.0673830412469922
2023-01-12,1.9312689974259756,1.2207246525389075,1.0694698792615147
2023-01-13,1.9312689974259756,1.2378832502398316,1.0845116160218053
2023-01-16,1.9312689974259756,1.2369861134675024,1.1014352334916206
2023-01-17,1.9312689974259756,1.234148546591247,1.1012435851025317
2023-01-18,1.9312689974259756,1.2363720883843197,1.099398969357552
2023-01-19,1.9312689974259756,1.2378756857689268,1.1062397521347502
2023-01-20,1.9312689974259756,1.2406642152063065,1.1130326228146759
2023-01-30,1.9312689974259756,1.2419210737714517,1.1183082770809822
2023-01-31,1.9312689974259756,1.2315397416583704,1.106466003705202
2023-02-01,1.9312689974259756,1.2269857699434308,1.1168655905964524
2023-02-02,1.9312689974259756,1.2200910954310353,1.112931475053768
2023-02-03,1.9312689974259756,1.208059981643324,1.1024121079193374
2023-02-06,1.9312689974259756,1.1984206294799624,1.0878388449990417
2023-02-07,1.9312689974259756,1.2015990409772874,1.0897952556376567
2023-02-08,1.9303033629272628,1.1983425072173632,1.0849800898618
2023-02-09,1.9384481376270348,1.2034510626231298,1.0995453674325504
2023-02-10,1.9233850315227097,1.200676907622245,1.0930106897212581
2023-02-13,1.902177516690987,1.191636588641767,1.1029284938566044
2023-02-14,1.9125409035711913,1.1932176428003685,1.103386320563872
2023-02-15,1.8793259722547913,1.1839519001384406,1.0976368688912075
2023-02-16,1.877627397779242,1.1816225291285398,1.0895982836822042
2023-02-17,1.8595980583917568,1.1723648227774577,1.073899086476012
2023-02-20,1.9437100360553101,1.2036721338357494,1.100245416409361
2023-02-21,1.9452095085030194,1.206206167513846,1.103136112944784
2023-02-22,1.9265048885751943,1.1975380307007917,1.0931810438448926
2023-02-23,1.9304574819042184,1.19823530720542,1.092302655394902
2023-02-24,1.8998307634999472,1.1880870228832452,1.0809634590404804
2023-02-27,1.8841995309715815,1.1825564533132356,1.0763825301846213
2023-02-28,1.89549660491103,1.189443488975875,1.0832020186963651
2023-03-01,1.9368728276709501,1.2030867620099415,1.098501948425289
2023-03-02,1.9406515650716458,1.2079480198724526,1.0960531078980429
2023-03-03,1.9563428834512566,1.2244061196951423,1.099462852153915
2023-03-06,1.902669508432244,1.2080996194876739,1.093729371180341
2023-03-07,1.9001163253137214,1.213574933531765,1.0777160835586976
2023-03-08,1.8807791104977059,1.2077231066670562,1.0737926151487405
2023-03-09,1.8786169434697002,1.2010324089621291,1.0699969123315092
2023-03-10,1.8462357055028675,1.1803600949283004,1.0559666531802985
2023-03-13,1.8708071765699417,1.185355474110715,1.0670263623006324
2023-03-14,1.873427354688387,1.175580880855535,1.06064074444752
2023-03-15,1.9157872021956497,1.1919207809417796,1.0612263367475139
2023-03-16,1.9568204002762704,1.2005752156681415,1.0485163220544707
2023-03-17,1.9617620163256038,1.2002750824337791,1.05375204957305
2023-03-20,1.97559689698137,1.1987979114182383,1.0484976895721982
2023-03-21,1.927988587044347,1.1929839557288853,1.0600232107493452
2023-03-22,1.9560187211361117,1.2073192651166744,1.0645642128574775
2023-03-23,1.9712709308731546,1.2208540168659443,1.0751181831732715
2023-03-24,1.9276131066091737,1.204946356692335,1.0719133962223972
2023-03-27,1.9098803311321908,1.1863386467559291,1.0680351781265305
2023-03-28,1.9286706166804128,1.194436359725984,1.0645828453397501
2023-03-29,1.9328244549722962,1.1909774532146162,1.0663476075892762
2023-03-30,1.9354267833946563,1.1999066067269346,1.0749691233150913
2023-03-31,1.9332371926467695,1.1952383727411113,1.0782697344605097
2023-04-03,1.9264634915155048,1.1969812504440365,1.088821042993122
2023-04-04,1.9745975067296444,1.209867501934825,1.0921589191030854
2023-04-06,1.9847032258708877,1.2075807357713781,1.090436745384468
2023-04-07,1.9820701989722054,1.2106958542534794,1.0975277357807542
2023-04-10,1.9805954443598748,1.210968063418884,1.0926114222439898
2023-04-11,2.003345676353885,1.2118887201718243,1.0913710312812759
2023-04-12,2.0305643848218,1.2204911645612078,1.0906097612912842
2023-04-13,2.0527031408511953,1.2329430909094028,1.0830742531036393
2023-04-14,2.0403521698856575,1.2361452662361163,1.0892016779881177
2023-04-17,2.0958947801874266,1.2653558614302591,1.104474989885224
2023-04-18,2.120429415625762,1.278974933990533,1.107842145610187
2023-04-19,2.1289522368815916,1.2782992959224173,1.0978684440280233
2023-04-20,2.1233063657809583,1.2789637919913244,1.0947967462362387
2023-04-21,2.0988525812353207,1.2597530436189623,1.0733827005387448
2023-04-24,2.121224475252231,1.2542387541062159,1.0600924171120716
2023-04-25,2.1669910957518317,1.2774455871402681,1.0547768360980387
2023-04-26,2.1510927648736238,1.2656543953923045,1.0538611826835034
2023-04-27,2.157999249998813,1.264676848722722,1.0616309277911458
2023-04-28,2.156481669654229,1.280678670395445,1.0724563999914822
2023-05-04,2.310423684747259,1.3359573611514572,1.0727651668405698
2023-05-05,2.378176954390332,1.3656872198199432,1.0692063627265178
2023-05-08,2.6159526100380925,1.4524736509271516,1.0813920061327484
2023-05-09,2.609011508758241,1.435959426940641,1.0721343242264858
2023-05-10,2.423269710979697,1.3703610533987343,1.0638801345797577
2023-05-11,2.3684440105609625,1.3584859935292728,1.0622271672238666
2023-05-12,2.354731397261838,1.346334115428632,1.0481463341922022
2023-05-15,2.3831115157509406,1.3638028427160866,1.064417814782479
2023-05-16,2.3963096308073077,1.364562497366742,1.058913247162539
2023-05-17,2.369444447445053,1.350710800433001,1.0541113903025916
2023-05-18,2.4392311067003845,1.3710327915199332,1.053020059198058
2023-05-19,2.3950291962077843,1.3472367790253348,1.049951023189455
2023-05-22,2.4008281950813313,1.3508117194163272,1.0565495836971104
2023-05-23,2.3058929052088413,1.315381825853194,1.0416063329145462
2023-05-24,2.2104337403569767,1.2739583236068932,1.0272060859010668
2023-05-25,2.205333497818069,1.2695321212934283,1.02491961414791
2023-05-26,2.245204149219946,1.2834848649313295,1.0250393943910905
2023-05-29,2.3075430502460494,1.2973457263174557,1.0205117011988671
2023-05-30,2.2725775338897445,1.2835972162747844,1.0215258405911287
2023-05-31,2.26158126844008,1.2751081294637532,1.0110889887353336
2023-06-01,2.243468404906039,1.2678868678430393,1.0133062541257638
2023-06-02,2.232200704443688,1.2840546276320073,1.027935414492877
2023-06-05,2.3078750013262814,1.3035856172936195,1.0232559996592918
2023-06-06,2.3076848430473285,1.2992498502245482,1.0136496241562147
2023-06-07,2.3076848430473285,1.3154874196877753,1.0086401482080876
2023-06-08,2.3076848430473285,1.350317132328857,1.016851749323907
2023-06-09,2.3076848430473285,1.338525102007102,1.0212463533570408
2023-06-12,2.3076848430473285,1.3151029504647826,1.0233039117565639
2023-06-13,2.3076848430473285,1.3195983147975194,1.028755243712868
2023-06-14,2.3076848430473285,1.2927232302440792,1.0285183450096889
2023-06-15,2.3076848430473285,1.303464580260644,1.0448829880113286
2023-06-16,2.3076848430473285,1.2971042919420614,1.0549578373544004
2023-06-19,2.3076848430473285,1.2769908153959204,1.0463230127126764
2023-06-20,2.3076848430473285,1.2688215926803914,1.044547603330423
2023-06-21,2.3076848430473285,1.2704831864898554,1.0285210067928707
2023-06-26,2.3076848430473285,1.2463435301569938,1.0140595387662101
2023-06-27,2.3076848430473285,1.2642715560598676,1.0235700900747429
2023-06-28,2.3076848430473285,1.2651916019205425,1.0223376844615746
2023-06-29,2.3076848430473285,1.25914749881777,1.0172909435489024
2023-06-30,2.3076848430473285,1.2698106112967273,1.0227768786865696
2023-07-03,2.3076848430473285,1.2967590321512505,1.0362002512723323
2023-07-04,2.3076848430473285,1.2807821704548439,1.0378319243627692
2023-07-05,2.3076848430473285,1.2740405565549864,1.029793339153766
2023-07-06,2.3076848430473285,1.2609519134879268,1.0228567321820234
2023-07-07,2.3076848430473285,1.2627733050384018,1.0183183918570728
2023-07-10,2.3076848430473285,1.2627475969696171,1.023277293924746
2023-07-11,2.3076848430473285,1.278101796722009,1.0299743404101274
2023-07-12,2.3076848430473285,1.2795418973101997,1.0230403952215668
2023-07-13,2.3076848430473285,1.304208025392249,1.0376748791550436
2023-07-14,2.3076848430473285,1.3062877086059133,1.037855880411405
2023-07-17,2.3076848430473285,1.3014493408302248,1.0293568067119525
2023-07-18,2.3076848430473285,1.2938010963502904,1.0261014458806244
2023-07-19,2.3076848430473285,1.3014386733641021,1.0250181001256362
2023-07-20,2.3076848430473285,1.3053759043391966,1.0177833734375332
2023-07-21,2.3076848430473285,1.3061835176249144,1.0173095760311748
2023-07-24,2.3076848430473285,1.3001396323106527,1.0128670599007685
2023-07-25,2.3076848430473285,1.3338364494553159,1.0421200570686313
2023-07-26,2.3076848430473285,1.3317451387397836,1.0399613509082004
2023-07-27,2.3076848430473285,1.3455770326328442,1.0387209599454865
2023-07-28,2.3076848430473285,1.3893939905233266,1.0627808181256786
2023-07-31,2.3076848430473285,1.3984428392567423,1.0686074615106151
2023-08-01,2.3076848430473285,1.3934842799799396,1.0641809160792999
2023-08-02,2.3076848430473285,1.3598648369629174,1.0567013053384724
2023-08-03,2.306531000625805,1.3800178555281561,1.0660388407401886
2023-08-04,2.3063364797739707,1.3829307590914117,1.0701912225037797
2023-08-07,2.286062499362235,1.3683589851700693,1.0620914162815953
2023-08-08,2.2721655477665603,1.3606564334849864,1.059317838206171
2023-08-09,2.2880468059567947,1.3656427543696297,1.0560811098571155
2023-08-10,2.2925331722429845,1.363450641226791,1.0582504631502736
2023-08-11,2.24192902725002,1.3324871965401626,1.0339031323864483
2023-08-14,2.2048530917737805,1.3107118892342964,1.0263596388492577
2023-08-15,2.267293253987919,1.332246480791905,1.0238655480079215
2023-08-16,2.260888366402432,1.3318503795721344,1.0163566576520942
2023-08-17,2.2360612309418575,1.3170686731205743,1.019755754775239
2023-08-18,2.258674719597097,1.3239264161639248,1.0072187559890122
2023-08-21,2.2186479078726538,1.3012857720123334,0.992728008347352
2023-08-22,2.2604203698801055,1.3201885573915617,1.0003593407295415
2023-08-23,2.2646063335280315,1.3198440471049682,0.9839627563297204
2023-08-24,2.244764682718236,1.3076686126089463,0.9910963352569152
2023-08-25,2.266873166389894,1.3222721930788615,0.9872953088733204
2023-08-28,2.295959009160808,1.3446906709415427,0.9988660803645578
2023-08-29,2.251930197807561,1.3211076811112459,1.0088451055130854
2023-08-30,2.2346334067828413,1.305437323012609,1.008419220203999
2023-08-31,2.1966695452724347,1.2991318491789914,1.002233236089521
2023-09-01,2.1966695452724347,1.3080255620048284,1.0092124315921722
2023-09-04,2.1966695452724347,1.3359953170564884,1.0245070377547325
2023-09-05,2.1966695452724347,1.3210070750587672,1.0168863525052703
2023-09-06,2.1966695452724347,1.3257530379492672,1.014679734247567
2023-09-07,2.1966695452724347,1.320467736800537,1.0004232235259043
2023-09-08,2.1966695452724347,1.3148095754980207,0.9955042482059581
2023-09-11,2.1966695452724347,1.3182326773275788,1.0028374608717872
2023-09-12,2.1966695452724347,1.3164502067741097,1.0009901833436254
2023-09-13,2.1966695452724347,1.3177071694999762,0.9946152126232406
2023-09-14,2.1966695452724347,1.33383295898202,0.9937794127041588
2023-09-15,2.1966695452724347,1.3201872239730483,0.9871968228955943
2023-09-18,2.1966695452724347,1.3218801635224475,0.992235578458721
2023-09-19,2.1966695452724347,1.331798695197935,0.9903164327846511
2023-09-20,2.1966695452724347,1.3375720228588424,0.9863743318924214
2023-09-21,2.1966695452724347,1.3291940453798443,0.9775239028129724
2023-09-22,2.1966695452724347,1.3442738016133724,0.9952220991886884
2023-09-25,2.1966695452724347,1.3456272237117368,0.9887459807073955
2023-09-26,2.1966695452724347,1.3394943262151657,0.9829672494197312
2023-09-27,2.1966695452724347,1.328996075817693,0.9849928664210728
2023-09-28,2.1966695452724347,1.336422860353204,0.9820702284874683
2023-10-09,2.1966695452724347,1.3235081755237907,0.9807952343433913
2023-10-10,2.1966695452724347,1.3179379203836095,0.9734487127616532
2023-10-11,2.1966695452724347,1.3226534663034932,0.9762222908370776
2023-10-12,2.1966695452724347,1.3500624981250628,0.9854932816592492
2023-10-13,2.1966695452724347,1.3559967347621695,0.9751203125998168
2023-10-16,2.1966695452724347,1.3532952710751445,0.965322288707651
2023-10-17,2.1966695452724347,1.3552452137410307,0.9687293711803411
2023-10-18,2.1966695452724347,1.3528212736264058,0.9610581120504248
2023-10-19,2.1966695452724347,1.3144970042896749,0.9405517344179212
2023-10-20,2.1966695452724347,1.3145350915938823,0.9344429420157152
2023-10-23,2.1966695452724347,1.3052363431425755,0.9247673601499116
2023-10-24,2.1966695452724347,1.292477817873485,0.9281983986712379
2023-10-25,2.1966695452724347,1.2938665367483684,0.9328112689252784
2023-10-26,2.1966695452724347,1.3100648544252038,0.9353878750452502
2023-10-27,2.1966695452724347,1.3121579323329067,0.9482309788973828
2023-10-30,2.1966695452724347,1.2855157075071093,0.9539218713400481
2023-10-31,2.1966695452724347,1.292205685785165,0.9509247034773536
2023-11-01,2.1966695452724347,1.2935298333530632,0.9505307595664488
2023-11-02,2.1966695452724347,1.3052931614546985,0.9460483166883158
2023-11-03,2.1966695452724347,1.2987378777287142,0.9540203573177742
2023-11-06,2.1966695452724347,1.297597785327512,0.9669220203999063
2023-11-07,2.1966695452724347,1.2978095047138778,0.9635016290113073
2023-11-08,2.1966695452724347,1.2921471700545941,0.9611885394263325
2023-11-09,2.1966695452724347,1.3033016995266677,0.9616570132663274
2023-11-10,2.1966695452724347,1.2936415111915642,0.9546458763654947
2023-11-13,2.1966695452724347,1.2877581849245663,0.9527613338727879
2023-11-14,2.1966695452724347,1.2926913203977795,0.9534667064159621
2023-11-15,2.1966695452724347,1.2969607902626321,0.960171738250889
2023-11-16,2.1966695452724347,1.2964510891424137,0.9508847767296267
2023-11-17,2.1966695452724347,1.2862327431710185,0.9497428717446392
2023-11-20,2.1966695452724347,1.2941401812310571,0.9519388428696153
2023-11-21,2.1966695452724347,1.2985191678019405,0.9532031898809651
2023-11-22,2.1966695452724347,1.292236930225975,0.9434477545197079
2023-11-23,2.1966695452724347,1.2913493004127523,0.9479994037605672
2023-11-24,2.1966695452724347,1.2922875015427502,0.941741551500181
2023-11-27,2.1966695452724347,1.2828089842112427,0.9348022827452567
2023-11-28,2.1966695452724347,1.2789230078336575,0.9365537360788739
2023-11-29,2.1966695452724347,1.2638275362084896,0.9285124890866889
2023-11-30,2.1966695452724347,1.2708805753225383,0.9306126360171205
2023-12-01,2.1966695452724347,1.271591563037635,0.9270671408189775
2023-12-04,2.1966695452724347,1.2700344005048123,0.9210142458635888
2023-12-05,2.1966695452724347,1.2486439914911698,0.9034784182619621
2023-12-06,2.1966695452724347,1.2378391844676317,0.9048998104810374
2023-12-07,2.1966695452724347,1.2422318928246079,0.902685206873789
2023-12-08,2.1966695452724347,1.2419976815558236,0.9048625455164924
2023-12-11,2.1966695452724347,1.2449548495101104,0.9101834500968888
2023-12-12,2.1966695452724347,1.262930846726566,0.9121398607355039
2023-12-13,2.1966695452724347,1.247002305753722,0.8969171227188518
2023-12-14,2.1966695452724347,1.241258619401289,0.8922190754029939
2023-12-15,2.1966695452724347,1.2323217934678685,0.8894481591107515
2023-12-18,2.1966695452724347,1.2388390757140857,0.8862061071953322
2023-12-19,2.1966695452724347,1.2385843986791008,0.8874491599412277
2023-12-20,2.1966695452724347,1.2348386235063815,0.8777230041949703
2023-12-21,2.1966695452724347,1.238582184578146,0.8866053746726006
2023-12-22,2.1966695452724347,1.2418641431309816,0.8882982687762185
2023-12-25,2.1966695452724347,1.2462745754501285,0.891018611188007
2023-12-26,2.1966695452724347,1.2425881253513262,0.8849870104980728
2023-12-27,2.1966695452724347,1.2489300923031064,0.8880666936394029
2023-12-28,2.1966695452724347,1.2598466663124217,0.9088765145546304
2023-12-29,2.1966695452724347,1.2720476604821984,0.9132870892868551
2024-01-02,2.1966695452724347,1.2583552418292365,0.9013729477651667
2024-01-03,2.1966695452724347,1.2664592646539192,0.8992302123038266
2024-01-04,2.1966695452724347,1.2718360616979554,0.8909121398607355
2024-01-05,2.1966695452724347,1.2858724131629455,0.8861369008326058
2024-01-08,2.1966695452724347,1.2757871345926075,0.8746779242350035
2024-01-09,2.1966695452724347,1.2787720215789473,0.8763921126040757
2024-01-10,2.1966695452724347,1.2692089213381743,0.8723009518536659
2024-01-11,2.1966695452724347,1.2625705601602688,0.8772358978727028
2024-01-12,2.1966695452724347,1.2729002747678673,0.8741748472136454
2024-01-15,2.1966695452724347,1.2807411758674003,0.8733097676795639
2024-01-16,2.1966695452724347,1.3001045004810587,0.878622686910415
2024-01-17,2.1966695452724347,1.2904495774986626,0.8595110836651689
2024-01-18,2.1966695452724347,1.2908055193013843,0.8716621238900364
2024-01-19,2.1966695452724347,1.2918189897055001,0.8703445412150508
2024-01-22,2.1966695452724347,1.2899553823566816,0.8568013883861076
2024-01-23,2.1966695452724347,1.289655939639477,0.8602696918719788
2024-01-24,2.1966695452724347,1.3175344928974193,0.8722956282873022
2024-01-25,2.1966695452724347,1.3370035789481236,0.8898128234066566
2024-01-26,2.1966695452724347,1.3645218726558648,0.8873906007112284
2024-01-29,2.1966695452724347,1.3806193182579796,0.879442516130406
2024-01-30,2.1966695452724347,1.3658916708312479,0.8637592896233044
2024-01-31,2.1966695452724347,1.3711525458028424,0.8558564553565724
2024-02-01,2.1966695452724347,1.3583611377891123,0.8564846361874747
2024-02-02,2.1966695452724347,1.3645237334473788,0.8463485658312216
2024-02-05,2.1966695452724347,1.385560458303551,0.8518824130661613
2024-02-06,2.1966695452724347,1.4012838055025278,0.8815000745299291
2024-02-07,2.1966695452724347,1.3829038603409856,0.8900018100125636
2024-02-08,2.1966695452724347,1.3782876573716676,0.8956714081897744
2024-02-19,2.1966695452724347,1.413414136920844,0.9060204212005707
2024-02-20,2.1966695452724347,1.4282553013739672,0.9078943165605502
2024-02-21,2.1966695452724347,1.4716213404114096,0.9201438427631439
2024-02-22,2.1966695452724347,1.474115353395716,0.9280759566448755
2024-02-23,2.1966695452724347,1.484308682414463,0.9288931240816847
2024-02-26,2.1966695452724347,1.43728574788532,0.9192095568663359
2024-02-27,2.1966695452724347,1.437950754627531,0.9302373245884883
2024-02-28,2.1966695452724347,1.4365183295931776,0.9183844040799813
2024-02-29,2.1966695452724347,1.442840020227108,0.9359042609825173
2024-03-01,2.1966695452724347,1.4427351353526967,0.9416856540533635
2024-03-04,2.1966695452724347,1.4314968133707133,0.9425028214901726
2024-03-05,2.1955712104997986,1.4628580384486234,0.9490614552501012
2024-03-06,2.1716692416363803,1.4493876999601585,0.945212516769234
2024-03-07,2.1911247612611757,1.4570521812511334,0.9395349332424777
2024-03-08,2.200093717339182,1.456109086866993,0.9435781818956155
2024-03-11,2.1749247115651804,1.4498640315210987,0.9553831903068504
2024-03-12,2.1119288380576875,1.4300167953419005,0.9575738378654628
2024-03-13,2.1134275367692466,1.4175014236823678,0.9508847767296267
2024-03-14,2.1236455587036667,1.4157121277877673,0.9481857285832924
2024-03-15,2.1406446173622364,1.431025640361897,0.9502539341155426
2024-03-18,2.1344218132419974,1.4252037884083388,0.9591815549072635
2024-03-19,2.1080799926778133,1.4089064160496976,0.9522875364664296
2024-03-20,2.1391283346847954,1.4213662050809241,0.9543504184323162
2024-03-21,2.1669809479464806,1.433437950573578,0.9532085134473286
2024-03-22,2.1824435646021985,1.4319268433227712,0.9436021379442516
2024-03-25,2.193804086411297,1.4386776044089653,0.9384808671024893
2024-03-26,2.2105402937620715,1.4615164070118891,0.943269415046528
2024-03-27,2.2309139888943723,1.4689074839329541,0.9323667511339196
2024-03-28,2.1785175110768966,1.4394250821045238,0.9372032111752305
2024-03-29,2.196639189864187,1.4398076817661152,0.9416004769915461
2024-04-01,2.216268859822666,1.4506934360762231,0.9570840697600136
2024-04-02,2.2310255132423134,1.4541682651066967,0.9530993803368752
2024-04-03,2.229735019483513,1.4453351623147361,0.9496710035987309
2024-04-08,2.2577928024011666,1.4561096081953038,0.9413156661910946
2024-04-09,2.2327539884356247,1.4467980840617864,0.9405384255020123
2024-04-10,2.2352597403144707,1.4493176069465592,0.9328778135048231
2024-04-11,2.22091869635696,1.4417722091698486,0.932752709695279
2024-04-12,2.215596778069642,1.4313609101778022,0.925193245458998
2024-04-15,2.2632737901940088,1.4639405697898757,0.9446881454824215
2024-04-16,2.2838056437937,1.4683058669939213,0.9345813547411682
2024-04-17,2.3099300668194833,1.497179629575776,0.9490321756351014
2024-04-18,2.3299250478178317,1.5119255739075297,0.9502033602350887
2024-04-19,2.346079418420268,1.511891377094636,0.9427131023615339
2024-04-22,2.318176948991446,1.5021265983344352,0.9398490236579289
2024-04-23,2.3069780265325504,1.4989633662795658,0.9332797427652733
2024-04-24,2.2926410803514115,1.492045817788909,0.9373788888652286
2024-04-25,2.315179069190828,1.511749055061728,0.939683993100658
2024-04-26,2.248218359501098,1.492635972893035,0.9540549604991375
2024-04-29,2.2470371158597153,1.5052763061049887,0.9646062690317497
2024-04-30,2.2570119435898834,1.5146016196156449,0.9594104682608973
2024-05-06,2.223846360781517,1.5118697934692626,0.9736483465002874
2024-05-07,2.2268959399582116,1.5127231325829236,0.9739491279998297
2024-05-08,2.2442841223254884,1.5119751546939764,0.9662858542194587
2024-05-09,2.2443022719905006,1.5116969088946741,0.9754264176657226
2024-05-10,2.2772750191128712,1.5275383070007922,0.9758842443729904
2024-05-13,2.2999928553750295,1.536760085258299,0.9754610208470859
2024-05-14,2.278719268320254,1.5253023687050762,0.973427418496199
2024-05-15,2.2966269206174332,1.5250913785030789,0.9651785524158344
2024-05-16,2.3128709701545587,1.5493033551337065,0.9689849023657929
2024-05-17,2.3407259859414,1.5702789038694935,0.9789958689125018
2024-05-20,2.346738404721899,1.5684844853945006,0.9824535252656459
2024-05-21,2.3799560440365313,1.5833750034844831,0.978514086156598
2024-05-22,2.390850084715507,1.5929819131220446,0.9807207044143011
2024-05-23,2.3821746209967367,1.581244221519031,0.9693655373607887
2024-05-24,2.362187211996434,1.5652331486829776,0.9586358893549967
2024-05-27,2.401041509153127,1.5847675862874917,0.9677471731862609
2024-05-28,2.39857995035322,1.5792423260955508,0.9606828006217926
2024-05-29,2.376176119873082,1.5635514494876261,0.9618406763058708
2024-05-30,2.3466378412725457,1.549357789813758,0.9567273908136539
2024-05-31,2.3401643575724838,1.550940136701989,0.9528970848150593
2024-06-03,2.323312978174147,1.5409931733382485,0.9552474393645791
2024-06-04,2.3268832118156895,1.5446155060184212,0.9624129596899554
2024-06-05,2.299868247534866,1.5333707415394644,0.9568551564063797
2024-06-06,2.2960880228191534,1.5309012393381387,0.9561790634782052
2024-06-07,2.3198653246138137,1.547601862441342,0.9513505887864399
2024-06-11,2.2719004655321573,1.5193099994818342,0.9430378399097123
2024-06-12,2.274152939276748,1.5146221037727592,0.9433679010242542
2024-06-13,2.2686763278496542,1.5122256654986406,0.9385793530802155
2024-06-14,2.2760471268215485,1.5271229344748958,0.9426784991801708
2024-06-17,2.2424814481860667,1.508440801588126,0.9412597687442771
2024-06-18,2.2449012398095354,1.5114218790783034,0.9437591831519772
2024-06-19,2.279283122886223,1.5295392856200107,0.9392767402738442
2024-06-20,2.266926690668985,1.5224433426669735,0.9324971785098274
2024-06-21,2.263954010230311,1.5169416366320714,0.9304582525925768
2024-06-24,2.2433856284042086,1.518987693166321,0.9254514384276314
2024-06-25,2.264259682643166,1.5286805121972795,0.9204180064308681
2024-06-26,2.2650810492298876,1.5330766958833935,0.9263697536253487
2024-06-27,2.296711496566936,1.5509980268607864,0.9194118523881518
2024-06-28,2.3118450040202676,1.557969444923367,0.9214188369072208
2024-07-01,2.35289309108713,1.5826703103248125,0.9258161027235364
2024-07-02,2.4013735999739882,1.6146815138335577,0.9241152232703732
2024-07-03,2.389515578426552,1.6001150320831976,0.9218846489640339
2024-07-04,2.389515578426552,1.6044582761684392,0.917199910564085
2024-07-05,2.389515578426552,1.5662766490354563,0.9132737803709461
2024-07-08,2.389515578426552,1.5764581150073813,0.9054747556483039
2024-07-09,2.389515578426552,1.5964299505887762,0.9156028406550115
2024-07-10,2.389515578426552,1.6080052876534416,0.9127174676859521
2024-07-11,2.389515578426552,1.5964917979666968,0.9231516577585656
2024-07-12,2.389515578426552,1.6347791533860523,0.9242775920444625
2024-07-15,2.389515578426552,1.6556435677526298,0.9253023785694512
2024-07-16,2.389515578426552,1.6543027139063322,0.9311662869189328
2024-07-17,2.389515578426552,1.6669006424201165,0.9320446753689231
2024-07-18,2.389515578426552,1.666687786291454,0.937195225825685
2024-07-19,2.389515578426552,1.6636491569584075,0.9420103916015417
2024-07-22,2.389515578426552,1.6351771173528136,0.9355954941334299
2024-07-23,2.389515578426552,1.6516094182544978,0.9156214731372841
2024-07-24,2.389515578426552,1.6498812959746394,0.9098427418496199
2024-07-25,2.389515578426552,1.6345931444798565,0.9048119716360384
2024-07-26,2.389515578426552,1.6066586433130814,0.9074790783841911
2024-07-29,2.389515578426552,1.6420222274869432,0.9025414705819722
2024-07-30,2.389515578426552,1.6327235521212027,0.8968559017056706
2024-07-31,2.389515578426552,1.624291941044648,0.9162070654372777
2024-08-01,2.389515578426552,1.6314260037404222,0.9101355379996167
2024-08-02,2.389515578426552,1.622077951098621,0.9008512382615361
2024-08-05,2.389515578426552,1.6094361294011577,0.8899192947339282
2024-08-06,2.389515578426552,1.590237279473202,0.8898287941057473
2024-08-07,2.389515578426552,1.5953358977522336,0.8894321884116606
2024-08-08,2.389515578426552,1.6000932849592857,0.8898181469730202
2024-08-09,2.389515578426552,1.609618719926868,0.8868076701944166
2024-08-12,2.389515578426552,1.6091407212098112,0.8852718212985243
2024-08-13,2.389515578426552,1.615776935077859,0.8875423223525903
2024-08-14,2.389515578426552,1.6133222247430903,0.8808479376503907
2024-08-15,2.389515578426552,1.6367308869437762,0.889554630438023
2024-08-16,2.389515578426552,1.6613491709201103,0.8905341666489215
2024-08-19,2.389515578426552,1.6942222827681699,0.8935526287770702
2024-08-20,2.389515578426552,1.698323225149985,0.887092480994868
2024-08-21,2.389515578426552,1.6814206629341004,0.8841485487958092
2024-08-22,2.389515578426552,1.702225115031362,0.8818860330912884
2024-08-23,2.389515578426552,1.710947831080266,0.8856258384617023
2024-08-26,2.389515578426552,1.711539825581278,0.8848352888567108
2024-08-27,2.389515578426552,1.7196441881800728,0.8798071804263111
2024-08-28,2.389515578426552,1.7050091099764673,0.8747950426950022
2024-08-29,2.389515578426552,1.6419940080351132,0.8724473499286641
2024-08-30,2.389515578426552,1.6058915848647264,0.8840926513489916
2024-09-02,2.389515578426552,1.6169072722164723,0.8690748706373373
2024-09-03,2.389515578426552,1.5821176302330913,0.8713160920764037
2024-09-04,2.389515578426552,1.577276897203767,0.8656544792487383
2024-09-05,2.389515578426552,1.5714435611577993,0.8671450778305403
2024-09-06,2.389515578426552,1.5758303948483778,0.8601153084474351
2024-09-09,2.389515578426552,1.545938892204621,0.8498940610293647
2024-09-10,2.389515578426552,1.5643193720107722,0.8506420221034475
2024-09-11,2.389515578426552,1.523362849171905,0.8480787248993846
2024-09-12,2.389515578426552,1.5374632680653408,0.8444427290730605
2024-09-13,2.389515578426552,1.5318326450081894,0.8409238517067353
2024-09-18,2.389515578426552,1.5503563962132783,0.8440541087285195
2024-09-19,2.389515578426552,1.5529628894396883,0.8507165520325376
2024-09-20,2.389515578426552,1.5645273072276005,0.8520501054066141
2024-09-23,2.389515578426552,1.5932017158583176,0.8551670535124891
2024-09-24,2.389515578426552,1.6665322236067865,0.8922057664870849
2024-09-25,2.389515578426552,1.7022076581105936,0.9054135346351228
2024-09-26,2.389515578426552,1.770142219626092,0.9436873150060688
2024-09-27,2.3883208206373387,1.7484172655335326,0.9858393134728817
2024-09-30,2.4920512401856487,1.8305723688699826,1.0694645556951512
2024-10-08,2.573511866944445,1.8764291441818193,1.1328815400012777
2024-10-09,2.3927296999733287,1.764719541345293,1.052996103149422
2024-10-10,2.501887266335568,1.843204792281825,1.0641250186324822
2024-10-11,2.4540267928978103,1.8231989560695412,1.0346803730755307
2024-10-14,2.530078044936211,1.88735430240438,1.0544228189348608
2024-10-15,2.4763112819296613,1.840741688057515,1.026380933114712
2024-10-16,2.5289633084349825,1.8781044066692028,1.0198861821511467
2024-10-17,2.4921059332411724,1.8528031753826688,1.008342028491727
2024-10-18,2.4873422265645013,1.8595590552632704,1.0448111198654202
2024-10-21,2.4577974485615095,1.8322218403543131,1.047464917697664
2024-10-22,2.4508512279842583,1.828841906738997,1.053475224122144
2024-10-23,2.4613582488410004,1.8344202523795168,1.0575823555716446
2024-10-24,2.4531861552513328,1.8310897375470878,1.0457693618108643
2024-10-25,2.436158146082882,1.8168122927042087,1.0531132216094206
2024-10-28,2.4286735894766474,1.80204198875277,1.0551734417921252
2024-10-29,2.419468171924382,1.799568089121684,1.0446567364408765
2024-10-30,2.390674753993311,1.7743206644220373,1.0352872596409786
2024-10-31,2.3818228002859305,1.7714669429487635,1.035710483166883
2024-11-01,2.389538297778019,1.7893179554181369,1.0354389812823406
2024-11-04,2.413533175448846,1.7989889722174732,1.0500095824194544
2024-11-05,2.4418833656376076,1.8141153998000603,1.0765768403568918
2024-11-06,2.41249618344706,1.7977420019605395,1.0711760822810417
2024-11-07,2.4924463101684418,1.8372102110668935,1.1034954536743253
2024-11-08,2.4406934409742056,1.8116165497374095,1.0924091267221738
2024-11-11,2.390657327466423,1.7865522623039778,1.0996172355784588
2024-11-12,2.363598026980061,1.7681255589615634,1.0875354017163177
2024-11-13,2.3715319196065496,1.778784306772329,1.0942297864185175
2024-11-14,2.373745783416707,1.7834535185817688,1.0752592576819062
2024-11-15,2.350820162497354,1.7773035006890847,1.0564164945380208
2024-11-18,2.4019442946492973,1.8278470170710817,1.05150550456762
2024-11-19,2.3889379249751177,1.8235653554468871,1.058561891782543
2024-11-20,2.373185605589412,1.8127721349643309,1.0609255552479717
2024-11-21,2.369190867039991,1.8071238103574747,1.0618651647111432
2024-11-22,2.3016753181952208,1.7661820041024023,1.0289655245842293
2024-11-25,2.2754951719752277,1.7658200689428334,1.0242781244010988
2024-11-26,2.2843945002184953,1.783961844603571,1.0221726539043035
2024-11-27,2.3089727705222765,1.8065954231583858,1.0399693362577458
2024-11-28,2.3031070167050287,1.804543779294085,1.030788846063755
2024-11-29,2.3032377422804577,1.8025254556781616,1.0425086774131727
2024-12-02,2.308113334571613,1.8018724013915803,1.050773514192628
2024-12-03,2.3487852543130083,1.8311191630586032,1.05190743382807
2024-12-04,2.353225924492479,1.838690578830792,1.0462298503013139
2024-12-05,2.3386583354360972,1.8325730135939153,1.043842230787249
2024-12-06,2.374791938603749,1.8540573099503173,1.057563723089372
2024-12-09,2.379910587391664,1.8594373181852912,1.0558149315389367
2024-12-10,2.3952519944776087,1.8805639754877839,1.0635527352483976
2024-12-11,2.3707456071065973,1.8550409485720325,1.0617400609015992
2024-12-12,2.417062093417603,1.8841616292349552,1.0722993547837567
2024-12-13,2.365185926035906,1.8533875401746531,1.0469272374949425
2024-12-16,2.370297502817171,1.8722054762973666,1.0412469921850045
2024-12-17,2.345493194944487,1.8660132650830175,1.0439593492472476
2024-12-18,2.3854949227392366,1.8882718386468347,1.0492456506462808
2024-12-19,2.361280763737677,1.868724015867217,1.0501959072421796
2024-12-20,2.3589126333131945,1.8693241911642489,1.0454792274440492
2024-12-23,2.389182410830136,1.9063165334512384,1.0470310470390325
2024-12-24,2.4142300792205957,1.9352217275192267,1.0603719043461595
2024-12-25,2.42971849254198,1.962628054323151,1.0608882902834267
2024-12-26,2.412337835487823,1.9567215721483546,1.0613807201720575
2024-12-27,2.4141957759755774,1.9552864944453334,1.0596638700198038
2024-12-30,2.429084397492557,1.9802874329665912,1.0644604033133878
2024-12-31,2.4210357517522283,1.9556960170970987,1.047387725985392
2025-01-02,2.3630718005528695,1.908274454238403,1.0169076467707245
2025-01-03,2.3362671976199545,1.8941502485887953,1.0048657396563105
2025-01-06,2.348779426370263,1.9097387439678541,1.003218095866783
2025-01-07,2.3887213338767834,1.9302959383422085,1.0104421754221589
2025-01-08,2.4265038151590264,1.9445657698811654,1.008608206809906
2025-01-09,2.4024262633209768,1.925617860740634,1.006122101318115
2025-01-10,2.3846354792045434,1.9137613920376721,0.9935052490364344
2025-01-13,2.3435188963986073,1.8871933181859446,0.9908514512041907
2025-01-14,2.3606428857733355,1.9156749171578995,1.0169449117352696
2025-01-15,2.3663789230470047,1.928140550878104,1.0104208811567046
2025-01-16,2.3918192589122245,1.9446960128424904,1.0115787568407828
2025-01-17,2.365901551644585,1.9313967324016197,1.0147622495262025
2025-01-20,2.349341503072198,1.929556535685631,1.0193777815634248
2025-01-21,2.344739854822621,1.9308158303051035,1.0201576840356892
2025-01-22,2.3046011492697325,1.8933856668110838,1.0106843976917015
2025-01-23,2.384081242405124,1.950437653219518,1.012473115989864
2025-01-24,2.3775503131259303,1.951252010087013,1.0202242286152339
2025-01-27,2.4306833286528797,1.982116871144808,1.0160239347543707
2025-02-05,2.382193053355914,1.9464018472014595,1.0101680117544345
2025-02-06,2.381638360435219,1.9481547451796224,1.0228780264474777
2025-02-07,2.368735303032668,1.9416010474142111,1.03615233917506
2025-02-10,2.3772283899782485,1.945401794544371,1.0383775899150358
2025-02-11,2.394944861719279,1.9676981601822796,1.0336076744532696
2025-02-12,2.4200784236243638,1.9847491172683696,1.0433817422967995
2025-02-13,2.4204788412104716,1.986946328405362,1.0394635974532058
2025-02-14,2.4418290259138864,1.9973158402482762,1.0484790570899256
2025-02-17,2.4376727449289293,1.9962701739955757,1.0507122931794468
2025-02-18,2.4747271799814823,2.019749408473672,1.0414971998040927
2025-02-19,2.465537206729573,2.0093647478142644,1.0487851621558313
2025-02-20,2.466257506893239,2.008125004097259,1.045787994293137
2025-02-21,2.4310827680175073,1.9799363095907243,1.0589744681757203
2025-02-24,2.4107840135772025,1.9665706913852428,1.0566533932412001
2025-02-25,2.392607819378214,1.9500242602028195,1.0449229147590553
2025-02-26,2.4041227064291792,1.961744484357495,1.0540501692894104
2025-02-27,2.437302570621466,1.9829127356353653,1.0562275079321137
2025-02-28,2.4183840568361235,1.9685592782371928,1.035446966631886
2025-03-03,2.41931858137205,1.9702050513791787,1.0350264048891633
2025-03-04,2.416640267405362,1.9638439268091765,1.0341613253550819
2025-03-05,2.462276932148295,1.9999295180086987,1.038779519175486
2025-03-06,2.4525857759381737,1.9836655296336907,1.0530653095121483
2025-03-07,2.4731872470322576,1.986799991803246,1.0498099486808203
2025-03-10,2.440957550768803,1.9674487185759337,1.045761376461319
2025-03-11,2.4651745017106244,1.9782985814240288,1.0491205468367368
2025-03-12,2.4602407221289075,1.9755751548050664,1.045343476501778
2025-03-13,2.476310806553683,1.9842040006620292,1.041177785822278
2025-03-14,2.5298131808584987,2.0065217898931147,1.0664594024829113
2025-03-17,2.53336762882306,2.0119069894270547,1.0638588403143032
2025-03-18,2.530276559045273,2.009446167767001,1.0667681693319988
2025-03-19,2.5740365640524194,2.0316272173217924,1.0674203062115373
2025-03-20,2.5503235650635463,2.0222683619424195,1.058056152978003
2025-03-21,2.500021359584569,1.9955215546764555,1.0420082621749962
2025-03-24,2.5135681253828843,2.008330234761334,1.0473717552863013
2025-03-25,2.5122584100590624,2.0178735900718654,1.046693000574945
2025-03-26,2.441179656340026,1.9936792420386382,1.04324865313771
2025-03-27,2.4546562228434,2.0020705462042483,1.0467222801899447
2025-03-28,2.4507716262236086,1.9921372075583001,1.0421333659845404
2025-03-31,2.4291752003503846,1.995743253433908,1.0347176380400758
2025-04-01,2.416252538691682,1.9824081523464923,1.034816124017802
2025-04-02,2.416252538691682,2.004288055641229,1.0339403973509933
2025-04-03,2.416252538691682,2.0119925105571648,1.027847575647878
2025-04-07,2.416252538691682,1.913465621265852,0.9554311024041225
2025-04-08,2.416252538691682,1.9554902910519514,0.9717531568748536
2025-04-09,2.416252538691682,1.937967935213824,0.9813435616788398
2025-04-10,2.416252538691682,1.9435749614231783,0.9942079597964267
2025-04-11,2.416252538691682,1.9551728383334337,0.998307105896382
2025-04-14,2.416252538691682,1.9676648014205438,1.0006015629990843
2025-04-15,2.416252538691682,1.9962164735593937,1.0011578756840782
2025-04-16,2.416252538691682,2.0162977812597944,1.004242882391772
2025-04-17,2.416252538691682,2.020464071196249,1.0040831754008646
2025-04-18,2.416252538691682,2.0374637969143508,1.0041630288963181
2025-04-21,2.416252538691682,2.008520394326133,1.0074529929090097
2025-04-22,2.416252538691682,2.028503358432133,1.007205447073103
2025-04-23,2.416252538691682,2.0179113258014683,1.0079853495453674
2025-04-24,2.416252538691682,2.042358408789606,1.0073145801835566
2025-04-25,2.416252538691682,2.028785025078314,1.008014629160367
2025-04-28,2.416252538691682,2.0523660624777125,1.0065852515917464
2025-04-29,2.416252538691682,2.0491945914038188,1.0048444453908563
2025-04-30,2.416252538691682,2.0063074049980334,1.0036439811758693
2025-05-06,2.416252538691682,2.0056466465475657,1.0137507719171226
2025-05-07,2.416252538691682,2.041647298461757,1.019896829283874
2025-05-08,2.416252538691682,2.058462400716535,1.0255584421115393
2025-05-09,2.416252538691682,2.0889529071299697,1.0237644002470134
2025-05-12,2.416252538691682,2.085972873535345,1.0355960264900663
2025-05-13,2.416252538691682,2.1183453008353506,1.0370999339877771
2025-05-14,2.416252538691682,2.1340348832318776,1.0495970060262771
2025-05-15,2.416252538691682,2.132864345906617,1.0400119247886543
2025-05-16,2.416252538691682,2.1118455781997825,1.0351914354464342
2025-05-19,2.416252538691682,2.103615857865623,1.032013266327378
2025-05-20,2.416252538691682,2.1091183751487197,1.0376083345754987
2025-05-21,2.416252538691682,2.1198931893590873,1.0424554417495369
2025-05-22,2.416252538691682,2.1392084401742038,1.0417873341709076
2025-05-23,2.416252538691682,2.117595498381223,1.033376099316454
2025-05-26,2.416252538691682,2.1045227711630385,1.0274775877856093
2025-05-27,2.416252538691682,2.122908851058989,1.021965034816124
2025-05-28,2.416252538691682,2.1234675731511663,1.0211239113306785
2025-05-29,2.416252538691682,2.1173922873204374,1.027102276356977
2025-05-30,2.416252538691682,2.133406895131042,1.0221859628202126
2025-06-03,2.416252538691682,2.1702546904989446,1.0253215434083602
2025-06-04,2.416252538691682,2.168897040017727,1.0297747066714933
2025-06-05,2.416252538691682,2.1530284895521734,1.0321223994378312
2025-06-06,2.416252538691682,2.1576151602782137,1.0311694810587508
2025-06-09,2.416252538691682,2.163280982598753,1.0341693107046273
2025-06-10,2.416252538691682,2.177829335846416,1.0289043035710483
2025-06-11,2.416252538691682,2.181064669013139,1.0366660633291456
2025-06-12,2.416252538691682,2.1930547808060585,1.0360192500159706
2025-06-13,2.416252538691682,2.1722554847024433,1.0285609335405974
2025-06-16,2.416252538691682,2.2031325738049556,1.0311215689614788
2025-06-17,2.416252538691682,2.1974811370814753,1.0302112391133067
2025-06-18,2.416252538691682,2.2246157691034916,1.031432997593748
2025-06-19,2.416252538691682,2.221400019371977,1.0229472328102043
2025-06-20,2.416252538691682,2.2548730272003965,1.0238921658397393
2025-06-23,2.416252538691682,2.2873761209259835,1.0268893337024338
2025-06-24,2.416252538691682,2.298303311947533,1.0391681395200272
2025-06-25,2.416252538691682,2.319687601519337,1.0540847724707736
2025-06-26,2.416252538691682,2.3465425388351187,1.0503449671003597
2025-06-27,2.416252538691682,2.2817315626402026,1.0438874811013394
2025-06-30,2.416252538691682,2.2806212043906684,1.0476991546176615
2025-07-01,2.4150444124223363,2.320832852744972,1.0494772257830967
2025-07-02,2.4462843424201743,2.335867734263764,1.0497221098358211
2025-07-03,2.451136511713201,2.332084116130524,1.056214199016205
2025-07-04,2.526952826869753,2.3813453302661864,1.059975298652073
2025-07-07,2.568044364538156,2.3983062598132525,1.055442281893486
2025-07-08,2.547463715924624,2.3898577336471294,1.0643006963224804
2025-07-09,2.5415448185893834,2.402945517966553,1.062424139179319
2025-07-10,2.585763347479588,2.4387335238051135,1.0673803794638104
2025-07-11,2.517889238301083,2.395270828989281,1.0686553736078874
2025-07-14,2.551454160002083,2.413305797248439,1.0694166435978791
2025-07-15,2.52563910530797,2.389375612019482,1.0697866314601476
2025-07-16,2.5187437557690093,2.3805786159902422,1.0666297566065457
2025-07-17,2.526861549919598,2.3715336936240505,1.0738937629096483
2025-07-18,2.5377117642289586,2.387429569659551,1.080298013245033
2025-07-21,2.5160998041043903,2.368775779519492,1.0875007985349545
2025-07-22,2.4732278652660566,2.337888596255067,1.0963778454462214
2025-07-23,2.4726139706281653,2.34954841333093,1.0965934498839462
2025-07-24,2.4170672824264336,2.316295966993886,1.1043844892570431
2025-07-25,2.404068509553733,2.305115585453147,1.0985605076552885
2025-07-28,2.3954384150474355,2.307815974131371,1.1008656118907176
2025-07-29,2.350766610810084,2.277208693745096,1.1051777006452164
2025-07-30,2.3667914260329694,2.2937641211280444,1.1049700815570367
2025-07-31,2.3649365633285284,2.285715614630779,1.0848336917868018
2025-08-01,2.377521545487986,2.293647598497455,1.0793344477332254
2025-08-04,2.403704277145018,2.310131607410701,1.083532079810907
2025-08-05,2.4826474628820234,2.3503440641391964,1.0922494197312662
2025-08-06,2.48373656636168,2.3461537932709082,1.0949218500457827
2025-08-07,2.5023747324763232,2.358593946393628,1.0952359404612337
2025-08-08,2.5171926435494623,2.3548149662890174,1.0926540107748983
2025-08-11,2.4954519689915684,2.328797695416188,1.0973227784757564
2025-08-12,2.512878776708031,2.339297548560034,1.102997700219331
2025-08-13,2.488694658957971,2.3125300788784395,1.1117150401396902
2025-08-14,2.501038150137815,2.310997391611311,1.1108446370392453
2025-08-15,2.451576087487054,2.2725822646798233,1.118574455399161
2025-08-18,2.4663958765684764,2.2792833178451275,1.1284390238708715
2025-08-19,2.4769441776841736,2.2860100756658093,1.1241695236472817
2025-08-20,2.4897977116127326,2.298671831995981,1.1369540682694148
2025-08-21,2.5209493615682432,2.315199752515898,1.1413912608334575
2025-08-22,2.5339239734758596,2.309861972779904,1.1653286769872873
2025-08-25,2.544056511870336,2.3271885417194884,1.189609463171568
2025-08-26,2.536390269666895,2.3125120910163894,1.1851829177402526
2025-08-27,2.482202657671885,2.265975812080688,1.167492706714082
2025-08-28,2.474679248177029,2.2736185481972577,1.1881614531206746
2025-08-29,2.4663965301802473,2.2528464601490885,1.1969400140542152
2025-09-01,2.4555532734519314,2.2318338568163987,1.2041135197291368
2025-09-02,2.5094322162075473,2.2744598026159384,1.195260428866506
2025-09-03,2.4927750645125686,2.246368952392523,1.187110048763868
2025-09-04,2.5483638909957085,2.265315847652868,1.161924256297779
2025-09-05,2.505818857287471,2.241038423368646,1.1872404761397755
2025-09-08,2.4894698663645998,2.2236549634275593,1.1891702689465726
2025-09-09,2.526644812662048,2.241799897624511,1.180836225804391
2025-09-10,2.5258941007980904,2.2455128273988225,1.183258448499819
2025-09-11,2.5387224840601617,2.259445348172289,1.210586976427248
2025-09-12,2.4982613647389407,2.2250124473098687,1.203658354805051
2025-09-15,2.4721822201943735,2.204688806320003,1.2066022870041098
2025-09-16,2.4430842943109363,2.1783553297367995,1.2040150337514108
2025-09-17,2.421845699884448,2.1675164398200777,1.2113828495986032
2025-09-18,2.366273558933118,2.1235018229224787,1.1972993547837567
2025-09-19,2.34542455076554,2.125614506750232,1.1983134941760183
2025-09-22,2.3065729643047908,2.0981512055663036,1.20382072357914
2025-09-23,2.3440459890322534,2.1309889214187026,1.2030674389386937
2025-09-24,2.3440459890322534,2.120681110671483,1.2153888332871956
2025-09-25,2.3440459890322534,2.1112169076318703,1.2226874427716614
2025-09-26,2.3440459890322534,2.110724577580294,1.2111246566299696
2025-09-29,2.3440459890322534,2.095701051516233,1.2297571389024935
2025-09-30,2.3440459890322534,2.0837002532628577,1.2352510593897061
2025-10-09,2.3440459890322534,2.082108438731086,1.2535614658972338
2025-10-10,2.3440459890322534,2.0909683984582284,1.2289000447179574
2025-10-13,2.3440459890322534,2.105134868423615,1.2228178701475692
2025-10-14,2.3440459890322534,2.1541348043703383,1.2081993569131833
2025-10-15,2.3440459890322534,2.1700681550363874,1.2260945252443516
2025-10-16,2.3440459890322534,2.2037259446033093,1.229323268243862
2025-10-17,2.3440459890322534,2.19546186039436,1.2015901492728007
2025-10-20,2.3440459890322534,2.2000385580335187,1.207975767125913
2025-10-21,2.3440459890322534,2.2034258969345495,1.2265150869870742
2025-10-22,2.3440459890322534,2.226136680810493,1.222442558718937
2025-10-23,2.3440459890322534,2.243129936993608,1.2261078341602607
2025-10-24,2.3440459890322534,2.234354895459633,1.240571963970103
2025-10-27,2.3440459890322534,2.2376422079825433,1.255302272098124
2025-10-28,2.3440459890322534,2.2271466583539725,1.248900683545921
2025-10-29,2.3428739660377373,2.1827197792971886,1.263772066182577
2025-10-30,2.342286973909466,2.182413599326945,1.2536759225740508
2025-10-31,2.3203067198091727,2.161554541942008,1.2352457358233428
2025-11-03,2.347810470678896,2.1903312791338125,1.2386341858137602
2025-11-04,2.3928247116256154,2.2342167260070234,1.229397798172952
2025-11-05,2.391072775868569,2.2323985733338136,1.2316762845765636
2025-11-06,2.379593817593265,2.221225338086854,1.2492813185409168
2025-11-07,2.364571910243943,2.2177964232655083,1.2453924533123228
2025-11-10,2.37864059460046,2.2327143567978562,1.2497205127659121
2025-11-11,2.4037562996608512,2.2421195105668956,1.2383067864824002
2025-11-12,2.447444890791061,2.25487684506758,1.2366405102106002
2025-11-13,2.443630394747921,2.2526736230151028,1.251589084559528
2025-11-14,2.45369988759868,2.260539385314047,1.231910521496561
2025-11-17,2.4202982497772045,2.238425001699128,1.2239012159025575
2025-11-18,2.411837534280453,2.2319956173565263,1.2159531313217349
2025-11-19,2.4498000649221434,2.2599407069245636,1.2213033155171311
2025-11-20,2.481742786063772,2.2913335872191896,1.2150907135708353
2025-11-21,2.4750424587633355,2.2671517115626867,1.185454419624795
2025-11-24,2.450337110256735,2.24828470316911,1.1839744681757203
2025-11-25,2.479355815515924,2.281282396813931,1.1952471199505972
2025-11-26,2.4350446331400555,2.257398013901315,1.202495155554609
2025-11-27,2.454674843055583,2.27038609733406,1.2019015779050701
2025-11-28,2.429434439771138,2.2503177866377846,1.2048987457677647
2025-12-01,2.42216023704999,2.2597889386896415,1.21816241136262
2025-12-02,2.4239071314901834,2.25444044304826,1.2122638998317752
2025-12-03,2.398963039543534,2.231860816180049,1.2060672685845701
2025-12-04,2.3822845133791537,2.221510734700864,1.2101983560827068
2025-12-05,2.357986136578047,2.209533801173943,1.2203051468239603
2025-12-08,2.3628799303366583,2.216066440560686,1.2302096420433977
2025-12-09,2.3963218425196677,2.2143577570592177,1.223946466216648
2025-12-10,2.3445427044068783,2.177294819930429,1.2222455867634845
2025-12-11,2.3719550187351897,2.186045164487743,1.2116916164476907
2025-12-12,2.330278325690595,2.1775908328506013,1.219349566661698
2025-12-15,2.3196520795252105,2.1837275848474245,1.2116596750495092
2025-12-16,2.302204324547907,2.170184398123498,1.1971502949255766
2025-12-17,2.3155039308611958,2.1769964509785775,1.2190647558612466
2025-12-18,2.362157827330998,2.2159332457696097,1.2118539852217798
2025-12-19,2.3401674014189546,2.2082682282704447,1.2159504695385532
2025-12-22,2.346792342469199,2.197195047948533,1.2275132556802453
2025-12-23,2.3614009634858384,2.2038308795859463,1.2299381401588552
2025-12-24,2.3532756116978013,2.1975805272341438,1.2334862971401803
2025-12-25,2.348005003593068,2.198291332892407,1.2357434892783372
2025-12-26,2.3276889326704384,2.188657050203185,1.2396563105555674
2025-12-29,2.3593853270356053,2.2127215413873498,1.23489970400971
2025-12-30,2.351592558137606,2.2071737909327394,1.238069887779221
2025-12-31,2.373446191678854,2.211559687341127,1.2323896424692828
2026-01-05,2.3511560432456835,2.200672219564008,1.2557627605885735
2026-01-06,2.3300163722277585,2.212373561792347,1.2751778071165434
2026-01-07,2.3102652911638852,2.197621938214227,1.2714459870956751
2026-01-08,2.3028628932422754,2.1796441179143535,1.2610597091203337
2026-01-09,2.298049480491708,2.169037344117289,1.2667213219479994
2026-01-12,2.311126079317793,2.17828142461356,1.2749728498115458
2026-01-13,2.328879298989598,2.192559007062361,1.2672829581993568
2026-01-14,2.294035992029656,2.1507487255865794,1.2621989523221397
2026-01-15,2.283853526648594,2.1363006237413114,1.2647276463448394
2026-01-16,2.265559368396918,2.1113539459656208,1.2595211984412598
2026-01-19,2.2508549041706436,2.0992499945977148,1.260210600285343
2026-01-20,2.270196642392999,2.1163615555428548,1.2560635420881157
2026-01-21,2.2213136549408365,2.080380353446444,1.257178829241285
2026-01-22,2.1942649379864103,2.070209968088517,1.2573491833649197
2026-01-23,2.1793047064450253,2.05396745628087,1.251703541236345
2026-01-26,2.1793047064450253,2.0604193231747168,1.252890696535423
2026-01-27,2.1793047064450253,2.057828854206542,1.2525526500713355
2026-01-28,2.1793047064450253,2.0463912148636534,1.2558266433849363
2026-01-29,2.1793047064450253,2.0703105149493735,1.2653771214411957
2026-01-30,2.1793047064450253,2.05781000390903,1.252725665978152
2026-02-02,2.1793047064450253,2.0663227962604735,1.2260120099657161
2026-02-03,2.1793047064450253,2.0451718296134693,1.2404202423287407
2026-02-04,2.1793047064450253,2.071456485217011,1.2506867400609016
2026-02-05,2.1793047064450253,2.0982997645342216,1.2431645407891654
2026-02-06,2.1793047064450253,2.0922647495565694,1.236025638295607
2026-02-09,2.1793047064450253,2.100186908632948,1.256111454185388
2026-02-10,2.1793047064450253,2.106487537995564,1.2575062285726455
2026-02-11,2.1793047064450253,2.111608440134179,1.2547166797981302
2026-02-12,2.1793047064450253,2.080238769270738,1.2562498669108408
2026-02-13,2.1793047064450253,2.0653497978182638,1.2405000958241945
2026-02-24,2.1793047064450253,2.060246900124438,1.2530450799599668
2026-02-25,2.1793047064450253,2.051570653615587,1.260591235280339
2026-02-26,2.1793047064450253,2.04473838739751,1.258190306850365
2026-02-27,2.1793047064450253,2.044371912512777,1.253872894529503
2026-03-02,2.178941488993951,2.055874581057706,1.2586694278230872
2026-03-03,2.1793901077892968,2.0782780382011534,1.2392996316092075
2026-03-04,2.1798385419678543,2.0542512651315796,1.225117650816635
2026-03-05,2.1834245399805505,2.075855790307627,1.2371143076169586
2026-03-06,2.182530975609779,2.0784347886780705,1.2405080811737397
2026-03-09,2.1753766024055676,2.068972781611269,1.2285353804220522
2026-03-10,2.1776271472042494,2.073135839730271,1.244319754690062
2026-03-11,2.189305840650477,2.0944721841397316,1.2522358978727028
2026-03-12,2.202639006549688,2.1083957460121145,1.2477268371627521
2026-03-13,2.2096649682930685,2.113851763770947,1.2428238325418965
2026-03-16,2.2166465321739315,2.1171559023229873,1.2434679840718894
2026-03-17,2.2097086713533556,2.135169390312193,1.2343859798556247
2026-03-18,2.207963245862555,2.129117833722376,1.2399464449223823
2026-03-19,2.1939777304493324,2.125961263228218,1.2199617767935094
2026-03-20,2.1904362006180986,2.1152355802524054,1.2156417026894657
2026-03-23,2.1646768130195886,2.0480606118809446,1.175975809714444
2026-03-24,2.1778705136453906,2.089782779757656,1.191073443921552
2026-03-25,2.1886587267160804,2.10931524443067,1.2077761333872787
2026-03-26,2.18954896821566,2.1119565539950456,1.1918214049956346
2026-03-27,2.184211859213306,2.1039007703984987,1.1984865100828346
2026-03-30,2.1860825403544433,2.1156590496299903,1.1956596963437744
2026-03-31,2.1860825403544433,2.1335127910323717,1.184506824812078
2026-04-01,2.1860825403544433,2.1320052914682233,1.2047417005600392
2026-04-02,2.1860825403544433,2.1454662388196244,1.1921887310747215
2026-04-03,2.1860825403544433,2.1215342207372196,1.1820420135857412
2026-04-07,2.1860825403544433,2.0988103696319955,1.1819967632716508
2026-04-08,2.1860825403544433,2.1147961465542946,1.223238431890292
2026-04-09,2.1860825403544433,2.099144430327988,1.2154287600349227
2026-04-10,2.1860825403544433,2.095571335731939,1.234154404718809
2026-04-13,2.1860825403544433,2.097562600414615,1.236704393006963
2026-04-14,2.1860825403544433,2.1162036111868003,1.2513788036881666
2026-04-15,2.1860825403544433,2.1350189033438753,1.2471119652477587
2026-04-16,2.1860825403544433,2.125313279752801,1.2607828836694277
2026-04-17,2.1860825403544433,2.1148895801928718,1.2586694278230872
2026-04-20,2.1860825403544433,2.1356005648189456,1.2663273780370945
2026-04-21,2.1860825403544433,2.1429115523799327,1.2691382210770639
2026-04-22,2.1860825403544433,2.1268669233191932,1.277557441281063
2026-04-23,2.1860825403544433,2.1244236187928656,1.2740172696492833
2026-04-24,2.1860825403544433,2.1191923055394315,1.269502885372969
2026-04-27,2.1860825403544433,2.115178024398822,1.2699234471156917
2026-04-28,2.184989499084266,2.119617974915137,1.2665323353420923
2026-04-29,2.1819140950760305,2.113960493704061,1.280410872851941
2026-04-30,2.1873786876155488,2.1039367980530392,1.2796016907646772
2026-05-06,2.1620373468178546,2.085876246520577,1.2981756138072018
2026-05-07,2.142047892586267,2.07998488061062,1.304409510018952
2026-05-08,2.1328356707554295,2.0784508273825524,1.2967968101190348
2026-05-11,2.1273851477300094,2.0766007812091907,1.3180724430910755
2026-05-12,2.1282973441859685,2.074008080456649,1.3170636272651775
2026-05-13,2.1260057850462895,2.066504792634953,1.330449734886395
2026-05-14,2.1399922104362346,2.072263784136522,1.3081599625220928
2026-05-15,2.1445328770307346,2.0649398762516413,1.2935174932390707
2026-05-18,2.1281823394952206,2.0479282872162687,1.2865782244841466
2026-05-19,2.150246457648172,2.0546812956577702,1.2917314367240902
2026-05-20,2.1213406628137816,2.035126496764185,1.2911511679904601
2026-05-21,2.1460014760496087,2.0371748663923985,1.2731575136815656
2026-05-22,2.1535784377139517,2.0386245165973227,1.2896605694086583
2026-05-25,2.165578236951667,2.0441621688921514,1.3100232107493452
2026-05-26,2.1759868002439555,2.053503291998073,1.3170103916015419
2026-05-27,2.1574199073225726,2.0464942439460008,1.3064484359362023
2026-05-28,2.1361944306302165,2.027930448524292,1.308056152978003
2026-05-29,2.141085794611098,2.061330157176689,1.3021762739294307
2026-06-01,2.16647231795758,2.0833536755119075,1.289436979621388
2026-06-02,2.182710454868263,2.090594892378302,1.3081493153893657
2026-06-03,2.1655272571184887,2.071389315680199,1.3146041396052044
2026-06-04,2.152182514777073,2.049373672030668,1.3055381060880304
2026-06-05,2.1955809362645464,2.08210721974376,1.2821596644023765
2026-06-08,2.230676181298907,2.0974786068589655,1.2546687677008581
2026-06-09,2.2356087299935434,2.102593019075472,1.2781377100146931
2026-06-10,2.271128242751728,2.139062384104781,1.2639716999212112
2026-06-11,2.2737855622758065,2.133590167005461,1.2570031515512872
2026-06-12,2.30416622701984,2.167817231656097,1.2716190030024914
2026-06-15,2.2408415745897403,2.1329205656267862,1.3020671408189775
2026-06-16,2.1987287703920213,2.1087654033698877,1.300076126998999
2026-06-17,2.177481588446695,2.0845431216126515,1.3126290964843168
2026-06-18,2.122454191210558,2.0340091665679454,1.3153467771129235
2026-06-22,2.147861918120609,2.052846047082071,1.346771789357126
2026-06-23,2.199919850586086,2.073929952773969,1.3094349566661698
2026-06-24,2.1582597190450534,2.022946261399383,1.3157247503247376
2026-06-25,2.119083673563647,1.9981403016498471,1.3362417750899682
2026-06-26,2.10921154379737,1.9771466515193654,1.2958146121249547
2026-06-29,2.1236959318938022,1.985695051677537,1.311439279402057
2026-06-30,2.1236959318938022,1.9442493271593309,1.325416302889632
2026-07-01,2.1236959318938022,1.9538232780897729,1.3199729562828728
2026-07-02,2.1236959318938022,1.9709433882102012,1.2809299205723899
2026-07-03,2.1236959318938022,1.9691458382211147,1.288880666936394
2026-07-06,2.1236959318938022,2.0064758417292516,1.2888354166223035
2026-07-07,2.1236959318938022,2.015098090698975,1.2755957070760844
2026-07-08,2.1236959318938022,2.0376517871509936,1.2658189774493729
2026-07-09,2.1236959318938022,2.019624640078241,1.2979679947190221
2026-07-10,2.1236959318938022,2.0371172758576654,1.2725426417665722
2026-07-13,2.1236959318938022,2.071366565360799,1.249808351610911
2026-07-14,2.1236959318938022,2.074930181570583,1.276724303145163
2026-07-15,2.1236959318938022,2.0959451504884914,1.2741370498924638
2026-07-16,2.1236959318938022,2.0749626222626096,1.250620195481357
2026-07-17,2.1236959318938022,2.0965282432831724,1.2055482208641213
2026-07-20,2.1236959318938022,2.144840809656797,1.2239730840484657
2026-07-21,2.1236959318938022,2.1000672597001855,1.2614802708630564
2026-07-22,2.1236959318938022,2.122560934306151,1.2556270096463023
2026-07-23,2.1236959318938022,2.134094196999323,1.2584910883499074
2026-07-24,2.1236959318938022,2.1371413754122215,1.237513575094227
