date,优化版,朴素版,买入持有
2018-04-27,1.0,1.0,1.0
2018-05-02,1.0,1.0,1.0018020272140713
2018-05-03,1.0,1.0,1.0096143608526225
2018-05-04,1.0,1.0,1.0047166797981304
2018-05-07,1.0,1.0,1.0205782457784118
2018-05-08,1.0,1.0,1.0324205191541918
2018-05-09,1.0,1.0,1.0305413002278485
2018-05-10,1.0,1.0,1.0362481633696046
2018-05-11,1.0,1.0,1.030866037776027
2018-05-14,1.0,1.0,1.0405682374736482
2018-05-15,1.0,1.0,1.044510338365878
2018-05-16,1.0,1.0,1.0361896041396053
2018-05-17,1.0,1.0,1.0285263303592342
2018-05-18,1.0,1.0,1.0389099465513936
2018-05-21,1.0,1.0,1.0437490683758863
2018-05-22,1.0,1.0,1.0397484082536572
2018-05-23,1.0,1.0,1.0260056216860798
2018-05-24,1.0,1.0,1.0187229829007047
2018-05-25,1.0,1.0,1.0158695513298268
2018-05-28,1.0,1.0,1.0203306999425055
2018-05-29,1.0,1.0,1.0125449841357723
2018-05-30,1.0,1.0,0.9910803645578246
2018-05-31,1.0,1.0,1.0121111134771406
2018-06-01,1.0,1.0,1.003649304742233
2018-06-04,1.0,1.0,1.0134952407316709
2018-06-05,1.0,1.0,1.0235408104597432
2018-06-06,1.0,1.0,1.0214193692638571
2018-06-07,1.0,1.0,1.019731798726603
2018-06-08,1.0,1.0,1.0060528949553884
2018-06-11,1.0,1.0,1.006148719149933
2018-06-12,1.0,1.0,1.0183849364366175
2018-06-13,1.0,1.0,1.0083739698899086
2018-06-14,1.0,1.0,1.0043892804667702
2018-06-15,1.0,1.0,0.9990816848022827
2018-06-19,1.0,1.0,0.9638636315240305
2018-06-20,1.0,1.0,0.9676753050403526
2018-06-21,1.0,1.0,0.956370711867294
2018-06-22,1.0,1.0,0.9606109324758842
2018-06-25,1.0,1.0,0.9477225783096612
2018-06-26,1.0,1.0,0.9399049211047465
2018-06-27,1.0,1.0,0.9207800089435916
2018-06-28,1.0,1.0,0.911269457635059
2018-06-29,1.0,1.0,0.9345467515598049
2018-07-02,1.0,1.0,0.9071250612210132
2018-07-03,1.0,1.0,0.9074764166010094
2018-07-04,1.0,1.0,0.8953573177743234
2018-07-05,1.0,1.0,0.8896850578139307
2018-07-06,1.0,1.0,0.8957219820702285
2018-07-09,1.0,1.0,0.9207587146781371
2018-07-10,1.0,1.0,0.9229786418517493
2018-07-11,1.0,1.0,0.9070106045441962
2018-07-12,1.0,1.0,0.9265826962798918
2018-07-13,1.0,1.0,0.9296783501203126
2018-07-16,1.0,1.0,0.924195076765827
2018-07-17,1.0,1.0,0.9181501671599838
2018-07-18,1.0,1.0,0.9133429867336726
2018-07-19,1.0,1.0,0.9125497753454994
2018-07-20,1.0,1.0,0.9297315857839483
2018-07-23,1.0,1.0,0.9384782053193075
2018-07-24,1.0,1.0,0.9533735440045995
2018-07-25,1.0,1.0,0.952319477864611
2018-07-26,1.0,1.0,0.9412730776601861
2018-07-27,1.0,1.0,0.9372750793211388
2018-07-30,1.0,1.0,0.9356380826643385
2018-07-31,1.0,1.0,0.93632482272524
2018-08-01,1.0,1.0,0.9176204723068078
2018-08-02,1.0,1.0,0.8972764634483933
2018-08-03,1.0,1.0,0.8824556546921914
2018-08-06,1.0,1.0,0.8712735035454952
2018-08-07,1.0,1.0,0.8967201507633994
2018-08-08,1.0,1.0,0.8822506973871936
2018-08-09,1.0,1.0,0.9043488213624071
2018-08-10,1.0,1.0,0.9063424969655671
2018-08-13,1.0,1.0,0.9024349992547007
2018-08-14,1.0,1.0,0.8977955111688422
2018-08-15,1.0,1.0,0.8762536998786227
2018-08-16,1.0,1.0,0.8721944805263943
2018-08-17,1.0,1.0,0.8596548199569856
2018-08-20,1.0,1.0,0.8696711100700582
2018-08-21,1.0,1.0,0.8854821021698857
2018-08-22,1.0,1.0,0.8805045676199399
2018-08-23,1.0,1.0,0.8837200017035413
2018-08-24,1.0,1.0,0.8851307467898895
2018-08-27,1.0,1.0,0.9067550733587445
2018-08-28,1.0,1.0,0.9050515321223994
2018-08-29,1.0,1.0,0.9014315069951662
2018-08-30,1.0,1.0,0.8919875002661783
2018-08-31,1.0,1.0,0.8875716019675901
2018-09-03,1.0,1.0,0.8841964608930815
2018-09-04,1.0,1.0,0.8953972445220502
2018-09-05,1.0,1.0,0.8778933583186047
2018-09-06,1.0,1.0,0.8685079108196163
2018-09-07,1.0,1.0,0.872436702795937
2018-09-10,1.0,1.0,0.8597746002001662
2018-09-11,1.0,1.0,0.8582147952556376
2018-09-12,1.0,1.0,0.8523082983752475
2018-09-13,1.0,1.0,0.861504759268329
2018-09-14,1.0,1.0,0.8629740635846767
2018-09-17,1.0,1.0,0.8530802154979664
2018-09-18,1.0,1.0,0.8702513788036881
2018-09-19,1.0,1.0,0.8817103554012904
2018-09-20,1.0,1.0,0.8810848363535699
2018-09-21,1.0,1.0,0.9077984923660057
2018-09-25,1.0,1.0,0.899629479781095
2018-09-26,1.0,1.0,0.9095951960137134
2018-09-27,1.0,1.0,0.9059618619705714
2018-09-28,1.0,1.0,0.9153499712527416
2018-10-08,1.0,1.0,0.8759662272949894
2018-10-09,1.0,1.0,0.8753779732118141
2018-10-10,1.0,1.0,0.8734907689359255
2018-10-11,1.0,1.0,0.8315703456059284
2018-10-12,1.0,1.0,0.8439795787994293
2018-10-15,1.0,1.0,0.8321932028704669
2018-10-16,1.0,1.0,0.8254109793232681
2018-10-17,1.0,1.0,0.8300105406613999
2018-10-18,1.0,1.0,0.8103506100807052
2018-10-19,1.0,1.0,0.8344557185749877
2018-10-22,1.0,1.0,0.8704749685909584
2018-10-23,1.0,1.0,0.8473600434403015
2018-10-24,1.0,1.0,0.8486297140180149
2018-10-25,1.0,1.0,0.850256063542088
2018-10-26,1.0,1.0,0.8447541577053299
2018-10-29,1.0,1.0,0.8190014054215199
2018-10-30,1.0,1.0,0.8278837758991504
2018-10-31,1.0,1.0,0.8394785034390239
2018-11-01,1.0,1.0,0.8456565022039565
2018-11-02,1.0,1.0,0.8757932113881731
2018-11-05,1.0,1.0,0.8684972636868892
2018-11-06,1.0,1.0,0.8632562126019463
2018-11-07,1.0,1.0,0.8576025851238261
2018-11-08,1.0,1.0,0.8551697152956709
2018-11-09,1.0,1.0,0.8431038521326206
2018-11-12,1.0,1.0,0.8531387747279657
2018-11-13,1.0,1.0,0.861720363706054
2018-11-14,1.0,1.0,0.8530855390643299
2018-11-15,1.0,1.0,0.8630485935137667
2018-11-16,1.0,1.0,0.8671211217819041
2018-11-19,1.0,1.0,0.8769510870722514
2018-11-20,1.0,1.0,0.8566709610101999
2018-11-21,1.0,1.0,0.8588216818210855
2018-11-22,1.0,1.0,0.8556115713038478
2018-11-23,1.0,1.0,0.8367262196290539
2018-11-26,1.0,1.0,0.836129980196333
2018-11-27,1.0,1.0,0.8350652669236174
2018-11-28,1.0,1.0,0.8461622410084964
2018-11-29,1.0,1.0,0.8351744000340708
2018-11-30,1.0,1.0,0.8445012883030599
2018-12-03,1.0,1.0,0.8679941866655309
2018-12-04,1.0,1.0,0.8697935520964204
2018-12-05,1.0,1.0,0.8656118907178296
2018-12-06,1.0,1.0,0.8468915696003066
2018-12-07,1.0,1.0,0.8468622899853069
2018-12-10,1.0,1.0,0.837066927876323
2018-12-11,1.0,1.0,0.8410755733480973
2018-12-12,1.0,1.0,0.8439476374012479
2018-12-13,1.0,1.0,0.857011669257469
2018-12-14,1.0,1.0,0.8426965993058069
2018-12-17,1.0,1.0,0.8414428994271842
2018-12-18,1.0,1.0,0.8327202359404612
2018-12-19,1.0,1.0,0.8227917846723878
2018-12-20,1.0,1.0,0.8164806967483657
2018-12-21,1.0,1.0,0.8063605970912033
2018-12-24,1.0,1.0,0.8087029662911777
2018-12-25,1.0,1.0,0.8031345158748749
2018-12-26,1.0,1.0,0.7990752965226465
2018-12-27,1.0,1.0,0.7960089222972254
2018-12-28,1.0,1.0,0.8013697536253487
2019-01-02,1.0,1.0,0.7904271629650135
2019-01-03,1.0,1.0,0.7891761248695727
2019-01-04,1.0,1.0,0.8080827708098208
2019-01-07,1.0,1.0,0.8129884372138584
2019-01-08,1.0,1.0,0.8112316603138774
2019-01-09,1.0,1.0,0.8194246289474244
2019-01-10,1.0,1.0,0.8178834564851686
2019-01-11,1.0,1.0,0.8237633355337408
2019-01-14,1.0,1.0,0.8165765209429101
2019-01-15,1.0,1.0,0.8326031174804625
2019-01-16,1.0,1.0,0.8327787951704606
2019-01-17,1.0,1.0,0.828192542748238
2019-01-18,1.0,1.0,0.8432981623048913
2019-01-21,1.0,1.0,0.8479482975234769
2019-01-22,1.0,1.0,0.8366836310981453
2019-01-23,1.0,1.0,0.8360794063158792
2019-01-24,1.0,1.0,0.8407987478971913
2019-01-25,1.0,1.0,0.8476368688912075
2019-01-28,1.0,1.0,0.8474532058516642
2019-01-29,1.0,1.0,0.8501655629139072
2019-01-30,1.0,1.0,0.8433806775835267
2019-01-31,1.0,1.0,0.8522044888311577
2019-02-01,1.0,1.0,0.8643874704542067
2019-02-11,1.0,1.0,0.880110623709035
2019-02-12,1.0,1.0,0.8864643001639658
2019-02-13,1.0,1.0,0.9042157322033176
2019-02-14,1.0,1.0,0.9055759034092118
2019-02-15,1.0,1.0,0.8886895509039415
2019-02-18,1.0,1.0,0.9171812780818125
2019-02-19,1.0,1.0,0.9155496049913758
2019-02-20,1.0,1.0,0.91882892187134
2019-02-21,1.0,1.0,0.9163747577777305
2019-02-22,1.0,1.0,0.9369796213879602
2019-02-25,1.0589752451620968,1.0589752451620968,0.9927067140818977
2019-02-26,1.0462572519751618,1.0462572519751618,0.9807845872106642
2019-02-27,1.0444683848825587,1.0444683848825587,0.9791076638061369
2019-02-28,1.0419071815214032,1.0419071815214032,0.9767067353761631
2019-03-01,1.0647194961594555,1.0647194961594555,0.9980915014586572
2019-03-04,1.0773239104833678,1.0773239104833678,1.0099071570026192
2019-03-05,1.0835451927054207,1.0835451927054207,1.0157391239539193
2019-03-06,1.0926542175198184,1.0926542175198184,1.0242781244010988
2019-03-07,1.0815121310573192,1.0815121310573192,1.013833287195758
2019-03-08,1.0385594445338173,1.0385594445338173,0.9735684930048337
2019-03-11,1.059108700326148,1.059108700326148,0.9928318178914417
2019-03-12,1.0663209581280713,1.0663209581280713,0.9995927471731862
2019-03-13,1.057473164698625,1.057473164698625,0.9912986307787313
2019-03-14,1.0501757227494348,1.0501757227494348,0.9844578480015331
2019-03-15,1.0633849445189418,1.0633849445189418,0.9968404633632163
2019-03-18,1.0936934641164735,1.0936934641164735,1.0252523370456337
2019-03-19,1.0886420441835516,1.0886420441835516,1.0205170247652307
2019-03-20,1.0890622859767347,1.0890622859767347,1.0209109686761355
2019-03-21,1.089474009355191,1.089474009355191,1.021296927237495
2019-03-22,1.0885966126383428,1.0885966126383428,1.020474436234322
2019-03-25,1.0627659397154698,1.0627659397154698,0.9962601946295861
2019-03-26,1.0507294197066694,1.0507294197066694,0.9849768957219821
2019-03-27,1.0629249501237013,1.0629249501237013,0.9964092544877664
2019-03-28,1.0586685822319364,1.0586685822319364,0.9924192414982645
2019-03-29,1.0995399360905527,1.0995399360905527,1.0307329486169374
2019-04-01,1.1283861278266707,1.1283861278266707,1.0577740039607333
2019-04-02,1.1276365073307228,1.1276365073307228,1.057071293200741
2019-04-03,1.1420808992355986,1.1420808992355986,1.0706117842465024
2019-04-04,1.1534586618388691,1.1534586618388691,1.0812775494559315
2019-04-08,1.152038926051089,1.152038926051089,1.079946657865037
2019-04-09,1.1572067643186088,1.1572067643186088,1.084791103255893
2019-04-10,1.1601654937003427,1.1601654937003427,1.0875646813313173
2019-04-11,1.1351014781028712,1.1351014781028712,1.0640691211856645
2019-04-12,1.1325573115711691,1.1325573115711691,1.0616841634547816
2019-04-15,1.128837603807185,1.128837603807185,1.0581972274866378
2019-04-16,1.1601484568708895,1.1601484568708895,1.0875487106322268
2019-04-17,1.160560180249346,1.160560180249346,1.087934669193586
2019-04-18,1.1562555413407964,1.1562555413407964,1.0838994058899938
2019-04-19,1.170035496896991,1.170035496896991,1.0968170396712165
2019-04-22,1.1430605169291674,1.1430605169291674,1.0715300994442196
2019-04-23,1.1411864656892976,1.1411864656892976,1.069773322544239
2019-04-24,1.1443326001950185,1.1443326001950185,1.0727225783096612
2019-04-25,1.119268584597547,1.119268584597547,1.0492270181640084
2019-04-26,1.104347161467977,1.104347161467977,1.0352393475437065
2019-04-29,1.1074876170305468,1.1074876170305468,1.0381832797427653
2019-04-30,1.1111448564198687,1.1111448564198687,1.0416116564809097
2019-05-06,1.0462373756741337,1.0462373756741337,0.9807659547283916
2019-05-07,1.056473670704029,1.056473670704029,0.9903616830987415
2019-05-08,1.0413648424504722,1.0413648424504722,0.9761983347884414
2019-05-09,1.022124583054475,1.022124583054475,0.9581620919486381
2019-05-10,1.0592506739049272,1.0592506739049272,0.9929649070505312
2019-05-13,1.0417254553405684,1.0417254553405684,0.9765363812525286
2019-05-14,1.035029981365397,1.035029981365397,0.9702598965098699
2019-05-15,1.0582966114555388,1.0582966114555388,0.9920705479014501
2019-05-16,1.0630868000035092,1.0630868000035092,0.9965609761291284
2019-05-17,1.0360550306041743,1.0360550306041743,0.9712208002384958
2019-05-20,1.0272611871346637,1.0272611871346637,0.9629772577244947
2019-05-21,1.0411717583833342,1.0411717583833342,0.9760173335320799
2019-05-22,1.036231077841859,1.036231077841859,0.9713858307957667
2019-05-23,1.017655254794543,1.017655254794543,0.9539724452205021
2019-05-24,1.0204805290122256,1.0204805290122256,0.9566209194863823
2019-05-27,1.0327726014628265,1.0327726014628265,0.9681437788803474
2019-05-28,1.0427277888067412,1.0427277888067412,0.9774759907157002
2019-05-29,1.040356830041148,1.040356830041148,0.9752534017589063
2019-05-30,1.0339027111498993,1.0339027111498993,0.9692031685866995
2019-05-31,1.030668553025336,1.030668553025336,0.9661713975426417
2019-06-03,1.0312989157151105,1.0312989157151105,0.966762313408999
2019-06-04,1.0217753280506807,1.0217753280506807,0.957834692617278
2019-06-05,1.0213891599164047,1.0213891599164047,0.9574726901045548
2019-06-06,1.0121807535968623,1.0121807535968623,0.9488405272460125
2019-06-10,1.0252593596738935,1.0252593596738935,0.9611007005813333
2019-06-11,1.056078984155026,1.056078984155026,0.9899916952364728
2019-06-12,1.0480773532550967,1.0480773532550967,0.9824907902301909
2019-06-13,1.0464560149854516,1.0464560149854516,0.9809709120333894
2019-06-14,1.037792787208417,1.037792787208417,0.9728498115457507
2019-06-17,1.0377757503789635,1.0377757503789635,0.97283384084666
2019-06-18,1.0414102739956808,1.0414102739956808,0.9762409233193501
2019-06-19,1.0551306006487888,1.0551306006487888,0.9891026596537552
2019-06-20,1.0870973716464476,1.0870973716464476,1.0190690147143373
2019-06-21,1.0886363652404012,1.0886363652404012,1.0205117011988671
2019-06-24,1.0907176979052868,1.0907176979052868,1.0224627882711186
2019-06-25,1.0793711694893475,1.0793711694893475,1.0118263026766892
2019-06-26,1.0773892183296063,1.0773892183296063,1.0099683780158002
2019-06-27,1.0888862387390503,1.0888862387390503,1.0207459381188646
2019-06-28,1.086265406474808,1.086265406474808,1.0182891122420732
2019-07-01,1.1175620621806346,1.1175620621806346,1.047627286471753
2019-07-02,1.1179482303149109,1.1179482303149109,1.0479892889844764
2019-07-03,1.1055567763591654,1.1055567763591654,1.0363732671791486
2019-07-04,1.0997557359302954,1.0997557359302954,1.0309352441387534
2019-07-05,1.1054630737971718,1.1054630737971718,1.0362854283341496
2019-07-08,1.0797914112825302,1.0797914112825302,1.012220246587594
2019-07-09,1.077048481740539,1.077048481740539,1.0096489640339856
2019-07-10,1.0752340594037557,1.0752340594037557,1.0079480845808222
2019-07-11,1.0748024597242705,1.0748024597242705,1.0075434935371903
2019-07-12,1.081478057398413,1.081478057398413,1.0138013457975767
2019-07-15,1.0858678804542294,1.0858678804542294,1.0179164625966226
2019-07-16,1.080941397270632,1.080941397270632,1.0132982687762186
2019-07-17,1.0803167135240088,1.0803167135240088,1.0127126764762249
2019-07-18,1.070026468534178,1.070026468534178,1.003066374225421
2019-07-19,1.081259418087095,1.081259418087095,1.013596388492579
2019-07-22,1.0737972867865222,1.0737972867865222,1.006601222290837
2019-07-23,1.0761341718932085,1.0761341718932085,1.0087918698494496
2019-07-24,1.084629870847285,1.084629870847285,1.0167559251293625
2019-07-25,1.0935003800493357,1.0935003800493357,1.025071335789272
2019-07-26,1.095629983731006,1.095629983731006,1.0270676731756139
2019-07-29,1.094409010953515,1.094409010953515,1.0259231064074443
2019-07-30,1.0989663628322894,1.0989663628322894,1.0301952684142162
2019-07-31,1.0890395702041302,1.0890395702041302,1.0208896744106812
2019-08-01,1.079984495349668,1.079984495349668,1.0124012478439555
2019-08-02,1.0640749361118031,1.0640749361118031,0.997487276676391
2019-08-05,1.0437017275571574,1.0437017275571574,0.978388982347054
2019-08-06,1.0325255674357516,1.0325255674357516,0.9679122037435318
2019-08-07,1.0282947547881667,1.0282947547881667,0.963946146802666
2019-08-08,1.041884465748799,1.041884465748799,0.9766854411107089
2019-08-09,1.031730515394595,1.031730515394595,0.967166904452631
2019-08-12,1.0503489305155445,1.0503489305155445,0.9846202167756223
2019-08-13,1.0408792928110506,1.0408792928110506,0.9757431698643555
2019-08-14,1.0403588531646453,1.0403588531646453,0.9801750388620345
2019-08-15,1.0403588531646453,1.0403588531646453,0.9832627073529099
2019-08-16,1.0403588531646453,1.0403588531646453,0.9876652967355891
2019-08-19,1.0403588531646453,1.0403588531646453,1.0091059602649006
2019-08-20,1.0403588531646453,1.0403588531646453,1.0082116011158195
2019-08-21,1.0403588531646453,1.0403588531646453,1.0066225165562914
2019-08-22,1.0403588531646453,1.0403588531646453,1.0097501117948937
2019-08-23,1.0403588531646453,1.0403588531646453,1.017030088797087
2019-08-26,1.0403588531646453,1.0403588531646453,1.0024035902131556
2019-08-27,1.0403588531646453,1.0403588531646453,1.0159893315730073
2019-08-28,1.0403588531646453,1.0403588531646453,1.0121643491407764
2019-08-29,1.0403588531646453,1.0403588531646453,1.0088663997785396
2019-08-30,1.0403588531646453,1.0403588531646453,1.0113684759694215
2019-09-02,1.0403588531646453,1.0403588531646453,1.02433934541428
2019-09-03,1.0403588531646453,1.0403588531646453,1.0257474287174464
2019-09-04,1.0403588531646453,1.0403588531646453,1.0343689444432613
2019-09-05,1.0403588531646453,1.0403588531646453,1.0448350759140563
2019-09-06,1.0403588531646453,1.0403588531646453,1.0510077511126255
2019-09-09,1.0403588531646453,1.0403588531646453,1.057513149208918
2019-09-10,1.0403588531646453,1.0403588531646453,1.0538718298162304
2019-09-11,1.0403588531646453,1.0403588531646453,1.0461074082749515
2019-09-12,1.0403588531646453,1.0403588531646453,1.057361427567556
2019-09-16,1.0403588531646453,1.0403588531646453,1.0534592534230531
2019-09-17,1.0403588531646453,1.0403588531646453,1.0357583952641554
2019-09-18,1.0403588531646453,1.0403588531646453,1.0407785183450096
2019-09-19,1.0436434888825752,1.0436434888825752,1.044584868294968
2019-09-20,1.0466406150833272,1.0466406150833272,1.0475846979408445
2019-09-23,1.0346760447397756,1.0346760447397756,1.035609335405975
2019-09-24,1.0374471232678888,1.0374471232678888,1.0383829134813993
2019-09-25,1.029442376272092,1.029442376272092,1.030370946104214
2019-09-26,1.0215067732702785,1.0215067732702785,1.0224281850897552
2019-09-27,1.0245677246962461,1.0245677246962461,1.0254918975319947
2019-09-30,1.0144301514244927,1.0144301514244927,1.0153451800430144
2019-10-08,1.0205866262734196,1.0205866262734196,1.0215072081088563
2019-10-09,1.0220652439909155,1.0220652439909155,1.022987159557931
2019-10-10,1.0304157109566305,1.0304157109566305,1.031345158748749
2019-10-11,1.0402793676368336,1.0402793676368336,1.0412177125700048
2019-10-14,1.0513184722147582,1.0513184722147582,1.0522667745576115
2019-10-15,1.0468001781463665,1.0468001781463665,1.047744404931752
2019-10-16,1.0431940529216819,1.0431940529216819,1.0441350269372458
2019-10-17,1.0438668771708302,1.0438668771708302,1.0448084580822383
2019-10-18,1.029016874770654,1.029016874770654,1.029945060795128
2019-10-21,1.0320645292747017,1.0320645292747017,1.0329954643214583
2019-10-22,1.0360642433882161,1.0360642433882161,1.036998786226869
2019-10-23,1.0294689701159316,1.0294689701159316,1.0303975639360319
2019-10-24,1.0293599353561882,1.0293599353561882,1.0302884308255786
2019-10-25,1.0363062473671587,1.0363062473671587,1.0372410084964119
2019-10-28,1.0442312128314362,1.0442312128314362,1.0451731223781435
2019-10-29,1.0398804599792355,1.0398804599792355,1.0408184450927365
2019-10-30,1.0348276296496628,1.0348276296496628,1.0357610570473372
2019-10-31,1.033636225445637,1.033636225445637,1.0345685781818956
2019-11-01,1.0510924245421192,1.0510924245421192,1.0520405229871594
2019-11-04,1.0579350205621143,1.0579350205621143,1.058889291113903
2019-11-05,1.064501040606175,1.064501040606175,1.0654612337897404
2019-11-06,1.0597327644056886,1.0597327644056886,1.0606886565447924
2019-11-07,1.0615916740900946,1.0615916740900946,1.062549242988863
2019-11-08,1.0565760751418976,1.0565760751418976,1.0575291199080088
2019-11-11,1.0379524063008458,1.0379524063008458,1.0388886522859393
2019-11-12,1.0381412225921087,1.0381412225921087,1.0390776388918463
2019-11-13,1.03715459098565,1.03715459098565,1.0380901173314026
2019-11-14,1.0387183090034338,1.0387183090034338,1.0396552458422947
2019-11-15,1.031067260130707,1.031067260130707,1.0319972956282872
2019-11-18,1.0392688015709188,1.0392688015709188,1.040206234960925
2019-11-19,1.0496696538966868,1.0496696538966868,1.0506164689849022
2019-11-20,1.039250185880231,1.039250185880231,1.0401876024786525
2019-11-21,1.034394149995073,1.034394149995073,1.0353271863887055
2019-11-22,1.0238603284501058,1.0238603284501058,1.0247838632056385
2019-11-25,1.0313651111817135,1.0313651111817135,1.0322954153446477
2019-11-26,1.0349393237937903,1.0349393237937903,1.0358728519409723
2019-11-27,1.0306763306262612,1.0306763306262612,1.0316060135005642
2019-11-28,1.0271340306267922,1.0271340306267922,1.0280605183024212
2019-11-29,1.0181905209434483,1.0181905209434483,1.0191089414620642
2019-12-02,1.0201558060032136,1.0201558060032136,1.0210759992334064
2019-12-03,1.024152860732344,1.024152860732344,1.0250766593556355
2019-12-04,1.023815118915578,1.023815118915578,1.0247386128915483
2019-12-05,1.0316709403858717,1.0316709403858717,1.0326015204105534
2019-12-06,1.0377955026221906,1.0377955026221906,1.0387316070782138
2019-12-09,1.0359498898597044,1.0359498898597044,1.036884329550052
2019-12-10,1.0372609663610093,1.0372609663610093,1.0381965886586741
2019-12-11,1.0378912404600138,1.0378912404600138,1.0388274312727581
2019-12-12,1.0347717825775986,1.0347717825775986,1.0357051596005196
2019-12-13,1.0553022300219679,1.0553022300219679,1.0562541257639317
2019-12-16,1.0604428200362122,1.0604428200362122,1.0613993526543302
2019-12-17,1.0748699803193347,1.0748699803193347,1.0758395264155363
2019-12-18,1.0724712156049796,1.0724712156049796,1.0734385979855625
2019-12-19,1.0709739821967956,1.0709739821967956,1.0719400140542152
2019-12-20,1.0683411916566499,1.0683411916566499,1.069304848704244
2019-12-23,1.0550043789709616,1.0550043789709616,1.0559560060475712
2019-12-24,1.0618815469879486,1.0618815469879486,1.0628393773556781
2019-12-25,1.0613257356516954,1.0613257356516954,1.0622830646706842
2019-12-26,1.0706654936082531,1.0706654936082531,1.0716312472051275
2019-12-27,1.069612377392195,1.069612377392195,1.0705771810651392
2019-12-30,1.0854623083207497,1.0854623083207497,1.0864414088286025
2019-12-31,1.0894380879748085,1.0894380879748085,1.0904207746853771
2020-01-02,1.1042402214560727,1.1042402214560727,1.1052362598752155
2020-01-03,1.1023041896245311,1.1023041896245311,1.1032984817188731
2020-01-06,1.0981395936792095,1.0981395936792095,1.0991301292561912
2020-01-07,1.1063650695788771,1.1063650695788771,1.107363024637465
2020-01-08,1.0936239589952017,1.0936239589952017,1.0946104214135133
2020-01-09,1.1074660547138473,1.1074660547138473,1.1084650028747258
2020-01-10,1.1071495879721531,1.1071495879721531,1.108148250676093
2020-01-13,1.1180025356431986,1.1180025356431986,1.1190109878409744
2020-01-14,1.114252803661779,1.114252803661779,1.115257873554652
2020-01-15,1.1080936694284678,1.1080936694284678,1.109093183705628
2020-01-16,1.1033892184531973,1.1033892184531973,1.1043844892570431
2020-01-17,1.104934320780293,1.104934320780293,1.1059309852856627
2020-01-20,1.1131730936018807,1.1131730936018807,1.1141771895828454
2020-01-21,1.0941531764876151,1.0941531764876151,1.0951401162666894
2020-01-22,1.0988390117721978,1.0988390117721978,1.099830178233002
2020-01-23,1.064790913504029,1.064790913504029,1.0657513681565554
2020-02-03,0.9808766986517446,0.9808766986517446,0.9817614616383807
2020-02-04,1.0067471899391573,1.0067471899391573,1.0076552884308254
2020-02-05,1.018153289562072,1.018153289562072,1.0190716764975192
2020-02-06,1.03710140329797,1.03710140329797,1.038036881667767
2020-02-07,1.0371253377574259,1.0371253377574259,1.038060837716403
2020-02-10,1.0414175841531788,1.0414175841531788,1.0423569557718106
2020-02-11,1.0511110402328065,1.0511110402328065,1.052059155469432
2020-02-12,1.0596130921084088,1.0596130921084088,1.060568876301612
2020-02-13,1.05309494098326,1.05309494098326,1.0540448457230467
2020-02-14,1.060490688955124,1.060490688955124,1.0614472647516024
2020-02-17,1.0843427074950915,1.0843427074950915,1.0853207981090691
2020-02-18,1.079047873186576,1.079047873186576,1.080021187794127
2020-02-19,1.0773990548685048,1.0773990548685048,1.0783708822214177
2020-02-20,1.1022244080930113,1.1022244080930113,1.1032186282234193
2020-02-21,1.1035088907504762,1.1035088907504762,1.1045042695002234
2020-02-24,1.0990810157511401,1.0990810157511401,1.1000724005025446
2020-02-25,1.096690229189937,1.096690229189937,1.0976794574221163
2020-02-26,1.0831725783661377,1.0831725783661377,1.084149613509082
2020-02-27,1.0863266082455447,1.0863266082455447,1.087306488362684
2020-02-28,1.04781074421228,1.04781074421228,1.0487558825408319
2020-03-02,1.0822816845975025,1.0822816845975025,1.0832579161431826
2020-03-03,1.0880498893263675,1.0880498893263675,1.0890313238644833
2020-03-04,1.0943499709320297,1.0943499709320297,1.0953370882221418
2020-03-05,1.1187312069644104,1.1187312069644104,1.1197403164327846
2020-03-06,1.1005888866968603,1.1005888866968603,1.1015816315666191
2020-03-09,1.0629905102760706,1.0629905102760706,1.0639493409424843
2020-03-10,1.085754840602988,1.085754840602988,1.0867342049785993
2020-03-11,1.0713143833979457,1.0713143833979457,1.072280722301484
2020-03-12,1.0506988356532887,1.0506988356532887,1.0516465790762548
2020-03-13,1.0359126584783283,1.0359126584783283,1.036847064585507
2020-03-16,0.9913759481997201,0.9913759481997201,0.9922701816400843
2020-03-17,0.986546506158402,0.986546506158402,0.9874363833819552
2020-03-18,0.9670213060111792,0.9670213060111792,0.9678935712612594
2020-03-19,0.9544769898719186,0.9544769898719186,0.95533793999276
2020-03-20,0.9715316219264188,0.9715316219264188,0.9724079555375736
2020-03-23,0.9388451284628508,0.9388451284628508,0.9396919784502034
2020-03-24,0.9640560924230352,0.9640560924230352,0.9649256830135644
2020-03-25,0.9899611557074397,0.9899611557074397,0.9908541129873725
2020-03-26,0.989466175129586,0.989466175129586,0.9843407295415345
2020-03-27,0.989466175129586,0.989466175129586,0.9875375311428631
2020-03-30,0.989466175129586,0.989466175129586,0.9779684206043313
2020-03-31,0.989466175129586,0.989466175129586,0.9811758693383871
2020-04-01,0.989466175129586,0.989466175129586,0.9782266135729647
2020-04-02,0.989466175129586,0.989466175129586,0.9940509145887013
2020-04-03,0.989466175129586,0.989466175129586,0.9883786546283085
2020-04-07,0.989466175129586,0.989466175129586,1.0109505760098805
2020-04-08,0.989466175129586,0.989466175129586,1.0062445433444773
2020-04-09,0.989466175129586,0.989466175129586,1.0095637869721683
2020-04-10,0.989466175129586,0.989466175129586,1.0032739933136006
2020-04-13,0.989466175129586,0.989466175129586,0.9990364344881923
2020-04-14,0.989466175129586,0.989466175129586,1.0183183918570728
2020-04-15,0.989466175129586,0.989466175129586,1.0107748983198825
2020-04-16,0.989466175129586,0.989466175129586,1.0121111134771406
2020-04-17,0.989466175129586,0.989466175129586,1.0219889908647601
2020-04-20,0.989466175129586,0.989466175129586,1.0257075019697195
2020-04-21,0.989466175129586,0.989466175129586,1.013620344541215
2020-04-22,0.989466175129586,0.989466175129586,1.0219597112497605
2020-04-23,0.989466175129586,0.989466175129586,1.0193964140456975
2020-04-24,0.989466175129586,0.989466175129586,1.0106710887757926
2020-04-27,0.989466175129586,0.989466175129586,1.0175384893848087
2020-04-28,0.989466175129586,0.989466175129586,1.0245602734183685
2020-04-29,0.989466175129586,0.989466175129586,1.0293195417474075
2020-04-30,0.989466175129586,0.989466175129586,1.041443964140457
2020-05-06,0.989466175129586,0.989466175129586,1.047744404931752
2020-05-07,0.989466175129586,0.989466175129586,1.0447206192372394
2020-05-08,0.989466175129586,0.989466175129586,1.0550297055003086
2020-05-11,0.989466175129586,0.989466175129586,1.0541140520857732
2020-05-12,0.989466175129586,0.989466175129586,1.054130022784864
2020-05-13,0.989466175129586,0.989466175129586,1.0562621111134771
2020-05-14,0.989466175129586,0.989466175129586,1.0448084580822383
2020-05-15,0.989466175129586,0.989466175129586,1.04150784693682
2020-05-18,0.989466175129586,0.989466175129586,1.0441935861672451
2020-05-19,0.989466175129586,0.989466175129586,1.0530679712953301
2020-05-20,0.989466175129586,0.989466175129586,1.0474702412640275
2020-05-21,0.989466175129586,0.989466175129586,1.0417660399054534
2020-05-22,0.989466175129586,0.989466175129586,1.0178818594152594
2020-05-25,0.989466175129586,0.989466175129586,1.0192819573688805
2020-05-26,0.989466175129586,0.989466175129586,1.0308474052937544
2020-05-27,0.989466175129586,0.989466175129586,1.0236180021720152
2020-05-28,0.989466175129586,0.989466175129586,1.0265512872383467
2020-05-29,0.989466175129586,0.989466175129586,1.0293168799642256
2020-06-01,0.989466175129586,0.989466175129586,1.05708460211665
2020-06-02,0.989466175129586,0.989466175129586,1.0603399629479782
2020-06-03,0.989466175129586,0.989466175129586,1.0603612572134324
2020-06-04,0.989466175129586,0.989466175129586,1.059972636868891
2020-06-05,0.989466175129586,0.989466175129586,1.0650459956133813
2020-06-08,0.989466175129586,0.989466175129586,1.0705558867996847
2020-06-09,0.989466175129586,0.989466175129586,1.077231639019612
2020-06-10,0.989466175129586,0.989466175129586,1.0752832137305424
2020-06-11,0.989466175129586,0.989466175129586,1.0636166180447606
2020-06-12,0.989466175129586,0.989466175129586,1.0655331019356487
2020-06-15,0.989466175129586,0.989466175129586,1.0527325866144246
2020-06-16,0.989466175129586,0.989466175129586,1.0685914908115244
2020-06-17,0.9897157777613863,0.9897157777613863,1.0693953493324249
2020-06-18,0.9963153774433418,0.9963153774433418,1.076526266476438
2020-06-19,1.009699336036871,1.009699336036871,1.0909877345030983
2020-06-22,1.0105221304727696,1.0105221304727696,1.0918767700858159
2020-06-23,1.0153849933963157,1.0153849933963157,1.0971311300866675
2020-06-24,1.0196221383955555,1.0196221383955555,1.1017093971593448
2020-06-29,1.0124116015276632,1.0124116015276632,1.0939183577862481
2020-06-30,1.025773389013638,1.025773389013638,1.1083558697642724
2020-07-01,1.0464220805157474,1.0464220805157474,1.130666936394029
2020-07-02,1.0681152775292972,1.0681152775292972,1.1541065990928643
2020-07-03,1.0887491882930374,1.0887491882930374,1.1764016950235303
2020-07-06,1.1504563075290593,1.1504563075290593,1.2430767019441664
2020-07-07,1.1573638392603782,1.1573638392603782,1.2505403419859031
2020-07-08,1.1760540829285366,1.1760540829285366,1.2707352909861374
2020-07-09,1.19250258127733,1.19250258127733,1.2885080172909436
2020-07-10,1.1709128494323662,1.1709128494323662,1.2651801494857435
2020-07-13,1.1955055346227212,1.1955055346227212,1.2917527309895445
2020-07-14,1.184107121883487,1.184107121883487,1.279436660207406
2020-07-15,1.1687794961943767,1.1687794961943767,1.2628750452503141
2020-07-16,1.1125584943498121,1.1125584943498121,1.2021278294755222
2020-07-17,1.119567027793322,1.119567027793322,1.2097006026277122
2020-07-20,1.1529714965082591,1.1529714965082591,1.245794382572773
2020-07-21,1.1556172486763892,1.1556172486763892,1.2486531377100147
2020-07-22,1.161384200096866,1.161384200096866,1.254884372138583
2020-07-23,1.1608890453614897,1.1608890453614897,1.2543493537190433
2020-07-24,1.1099324498328413,1.1099324498328413,1.199290368603735
2020-07-27,1.1155639111515985,1.1155639111515985,1.205375204957305
2020-07-28,1.1253709310597229,1.1253709310597229,1.2159717638040075
2020-07-29,1.1526537106333163,1.1526537106333163,1.2454510125423224
2020-07-30,1.1470222493145592,1.1470222493145592,1.2393661761887522
2020-07-31,1.1566050946907471,1.1566050946907471,1.2497205127659121
2020-08-03,1.175391413158307,1.175391413158307,1.2700192713102363
2020-08-04,1.17649750507962,1.17649750507962,1.2712144119588595
2020-08-05,1.1768202178673528,1.1768202178673528,1.2715631055556738
2020-08-06,1.1732851579406616,1.1732851579406616,1.2677434466898065
2020-08-07,1.1597780265273872,1.1597780265273872,1.2531488895040566
2020-08-10,1.1639511216603593,1.1639511216603593,1.2576579502140073
2020-08-11,1.1533360880547057,1.1533360880547057,1.246188326483678
2020-08-12,1.1449258479224937,1.1449258479224937,1.23710099870105
2020-08-13,1.1419869444433697,1.1419869444433697,1.2339254913651754
2020-08-14,1.158965085917068,1.158965085917068,1.2522705010540662
2020-08-17,1.1862109136447376,1.1862109136447376,1.281709823044654
2020-08-18,1.1856024399151956,1.1856024399151956,1.2810523625987522
2020-08-19,1.167845846220707,1.167845846220707,1.261866229424416
2020-08-20,1.152688199022845,1.152688199022845,1.2454882775068672
2020-08-21,1.1624656574542305,1.1624656574542305,1.2560528949553884
2020-08-24,1.171582909571781,1.171582909571781,1.2659041545111902
2020-08-25,1.173085617972674,1.173085617972674,1.2675278422520815
2020-08-26,1.159334604376304,1.159334604376304,1.2526697685313346
2020-08-27,1.165547441404259,1.165547441404259,1.2593827857158069
2020-08-28,1.1933647910155474,1.1933647910155474,1.28943964140457
2020-08-31,1.1864547958278335,1.1864547958278335,1.2819733395796513
2020-09-01,1.192835147890642,1.192835147890642,1.288867358020485
2020-09-02,1.1932711796725406,1.1932711796725406,1.2893384936436618
2020-09-03,1.1866715799905851,1.1866715799905851,1.2822075764996488
2020-09-04,1.1751228964112617,1.1751228964112617,1.2697291369434212
2020-09-07,1.1502789386686258,1.1502789386686258,1.2428850535550775
2020-09-08,1.156442506568683,1.156442506568683,1.2495448350759142
2020-09-09,1.1293937553526057,1.1293937553526057,1.2203184557398692
2020-09-10,1.1287507932335348,1.1287507932335348,1.2196237303294222
2020-09-11,1.1399102507024628,1.1399102507024628,1.231681608142927
2020-09-14,1.1457658865531564,1.1457658865531564,1.23800866676604
2020-09-15,1.1549866038392924,1.1549866038392924,1.2479717212154766
2020-09-16,1.1473203275383423,1.1473203275383423,1.2396882519537487
2020-09-17,1.141247907524897,1.141247907524897,1.2331269564106386
2020-09-18,1.1669614653749347,1.1669614653749347,1.2609106492621538
2020-09-21,1.1557133234757901,1.1557133234757901,1.2487569472541045
2020-09-22,1.1419992617253436,1.1419992617253436,1.2339388002810843
2020-09-23,1.1460812089717043,1.1460812089717043,1.2383493750133088
2020-09-24,1.1240923971907655,1.1240923971907655,1.2145902983326589
2020-09-25,1.125804499385226,1.125804499385226,1.2164402376440024
2020-09-28,1.1287335490387702,1.1287335490387702,1.2196050978471498
2020-09-29,1.131169907413333,1.131169907413333,1.2222376014139393
2020-09-30,1.1300859865995738,1.1300859865995738,1.2210664168139518
2020-10-09,1.1531784268454308,1.1531784268454308,1.2460179723600435
2020-10-12,1.188164434565898,1.188164434565898,1.2838206171078128
2020-10-13,1.1921158186233287,1.1921158186233287,1.2880901173314026
2020-10-14,1.1842081235956778,1.1842081235956778,1.2795457933178596
2020-10-15,1.1821486740495355,1.1821486740495355,1.2773205425778837
2020-10-16,1.1804094738347315,1.1804094738347315,1.2754413236515407
2020-10-19,1.1714942251415634,1.1714942251415634,1.2658083303166456
2020-10-20,1.1808504325294198,1.1808504325294198,1.275917782841081
2020-10-21,1.1806927713201456,1.1806927713201456,1.2757474287174464
2020-10-22,1.1770345385737089,1.1770345385737089,1.2717946806924894
2020-10-23,1.162379436480408,1.162379436480408,1.2559597325440257
2020-10-26,1.1556665178042869,1.1556665178042869,1.2487063733736503
2020-10-27,1.157647136745792,1.157647136745792,1.2508464470518088
2020-10-28,1.1670058075900431,1.1670058075900431,1.260958561359426
2020-10-29,1.1757880296378862,1.1757880296378862,1.270447818402504
2020-10-30,1.1566740714698038,1.1566740714698038,1.2497950426950022
2020-11-02,1.1629558852768163,1.1629558852768163,1.2565825898085645
2020-11-03,1.176931073405123,1.176931073405123,1.2716828857988545
2020-11-04,1.1858241509907368,1.1858241509907368,1.2812919230851132
2020-11-05,1.2034255469323463,1.2034255469323463,1.3003103639189966
2020-11-06,1.2035758177724358,1.2035758177724358,1.3004727326930858
2020-11-09,1.22713385127693,1.22713385127693,1.3259273652605355
2020-11-10,1.2203667365601207,1.2203667365601207,1.3186154468601605
2020-11-11,1.2083007271378667,1.2083007271378667,1.3055780328357571
2020-11-12,1.2091777176144536,1.2091777176144536,1.3065256276484742
2020-11-13,1.1964638191603394,1.1964638191603394,1.2927881646472605
2020-11-16,1.2081208948210387,1.2081208948210387,1.3053837226634868
2020-11-17,1.205810172722616,1.205810172722616,1.3028869700389685
2020-11-18,1.2050415743274052,1.2050415743274052,1.3020564936862502
2020-11-19,1.2139888479537069,1.2139888479537069,1.3117240902025085
2020-11-20,1.2177579362379143,1.2177579362379143,1.3157966184706458
2020-11-23,1.2329673160200691,1.2329673160200691,1.3322304678350119
2020-11-24,1.2253946510621256,1.2253946510621256,1.3240481463341922
2020-11-25,1.209729531846913,1.209729531846913,1.307121867081195
2020-11-26,1.2119195445819853,1.2119195445819853,1.3094881923298056
2020-11-27,1.2269909708060254,1.2269909708060254,1.3257729818359916
2020-11-30,1.2219359582836764,1.2219359582836764,1.3203110027469602
2020-12-01,1.2482579898632564,1.2482579898632564,1.3487521560443774
2020-12-02,1.2482678436888361,1.2482678436888361,1.3487628031771044
2020-12-03,1.24578467964277,1.24578467964277,1.3460797257298611
2020-12-04,1.2479673020086577,1.2479673020086577,1.348438065628926
2020-12-07,1.2372069244757045,1.2372069244757045,1.336811396690871
2020-12-08,1.2341620923715997,1.2341620923715997,1.3335214326781797
2020-12-09,1.2176125923106154,1.2176125923106154,1.3156395732629202
2020-12-10,1.2170755588165258,1.2170755588165258,1.3150593045292904
2020-12-11,1.2045390292228446,1.2045390292228446,1.3015134899171652
2020-12-14,1.2156763155842187,1.2156763155842187,1.313547411682034
2020-12-15,1.2182038218453932,1.2182038218453932,1.3162784012265498
2020-12-16,1.2203642731037263,1.2203642731037263,1.3186127850769787
2020-12-17,1.2360343192317287,1.2360343192317287,1.3355443878963393
2020-12-18,1.231720807084247,1.231720807084247,1.3308836055450268
2020-12-21,1.2432670272071753,1.2432670272071753,1.3433593833180724
2020-12-22,1.2230494405741748,1.2230494405741748,1.321514128745129
2020-12-23,1.2334821784066052,1.2334821784066052,1.332786780520006
2020-12-24,1.2317331243662215,1.2317331243662215,1.3308969144609357
2020-12-25,1.2420771777684354,1.2420771777684354,1.3420737420412683
2020-12-28,1.2475953200930268,1.2475953200930268,1.3480361363684759
2020-12-29,1.2423062792131616,1.2423062792131616,1.3423212878771746
2020-12-30,1.2597401601199176,1.2597401601199176,1.3611587274546963
2020-12-31,1.2837785676214186,1.2837785676214186,1.3871324077425948
2021-01-04,1.297679852057878,1.297679852057878,1.4021528502374312
2021-01-05,1.3225065656057495,1.3225065656057495,1.428978301143502
2021-01-06,1.3346193806995066,1.3346193806995066,1.4420662890483593
2021-01-07,1.3582660986342174,1.3582660986342174,1.4676167458103533
2021-01-08,1.3537752176263023,1.3537752176263023,1.4627643150699516
2021-01-11,1.3404060397711426,1.3404060397711426,1.4483188177423818
2021-01-12,1.3786364195637024,1.3786364195637024,1.4896270309405677
2021-01-13,1.3741085867098635,1.3741085867098635,1.4847346734524394
2021-01-14,1.3476239670082197,1.3476239670082197,1.456117842465024
2021-01-15,1.344574207991325,1.344574207991325,1.4528225548859692
2021-01-18,1.3594633384421422,1.3594633384421422,1.468910372436703
2021-01-19,1.3395093416433965,1.3395093416433965,1.4473499286642109
2021-01-20,1.349094650475979,1.349094650475979,1.4577069270245524
2021-01-21,1.3709060933964843,1.3709060933964843,1.4812743553161134
2021-01-22,1.3720910159224344,1.3720910159224344,1.4825546730265537
2021-01-25,1.3859208601234416,1.3859208601234416,1.4974979238091182
2021-01-26,1.3580961201429687,1.3580961201429687,1.4674330827708097
2021-01-27,1.3617986951045136,1.3617986951045136,1.4714337428930389
2021-01-28,1.3246349919309488,1.3246349919309488,1.4312780818125679
2021-01-29,1.3184320087285732,1.3184320087285732,1.4245757117608229
2021-02-01,1.3346144537867162,1.3346144537867162,1.4420609654819956
2021-02-02,1.355169533945819,1.355169533945819,1.4642708843508443
2021-02-03,1.351255101734312,1.351255101734312,1.4600413108749812
2021-02-04,1.3484837132900416,1.3484837132900416,1.4570468047954686
2021-02-05,1.3508141430396234,1.3508141430396234,1.459564851685441
2021-02-08,1.3708050916842929,1.3708050916842929,1.4811652222056602
2021-02-09,1.4007828925539145,1.4007828925539145,1.513556461744852
2021-02-10,1.4307064973828483,1.4307064973828483,1.5458891420540448
2021-02-18,1.4210152599252845,1.4210152599252845,1.5354176870168863
2021-02-19,1.4235920353143572,1.4235920353143572,1.5382019122250379
2021-02-22,1.3788778382904026,1.3788778382904026,1.489887885692383
2021-02-23,1.374527374296997,1.374527374296997,1.4851871765933433
2021-02-24,1.3395216589253705,1.3395216589253705,1.4473632375801195
2021-02-25,1.3474022559326775,1.3474022559326775,1.4558782819786633
2021-02-26,1.3146875550083144,1.3146875550083144,1.4205298013245033
2021-03-01,1.3348928243593403,1.3348928243593403,1.4423617469815377
2021-03-02,1.3178580233885595,1.3178580233885595,1.423955516279466
2021-03-03,1.3431281590875142,1.3431281590875142,1.451260088158259
2021-03-04,1.3008798819148615,1.3008798819148615,1.405610506590575
2021-03-05,1.2964678315115834,1.2964678315115834,1.4008432529119907
2021-03-08,1.2514407755254757,1.2514407755254757,1.3521911799152488
2021-03-09,1.224584173908201,1.224584173908201,1.3231724196673835
2021-03-10,1.2326175052119923,1.2326175052119923,1.3318524946231978
2021-03-11,1.2633146353489269,1.2633146353489269,1.3650209748514726
2021-03-12,1.2677882721620777,1.2677882721620777,1.3698547731096016
2021-03-15,1.24048332148093,1.24048332148093,1.3403515683226506
2021-03-16,1.251278187403412,1.251278187403412,1.3520155022252507
2021-03-17,1.2565746186524618,1.2565746186524618,1.3577383360660973
2021-03-18,1.266652618764026,1.266652618764026,1.3686276910627968
2021-03-19,1.2334747880374202,1.2334747880374202,1.3327787951704606
2021-03-22,1.2458068507503237,1.2458068507503237,1.3461036817784968
2021-03-23,1.23400689461872,1.23400689461872,1.333353740337727
2021-03-24,1.21416128990135,1.21416128990135,1.3119104150252336
2021-03-25,1.2135848411049421,1.2135848411049421,1.311287557760695
2021-03-26,1.241086868297682,1.241086868297682,1.341003705202189
2021-03-29,1.2432768810327546,1.2432768810327546,1.3433700304507996
2021-03-30,1.2550645198823838,1.2550645198823838,1.3561066629756604
2021-03-31,1.2436414725792007,1.2436414725792007,1.3437639743617042
2021-04-01,1.2590183673962092,1.2590183673962092,1.3603788249824322
2021-04-02,1.2715277989695464,1.2715277989695464,1.3738953599795576
2021-04-06,1.266300344499554,1.266300344499554,1.3682470560678008
2021-04-07,1.2572840940941947,1.2572840940941947,1.3585049296224525
2021-04-08,1.2593706416606811,1.2593706416606811,1.360759459977428
2021-04-09,1.2587409563398508,1.2587409563398508,1.340298332659015
2021-04-12,1.2587409563398508,1.2587409563398508,1.3169837737697239
2021-04-13,1.2587409563398508,1.2587409563398508,1.314825067609293
2021-04-14,1.2587409563398508,1.2587409563398508,1.3257357168714465
2021-04-15,1.2587409563398508,1.2587409563398508,1.3173085113179022
2021-04-16,1.2587409563398508,1.2587409563398508,1.3218894401737613
2021-04-19,1.2587409563398508,1.2587409563398508,1.3540544281425013
2021-04-20,1.2587409563398508,1.2587409563398508,1.353082877281148
2021-04-21,1.2587409563398508,1.2587409563398508,1.357174038031558
2021-04-22,1.2587409563398508,1.2587409563398508,1.3546453440088584
2021-04-23,1.2587409563398508,1.2587409563398508,1.366945444091906
2021-04-26,1.2587409563398508,1.2587409563398508,1.3514512041907114
2021-04-27,1.2587409563398508,1.2587409563398508,1.3549860522561274
2021-04-28,1.2587409563398508,1.2587409563398508,1.3626306935542258
2021-04-29,1.2587409563398508,1.2587409563398508,1.3745900853900044
2021-04-30,1.2587409563398508,1.2587409563398508,1.363761951406486
2021-05-06,1.2587409563398508,1.2587409563398508,1.3471604097016672
2021-05-07,1.2587409563398508,1.2587409563398508,1.3298401865377654
2021-05-10,1.2587409563398508,1.2587409563398508,1.3288739592427758
2021-05-11,1.2587409563398508,1.2587409563398508,1.337029662911778
2021-05-12,1.2587409563398508,1.2587409563398508,1.3427498349694427
2021-05-13,1.2587409563398508,1.2587409563398508,1.3290203573177743
2021-05-14,1.2587409563398508,1.2587409563398508,1.3603282511019783
2021-05-17,1.2587409563398508,1.2587409563398508,1.3801319179744893
2021-05-18,1.2587409563398508,1.2587409563398508,1.3808266433849365
2021-05-19,1.2587409563398508,1.2587409563398508,1.3767461297672539
2021-05-20,1.2587409563398508,1.2587409563398508,1.3805098911863034
2021-05-21,1.2587409563398508,1.2587409563398508,1.3665994122782734
2021-05-24,1.2587409563398508,1.2587409563398508,1.3723062754200295
2021-05-25,1.2587409563398508,1.2587409563398508,1.4156640616681926
2021-05-26,1.2587409563398508,1.2587409563398508,1.4162256979195502
2021-05-27,1.2587409563398508,1.2587409563398508,1.4209210834522261
2021-05-28,1.2587409563398508,1.2587409563398508,1.4163587870786398
2021-05-31,1.2587409563398508,1.2587409563398508,1.4191483358531547
2021-06-01,1.2587409563398508,1.2587409563398508,1.4218393986499436
2021-06-02,1.2587409563398508,1.2587409563398508,1.4080753178169119
2021-06-03,1.2587409563398508,1.2587409563398508,1.398844253742467
2021-06-04,1.2587409563398508,1.2587409563398508,1.4060284065501159
2021-06-07,1.2587409563398508,1.2587409563398508,1.404790677370584
2021-06-08,1.2587409563398508,1.2587409563398508,1.3926769021102616
2021-06-09,1.2587409563398508,1.2587409563398508,1.3938294542279763
2021-06-10,1.2587409563398508,1.2587409563398508,1.403151018930602
2021-06-11,1.2587409563398508,1.2587409563398508,1.390701858989374
2021-06-15,1.2587409563398508,1.2587409563398508,1.375226251570452
2021-06-16,1.2587409563398508,1.2587409563398508,1.3523162837247928
2021-06-17,1.2587409563398508,1.2587409563398508,1.3580124997338217
2021-06-18,1.2587409563398508,1.2587409563398508,1.3581668831583655
2021-06-21,1.2587409563398508,1.2587409563398508,1.3549514490747643
2021-06-22,1.2587409563398508,1.2587409563398508,1.3634079342433083
2021-06-23,1.2587409563398508,1.2587409563398508,1.3701236132109624
2021-06-24,1.2587409563398508,1.2587409563398508,1.3724074231809373
2021-06-25,1.2587409563398508,1.2587409563398508,1.3947664019079662
2021-06-28,1.2587409563398508,1.2587409563398508,1.3979046442792955
2021-06-29,1.2587409563398508,1.2587409563398508,1.3816092076403823
2021-06-30,1.2587409563398508,1.2587409563398508,1.390526181299376
2021-07-01,1.2587409563398508,1.2587409563398508,1.3920221034475415
2021-07-02,1.2587409563398508,1.2587409563398508,1.3524839760652456
2021-07-05,1.2587409563398508,1.2587409563398508,1.3537270288111412
2021-07-06,1.2587409563398508,1.2587409563398508,1.3530110091352399
2021-07-07,1.2587409563398508,1.2587409563398508,1.3682869828155277
2021-07-08,1.2587409563398508,1.2587409563398508,1.3543844892570431
2021-07-09,1.2587409563398508,1.2587409563398508,1.3493750133089157
2021-07-12,1.2587409563398508,1.2587409563398508,1.3662161155000958
2021-07-13,1.2587409563398508,1.2587409563398508,1.368715529907796
2021-07-14,1.2587409563398508,1.2587409563398508,1.3530056855688763
2021-07-15,1.2587409563398508,1.2587409563398508,1.3712069589659504
2021-07-16,1.2587409563398508,1.2587409563398508,1.3561173101083879
2021-07-19,1.2587409563398508,1.2587409563398508,1.361100168224697
2021-07-20,1.2587409563398508,1.2587409563398508,1.359902365792892
2021-07-21,1.2587409563398508,1.2587409563398508,1.369231915845063
2021-07-22,1.2587409563398508,1.2587409563398508,1.3712841506782223
2021-07-23,1.2587409563398508,1.2587409563398508,1.3546426822256765
2021-07-26,1.2587409563398508,1.2587409563398508,1.3110080705266072
2021-07-27,1.2587409563398508,1.2587409563398508,1.2646957049466578
2021-07-28,1.2587409563398508,1.2587409563398508,1.2671365601243583
2021-07-29,1.2587409563398508,1.2587409563398508,1.2910367113136434
2021-07-30,1.2587409563398508,1.2587409563398508,1.2806291390728477
2021-08-02,1.2587409563398508,1.2587409563398508,1.313254615532037
2021-08-03,1.2587409563398508,1.2587409563398508,1.313446263921126
2021-08-04,1.2587409563398508,1.2587409563398508,1.325261919465088
2021-08-05,1.2587409563398508,1.2587409563398508,1.3172286578224484
2021-08-06,1.2587409563398508,1.2587409563398508,1.3100125636166182
2021-08-09,1.2587409563398508,1.2587409563398508,1.3270479759800686
2021-08-10,1.2587409563398508,1.2587409563398508,1.342377185323992
2021-08-11,1.2587409563398508,1.2587409563398508,1.3349747662954365
2021-08-12,1.2587409563398508,1.2587409563398508,1.323797938715104
2021-08-13,1.2587409563398508,1.2587409563398508,1.316512638146547
2021-08-16,1.2587409563398508,1.2587409563398508,1.3152057026042885
2021-08-17,1.2587409563398508,1.2587409563398508,1.2876109963586804
2021-08-18,1.2587409563398508,1.2587409563398508,1.30274057196397
2021-08-19,1.2587409563398508,1.2587409563398508,1.294196247950427
2021-08-20,1.2587409563398508,1.2587409563398508,1.2694762675411513
2021-08-23,1.2587409563398508,1.2587409563398508,1.2872064053150487
2021-08-24,1.2587409563398508,1.2587409563398508,1.3011834288026236
2021-08-25,1.2587409563398508,1.2587409563398508,1.3037839909712314
2021-08-26,1.2587409563398508,1.2587409563398508,1.278084474351057
2021-08-27,1.2587409563398508,1.2587409563398508,1.284853388982347
2021-08-30,1.2587409563398508,1.2587409563398508,1.2811881135410235
2021-08-31,1.2587409563398508,1.2587409563398508,1.2791491876237728
2021-09-01,1.2587409563398508,1.2587409563398508,1.2961446732394966
2021-09-02,1.2587409563398508,1.2587409563398508,1.2961313643235877
2021-09-03,1.2587409563398508,1.2587409563398508,1.2891175656395732
2021-09-06,1.2587409563398508,1.2587409563398508,1.3132519537488552
2021-09-07,1.2587409563398508,1.2587409563398508,1.3289830923532293
2021-09-08,1.2587409563398508,1.2587409563398508,1.3234732011669257
2021-09-09,1.2587409563398508,1.2587409563398508,1.3229089031323864
2021-09-10,1.2587409563398508,1.2587409563398508,1.334490321756351
2021-09-13,1.2587409563398508,1.2587409563398508,1.32867166372096
2021-09-14,1.2587409563398508,1.2587409563398508,1.3088413790166307
2021-09-15,1.2587409563398508,1.2587409563398508,1.2955750516385935
2021-09-16,1.2587409563398508,1.2587409563398508,1.2797055003087667
2021-09-17,1.2587409563398508,1.2587409563398508,1.2925459423777175
2021-09-22,1.2587409563398508,1.2587409563398508,1.2834506292455443
2021-09-23,1.2587409563398508,1.2587409563398508,1.2918166137859073
2021-09-24,1.2587409563398508,1.2587409563398508,1.290813121526373
2021-09-27,1.2587409563398508,1.2587409563398508,1.2982501437362917
2021-09-28,1.2587409563398508,1.2587409563398508,1.2999696556717275
2021-09-29,1.2587409563398508,1.2587409563398508,1.2866873575945998
2021-09-30,1.2587409563398508,1.2587409563398508,1.2953248440195055
2021-10-08,1.2587409563398508,1.2587409563398508,1.312243137922957
2021-10-11,1.2587409563398508,1.2587409563398508,1.3139067524115755
2021-10-12,1.2587409563398508,1.2587409563398508,1.2999723174549094
2021-10-13,1.2587409563398508,1.2587409563398508,1.3149501714188367
2021-10-14,1.2587409563398508,1.2587409563398508,1.3078964459870956
2021-10-15,1.2587409563398508,1.2587409563398508,1.3128207448734055
2021-10-18,1.2587409563398508,1.2587409563398508,1.2975607418922084
2021-10-19,1.2587409563398508,1.2587409563398508,1.3103213304657055
2021-10-20,1.2587409563398508,1.2587409563398508,1.3069834543557421
2021-10-21,1.2587409563398508,1.2587409563398508,1.3117320755520538
2021-10-22,1.2587409563398508,1.2587409563398508,1.320172590021507
2021-10-25,1.2587409563398508,1.2587409563398508,1.3254402589382681
2021-10-26,1.2587409563398508,1.2587409563398508,1.3210696109537703
2021-10-27,1.2587409563398508,1.2587409563398508,1.3037839909712314
2021-10-28,1.2587409563398508,1.2587409563398508,1.2947286045867847
2021-10-29,1.2587409563398508,1.2587409563398508,1.30660814292711
2021-11-01,1.2587409563398508,1.2587409563398508,1.3017956389344347
2021-11-02,1.2587409563398508,1.2587409563398508,1.288263133238219
2021-11-03,1.2587409563398508,1.2587409563398508,1.283274951555546
2021-11-04,1.2587409563398508,1.2587409563398508,1.2959530248504076
2021-11-05,1.2587409563398508,1.2587409563398508,1.2889285790336662
2021-11-08,1.2587409563398508,1.2587409563398508,1.2904803986286493
2021-11-09,1.2587409563398508,1.2587409563398508,1.2900971018504717
2021-11-10,1.2587409563398508,1.2587409563398508,1.2832962458210002
2021-11-11,1.2587409563398508,1.2587409563398508,1.303914418347139
2021-11-12,1.2587409563398508,1.2587409563398508,1.3011781052362599
2021-11-15,1.2587409563398508,1.2587409563398508,1.2995836971103683
2021-11-16,1.2587409563398508,1.2587409563398508,1.2998339047294563
2021-11-17,1.2587409563398508,1.2587409563398508,1.300480718042631
2021-11-18,1.2587409563398508,1.2587409563398508,1.28766955558868
2021-11-19,1.2587409563398508,1.2587409563398508,1.3016279465939824
2021-11-22,1.2587409563398508,1.2587409563398508,1.307574370222099
2021-11-23,1.2587409563398508,1.2587409563398508,1.3078272396243693
2021-11-24,1.2587409563398508,1.2587409563398508,1.3087082898575413
2021-11-25,1.2587409563398508,1.2587409563398508,1.3033261642639635
2021-11-26,1.2587409563398508,1.2587409563398508,1.2936612295308874
2021-11-29,1.2587409563398508,1.2587409563398508,1.291342816379549
2021-11-30,1.2587409563398508,1.2587409563398508,1.2861816187900597
2021-12-01,1.2587409563398508,1.2587409563398508,1.2893278465109346
2021-12-02,1.2587409563398508,1.2587409563398508,1.292604501607717
2021-12-03,1.2587409563398508,1.2587409563398508,1.3045452609612231
2021-12-06,1.2587409563398508,1.2587409563398508,1.3023093630885203
2021-12-07,1.2587409563398508,1.2587409563398508,1.3101562999084346
2021-12-08,1.2587409563398508,1.2587409563398508,1.3298082451395838
2021-12-09,1.2587409563398508,1.2587409563398508,1.3518371627520707
2021-12-10,1.2587409563398508,1.2587409563398508,1.3455633397925937
2021-12-13,1.2587409563398508,1.2587409563398508,1.353197333957965
2021-12-14,1.2587409563398508,1.2587409563398508,1.344120653308064
2021-12-15,1.2587409563398508,1.2587409563398508,1.3324620429718275
2021-12-16,1.2587409563398508,1.2587409563398508,1.3401359638849257
2021-12-17,1.2587409563398508,1.2587409563398508,1.318849683780158
2021-12-20,1.2587409563398508,1.2587409563398508,1.2990619876067375
2021-12-21,1.2587409563398508,1.2587409563398508,1.3078645045889141
2021-12-22,1.2587409563398508,1.2587409563398508,1.3081200357743659
2021-12-23,1.2587409563398508,1.2587409563398508,1.3172472903047208
2021-12-24,1.2587409563398508,1.2587409563398508,1.3099540043866187
2021-12-27,1.2587409563398508,1.2587409563398508,1.3094163241838972
2021-12-28,1.2587409563398508,1.2587409563398508,1.3191690977619728
2021-12-29,1.2587409563398508,1.2397027317717544,1.2998764932603648
2021-12-30,1.2587409563398508,1.2493568912828572,1.309999254700709
2021-12-31,1.2587409563398508,1.254144623293885,1.3150193777815633
2022-01-04,1.2587409563398508,1.2484074682859725,1.30900374779072
2022-01-05,1.2587409563398508,1.2358034972177039,1.2957879942931367
2022-01-06,1.2587409563398508,1.2231386006095284,1.2825083579991907
2022-01-07,1.2587409563398508,1.224189566172925,1.2836103362364515
2022-01-10,1.2587409563398508,1.2296931732778609,1.2893810821745704
2022-01-11,1.2587409563398508,1.2179446983324538,1.2770623496092504
2022-01-12,1.2587409563398508,1.2300815735947683,1.2897883350013841
2022-01-13,1.2587409563398508,1.2098593714739574,1.2685845701752518
2022-01-14,1.2587409563398508,1.1999107385199705,1.25815304188582
2022-01-17,1.2587409563398508,1.2102046162000972,1.268946572687975
2022-01-18,1.2587409563398508,1.2218997812980859,1.2812094078064777
2022-01-19,1.2587409563398508,1.2135301352533565,1.272433508656119
2022-01-20,1.2587409563398508,1.2244789624874837,1.2839137795191755
2022-01-21,1.2587409563398508,1.2132585088879375,1.2721486978556675
2022-01-24,1.2587409563398508,1.2126518796334935,1.2741264027597368
2022-01-25,1.2587409563398508,1.2126518796334935,1.245301952684142
2022-01-26,1.2587409563398508,1.2126518796334935,1.2543147505376804
2022-01-27,1.2587409563398508,1.2126518796334935,1.229711888588403
2022-01-28,1.2587409563398508,1.2126518796334935,1.2147766231553843
2022-02-07,1.2587409563398508,1.2126518796334935,1.2334942824897255
2022-02-08,1.2587409563398508,1.2126518796334935,1.2267546474734354
2022-02-09,1.2587409563398508,1.2126518796334935,1.2382775068674008
2022-02-10,1.2587409563398508,1.2126518796334935,1.2350301313856178
2022-02-11,1.2587409563398508,1.2126518796334935,1.2247929132684567
2022-02-14,1.2587409563398508,1.2126518796334935,1.2115611890717828
2022-02-15,1.2587409563398508,1.2126518796334935,1.2244468814548244
2022-02-16,1.2587409563398508,1.2126518796334935,1.229208811567045
2022-02-17,1.2587409563398508,1.2126518796334935,1.2321820233811034
2022-02-18,1.2587409563398508,1.2126518796334935,1.2380592406464939
2022-02-21,1.2587409563398508,1.2126518796334935,1.233552841719725
2022-02-22,1.2587409563398508,1.2126518796334935,1.2175395540980813
2022-02-23,1.2587409563398508,1.2126518796334935,1.2305556738570302
2022-02-24,1.2587409563398508,1.2126518796334935,1.2056067800941206
2022-02-25,1.2587409563398508,1.2126518796334935,1.2173452439258108
2022-02-28,1.2587409563398508,1.2126518796334935,1.2195358914844232
2022-03-01,1.2587409563398508,1.2126518796334935,1.229661314707949
2022-03-02,1.2587409563398508,1.2126518796334935,1.2187240476139776
2022-03-03,1.2587409563398508,1.2126518796334935,1.2115452183726922
2022-03-04,1.2587409563398508,1.2126518796334935,1.1968521752092163
2022-03-07,1.2587409563398508,1.2126518796334935,1.158615659802815
2022-03-08,1.2587409563398508,1.2126518796334935,1.13535433657716
2022-03-09,1.2587409563398508,1.2126518796334935,1.124962735035455
2022-03-10,1.2587409563398508,1.2126518796334935,1.142660931411171
2022-03-11,1.2587409563398508,1.2126518796334935,1.1463022508038585
2022-03-14,1.2587409563398508,1.2126518796334935,1.1112305956006048
2022-03-15,1.2587409563398508,1.2126518796334935,1.060403845744341
2022-03-16,1.2587409563398508,1.2126518796334935,1.1062583846170226
2022-03-17,1.2587409563398508,1.2126518796334935,1.1279838589467857
2022-03-18,1.2587409563398508,1.2126518796334935,1.135490087519431
2022-03-21,1.2587409563398508,1.2126518796334935,1.1335869125444518
2022-03-22,1.2587409563398508,1.2126518796334935,1.1326685973467345
2022-03-23,1.2587409563398508,1.2126518796334935,1.1383169012584913
2022-03-24,1.2587409563398508,1.2126518796334935,1.1316065458572007
2022-03-25,1.2587409563398508,1.2126518796334935,1.1111800217201506
2022-03-28,1.2587409563398508,1.2126518796334935,1.1042327676156811
2022-03-29,1.2587409563398508,1.2126518796334935,1.1004184323161774
2022-03-30,1.2587409563398508,1.2126518796334935,1.13234918336492
2022-03-31,1.2587409563398508,1.2126518796334935,1.1239645663422841
2022-04-01,1.2587409563398508,1.2126518796334935,1.1382210770639467
2022-04-06,1.2587409563398508,1.2126518796334935,1.1349417601839824
2022-04-07,1.2587409563398508,1.2126518796334935,1.1203711590468688
2022-04-08,1.2587409563398508,1.2126518796334935,1.1261392432018058
2022-04-11,1.2587409563398508,1.2126518796334935,1.0913497370158216
2022-04-12,1.2587409563398508,1.2126518796334935,1.112617384638317
2022-04-13,1.2587409563398508,1.2126518796334935,1.101909030897979
2022-04-14,1.2587409563398508,1.2126518796334935,1.115705053129192
2022-04-15,1.2587409563398508,1.2126518796334935,1.1149544302719276
2022-04-18,1.2587409563398508,1.2126518796334935,1.1090000212942654
2022-04-19,1.2587409563398508,1.2126518796334935,1.1006207278379931
2022-04-20,1.2587409563398508,1.2126518796334935,1.083556035859543
2022-04-21,1.2587409563398508,1.2126518796334935,1.0636033091288515
2022-04-22,1.2587409563398508,1.2126518796334935,1.0682401354315283
2022-04-25,1.2587409563398508,1.2126518796334935,1.0154463278039223
2022-04-26,1.2587409563398508,1.2126518796334935,1.0072506973871935
2022-04-27,1.2587409563398508,1.2126518796334935,1.0369082855986882
2022-04-28,1.2587409563398508,1.2126518796334935,1.0437144651945232
2022-04-29,1.2587409563398508,1.2126518796334935,1.0690360086028832
2022-05-05,1.2587409563398508,1.2126518796334935,1.0674309533442643
2022-05-06,1.2587409563398508,1.2126518796334935,1.0404431336641042
2022-05-09,1.2587409563398508,1.2126518796334935,1.03209045803965
2022-05-10,1.2587409563398508,1.2126518796334935,1.0433844040799811
2022-05-11,1.2587409563398508,1.2126518796334935,1.0584367879729988
2022-05-12,1.2587409563398508,1.2126518796334935,1.0537307553075956
2022-05-13,1.2587409563398508,1.2126518796334935,1.061678839888418
2022-05-16,1.2587409563398508,1.2126518796334935,1.053145163007602
2022-05-17,1.2587409563398508,1.2126518796334935,1.0662810630097315
2022-05-18,1.2587409563398508,1.2126518796334935,1.0625598901215902
2022-05-19,1.2587409563398508,1.2126518796334935,1.064606801388386
2022-05-20,1.2587409563398508,1.2126518796334935,1.0853687102063414
2022-05-23,1.2587409563398508,1.2126518796334935,1.0790815783309555
2022-05-24,1.2587409563398508,1.2126518796334935,1.053839888418049
2022-05-25,1.2587409563398508,1.2126518796334935,1.0602361534038882
2022-05-26,1.2587409563398508,1.2126518796334935,1.0628606716211324
2022-05-27,1.2587409563398508,1.2126518796334935,1.0650593045292902
2022-05-30,1.2587409563398508,1.2126518796334935,1.0724377675092098
2022-05-31,1.2587409563398508,1.2126518796334935,1.0890739123953919
2022-06-01,1.2587409563398508,1.2126518796334935,1.0868539852217798
2022-06-02,1.2587409563398508,1.2126518796334935,1.088554864674943
2022-06-06,1.2587409563398508,1.2126518796334935,1.1089228295819935
2022-06-07,1.2587409563398508,1.2126518796334935,1.1123937948510465
2022-06-08,1.2587409563398508,1.2126518796334935,1.1232219288345648
2022-06-09,1.2587409563398508,1.2126518796334935,1.1114728178701476
2022-06-10,1.2587409563398508,1.2126518796334935,1.1283272289772364
2022-06-13,1.2587409563398508,1.2126518796334935,1.1151141372628353
2022-06-14,1.2587409563398508,1.2126518796334935,1.1238873746300122
2022-06-15,1.2587409563398508,1.2126518796334935,1.1387694043993952
2022-06-16,1.2587409563398508,1.2126518796334935,1.131273822959477
2022-06-17,1.2587409563398508,1.2126518796334935,1.1469730201656694
2022-06-20,1.2587409563398508,1.2126518796334935,1.1526665743915163
2022-06-21,1.2587409563398508,1.2126518796334935,1.1513729477651666
2022-06-22,1.2587409563398508,1.2126518796334935,1.1367464491812354
2022-06-23,1.2587409563398508,1.2126518796334935,1.1562466727710228
2022-06-24,1.2587409563398508,1.2126518796334935,1.1697924873831478
2022-06-27,1.2587409563398508,1.2126518796334935,1.1829656523498222
2022-06-28,1.2587409563398508,1.2126518796334935,1.195279061348779
2022-06-29,1.2587409563398508,1.2126518796334935,1.176870168863525
2022-06-30,1.2587409563398508,1.2126518796334935,1.193812418815613
2022-07-01,1.2587409563398508,1.2126518796334935,1.1889440173761205
2022-07-04,1.2587409563398508,1.2126518796334935,1.1967457038819445
2022-07-05,1.2587409563398508,1.2126518796334935,1.1950182065969635
2022-07-06,1.2587409563398508,1.2126518796334935,1.177564894273972
2022-07-07,1.2587409563398508,1.2126518796334935,1.1827553714784609
2022-07-08,1.2587409563398508,1.2126518796334935,1.1788452119844124
2022-07-11,1.2587409563398508,1.2126518796334935,1.1591054279082642
2022-07-12,1.2587409563398508,1.2126518796334935,1.1481921168629288
2022-07-13,1.2587409563398508,1.2142495472620316,1.1502789548774515
2022-07-14,1.2587409563398508,1.2144209458689446,1.1504413236515405
2022-07-15,1.2587409563398508,1.1937575793896413,1.1308665701326632
2022-07-18,1.2587409563398508,1.2061376164725637,1.1425943868316262
2022-07-19,1.2587409563398508,1.1996048007172768,1.1364057409339665
2022-07-20,1.2587409563398508,1.203667790645081,1.1402546794148336
2022-07-21,1.2587409563398508,1.1902537422942252,1.1275473265049722
2022-07-22,1.2587409563398508,1.1908634717647184,1.1281249334554202
2022-07-25,1.2587409563398508,1.1836731597140608,1.1213134302932222
2022-07-26,1.2587409563398508,1.1930410770164805,1.130187815421307
2022-07-27,1.2587409563398508,1.1871573281168804,1.1246140414386405
2022-07-28,1.2587409563398508,1.1873343463502495,1.1247817337790933
2022-07-29,1.2587409563398508,1.1717202142418068,1.109990204637891
2022-08-01,1.2587409563398508,1.1769408472195801,1.1149357977896552
2022-08-02,1.2587409563398508,1.1539959123990757,1.0931996763271652
2022-08-03,1.2587409563398508,1.1427454202338418,1.0825418964672813
2022-08-04,1.2587409563398508,1.152456134750088,1.0917410191435446
2022-08-05,1.2587409563398508,1.168014070593969,1.106479312621111
2022-08-08,1.2587409563398508,1.1655301957003459,1.1041262962884095
2022-08-09,1.2587409563398508,1.1678398621738282,1.10631428206384
2022-08-10,1.2587409563398508,1.1547601815971138,1.0939236813526116
2022-08-11,1.2587409563398508,1.1783064164484276,1.1162294244160047
2022-08-12,1.2587409563398508,1.1776348710869162,1.115593258235557
2022-08-15,1.2587409563398508,1.1760979032511565,1.1141372628351185
2022-08-16,1.2587409563398508,1.1738950096803413,1.1120504248205958
2022-08-17,1.2587409563398508,1.1848869990285917,1.122463320627755
2022-08-18,1.2587409563398508,1.1745300274698875,1.1126519878196803
2022-08-19,1.2587409563398508,1.16637313966877,1.1049248312429463
2022-08-22,1.2587409563398508,1.1748953031895377,1.1129980196333127
2022-08-23,1.2587409563398508,1.1691857627100783,1.1075892762079171
2022-08-24,1.2587409563398508,1.147083771857998,1.0866516896999638
2022-08-25,1.2587409563398508,1.156586560195366,1.0956538404207745
2022-08-26,1.2587409563398508,1.1560082669152683,1.0933407508358
2022-08-29,1.2587409563398508,1.1560082669152683,1.088541555759034
2022-08-30,1.2587409563398508,1.1560082669152683,1.0848869274504376
2022-08-31,1.2587409563398508,1.1560082669152683,1.0856987713208832
2022-09-01,1.2587409563398508,1.1560082669152683,1.0763559123528033
2022-09-02,1.2587409563398508,1.1560082669152683,1.0709977428078619
2022-09-05,1.2587409563398508,1.1560082669152683,1.0688204041651583
2022-09-06,1.2587409563398508,1.1560082669152683,1.0786290751900514
2022-09-07,1.2587409563398508,1.1560082669152683,1.0793477566491343
2022-09-08,1.2587409563398508,1.1560082669152683,1.074742871744639
2022-09-09,1.2587409563398508,1.1560082669152683,1.089678137177658
2022-09-13,1.2587409563398508,1.1560082669152683,1.0942883456485166
2022-09-14,1.2587409563398508,1.1560082669152683,1.0821106875918316
2022-09-15,1.2587409563398508,1.1560082669152683,1.0719320287046699
2022-09-16,1.2587409563398508,1.1560082669152683,1.0467941483358532
2022-09-19,1.2587409563398508,1.1560082669152683,1.0455484338067758
2022-09-20,1.2587409563398508,1.1560082669152683,1.0468367368667617
2022-09-21,1.2587409563398508,1.1560082669152683,1.0390882860245736
2022-09-22,1.2587409563398508,1.1560082669152683,1.0299344136624007
2022-09-23,1.2587409563398508,1.1560082669152683,1.0263889184642576
2022-09-26,1.2587409563398508,1.1560082669152683,1.0212410297906773
2022-09-27,1.2587409563398508,1.1560082669152683,1.0360458678477886
2022-09-28,1.2587409563398508,1.1560082669152683,1.0191195885947915
2022-09-29,1.2587409563398508,1.1560082669152683,1.0187016886352505
2022-09-30,1.2587409563398508,1.1560082669152683,1.0127792210557696
2022-10-10,1.2587409563398508,1.1560082669152683,0.9904335512446498
2022-10-11,1.2587409563398508,1.1560082669152683,0.9922302548923575
2022-10-12,1.2587409563398508,1.1560082669152683,1.0073012712676477
2022-10-13,1.2587409563398508,1.1560082669152683,0.9988793892804667
2022-10-14,1.2587409563398508,1.1560082669152683,1.0227822022529331
2022-10-17,1.2587409563398508,1.1560082669152683,1.0238309448265581
2022-10-18,1.2587409563398508,1.1560082669152683,1.0216642533165818
2022-10-19,1.2587409563398508,1.1560082669152683,1.0052304039522157
2022-10-20,1.2587409563398508,1.1560082669152683,0.999480952279551
2022-10-21,1.2587409563398508,1.1560082669152683,0.9962761653286769
2022-10-24,1.2587409563398508,1.1560082669152683,0.9671243159217222
2022-10-25,1.2587409563398508,1.1560082669152683,0.965548540278103
2022-10-26,1.2587409563398508,1.1560082669152683,0.9733874917484722
2022-10-27,1.2587409563398508,1.1560082669152683,0.9665307382721833
2022-10-28,1.2587409563398508,1.1560082669152683,0.942625263516535
2022-10-31,1.2587409563398508,1.1560082669152683,0.933939864994357
2022-11-01,1.2587409563398508,1.1560082669152683,0.9673372585762654
2022-11-02,1.2587409563398508,1.1560082669152683,0.9789532803815932
2022-11-03,1.2587409563398508,1.1560082669152683,0.9709918868848619
2022-11-04,1.2587409563398508,1.1560082669152683,1.002738974894061
2022-11-07,1.2587409563398508,1.1560082669152683,1.0049030046208556
2022-11-08,1.2587409563398508,1.1560082669152683,0.9979903536977491
2022-11-09,1.2587409563398508,1.1560082669152683,0.9886581418623964
2022-11-10,1.2587409563398508,1.1560082669152683,0.9810507655288431
2022-11-11,1.2587409563398508,1.1560082669152683,1.0084005877217266
2022-11-14,1.2587409563398508,1.1560082669152683,1.0098858627371647
2022-11-15,1.2587409563398508,1.1560082669152683,1.0290373927301377
2022-11-16,1.2587409563398508,1.1560082669152683,1.0206314814420476
2022-11-17,1.2587409563398508,1.1560082669152683,1.0164444964970933
2022-11-18,1.2587409563398508,1.1560082669152683,1.0118955090394157
2022-11-21,1.2587409563398508,1.1560082669152683,1.0032606843976917
2022-11-22,1.2587409563398508,1.1560082669152683,1.0033778028576905
2022-11-23,1.2587409563398508,1.1560082669152683,1.004431868997679
2022-11-24,1.2587409563398508,1.1560082669152683,0.9999813675177275
2022-11-25,1.2587409563398508,1.1560082669152683,1.0050307702135814
2022-11-28,1.2587409563398508,1.1560082669152683,0.9937075445582504
2022-11-29,1.2587409563398508,1.1560082669152683,1.0243659632460977
2022-11-30,1.2587409563398508,1.1560082669152683,1.0255957070760844
2022-12-01,1.2587409563398508,1.1560082669152683,1.0367033282936904
2022-12-02,1.2587409563398508,1.1560082669152683,1.0303629607546687
2022-12-05,1.2587409563398508,1.1560082669152683,1.0505738804539937
2022-12-06,1.2587409563398508,1.1560082669152683,1.0562488021975682
2022-12-07,1.2587409563398508,1.1560082669152683,1.053650901812142
2022-12-08,1.2587409563398508,1.1560082669152683,1.0538478737675943
2022-12-09,1.2587409563398508,1.1560082669152683,1.0642447988756627
2022-12-12,1.2587409563398508,1.1560082669152683,1.0523200102212473
2022-12-13,1.2587409563398508,1.1560082669152683,1.050254466472179
2022-12-14,1.2587409563398508,1.1560082669152683,1.0527059687826068
2022-12-15,1.2587409563398508,1.1560082669152683,1.0519340516598878
2022-12-16,1.2587409563398508,1.1560082669152683,1.0525302910926086
2022-12-19,1.2587409563398508,1.1560082669152683,1.0362907519005131
2022-12-20,1.2587409563398508,1.1560082669152683,1.019202103873427
2022-12-21,1.2587409563398508,1.1560082669152683,1.0196066949170588
2022-12-22,1.2587409563398508,1.1560082669152683,1.021068013883861
2022-12-23,1.2587409563398508,1.1560082669152683,1.0189891612188837
2022-12-26,1.2587409563398508,1.1560082669152683,1.0230537041374757
2022-12-27,1.2587409563398508,1.1560082669152683,1.0348613743318924
2022-12-28,1.2587409563398508,1.1560082669152683,1.0304454760333042
2022-12-29,1.2587409563398508,1.1560082669152683,1.026569919720619
2022-12-30,1.2587409563398508,1.1560082669152683,1.0305439620110304
2023-01-03,1.2587409563398508,1.1560082669152683,1.0348746832478013
2023-01-04,1.2587409563398508,1.1560082669152683,1.036218883754605
2023-01-05,1.2587409563398508,1.1560082669152683,1.056349949958476
2023-01-06,1.2587409563398508,1.1560082669152683,1.0596266050552585
2023-01-09,1.2587409563398508,1.1560082669152683,1.068205532250165
2023-01-10,1.2587409563398508,1.1560082669152683,1.0693634079342431
2023-01-11,1.2587409563398508,1.1560082669152683,1.0673830412469922
2023-01-12,1.2587409563398508,1.1560082669152683,1.0694698792615147
2023-01-13,1.2587409563398508,1.1560082669152683,1.0845116160218053
2023-01-16,1.2587409563398508,1.1560082669152683,1.1014352334916206
2023-01-17,1.2578925664684135,1.1552291187513755,1.1012435851025317
2023-01-18,1.2557855590224771,1.1532940756325458,1.099398969357552
2023-01-19,1.263599425019673,1.1604702095652908,1.1062397521347502
2023-01-20,1.2713585635507403,1.1675960826378062,1.1130326228146759
2023-01-30,1.2773846656544143,1.1731303618030595,1.1183082770809822
2023-01-31,1.2638578602763892,1.1607075525163733,1.106466003705202
2023-02-01,1.2757367608409982,1.1716169514561539,1.1168655905964524
2023-02-02,1.2712430277889142,1.167489976377322,1.112931475053768
2023-02-03,1.2592273085589853,1.1564549252869687,1.1024121079193374
2023-02-06,1.242581037611652,1.14116724696721,1.0878388449990417
2023-02-07,1.2448157424785542,1.1432195654265749,1.0897952556376567
2023-02-08,1.2393156321326682,1.1381683489735257,1.0849800898618
2023-02-09,1.2559527818356466,1.1534476504832458,1.0995453674325504
2023-02-10,1.2484885635387148,1.1465926276019662,1.0930106897212581
2023-02-13,1.259817149027256,1.1569966256694402,1.1029284938566044
2023-02-14,1.260340100370259,1.1574768961116317,1.103386320563872
2023-02-15,1.2537728044348726,1.1514455928841105,1.0976368688912075
2023-02-16,1.2445907517844714,1.143012937445632,1.0895982836822042
2023-02-17,1.226658385383125,1.126544128910484,1.073899086476012
2023-02-20,1.2567524109240757,1.1541820174965973,1.100245416409361
2023-02-21,1.2600543013804786,1.1572144227304346,1.103136112944784
2023-02-22,1.2486831500849485,1.146771332882782,1.0931810438448926
2023-02-23,1.247679813205931,1.1458498837785773,1.092302655394902
2023-02-24,1.2347276462222525,1.1339548135242996,1.0809634590404804
2023-02-27,1.2294950923774377,1.1291493168323719,1.0763825301846213
2023-02-28,1.2372846350563542,1.136303112605015,1.0832020186963651
2023-03-01,1.2547609392399655,1.1523530806382516,1.098501948425289
2023-03-02,1.2519637576378564,1.1497841922265297,1.0960531078980429
2023-03-03,1.2558585289773148,1.1533610901128515,1.099462852153915
2023-03-06,1.249309475530638,1.1473465405054069,1.093729371180341
2023-03-07,1.231018340184673,1.1305482441087553,1.0777160835586976
2023-03-08,1.226536768791729,1.1264324381099746,1.0737926151487405
2023-03-09,1.22220113730846,1.1224506610718055,1.0699969123315092
2023-03-10,1.2061751109772463,1.1077326058346462,1.0559666531802985
2023-03-13,1.2188080344085104,1.1193344877375864,1.0670263623006324
2023-03-14,1.2115140793395327,1.11263583197702,1.06064074444752
2023-03-15,1.212182970592211,1.113250131379823,1.0612263367475139
2023-03-16,1.1976649899943084,1.0999170420689834,1.0485163220544707
2023-03-17,1.2036454858762087,1.1054094371840455,1.05375204957305
2023-03-20,1.197643707090814,1.099897496178894,1.0484976895721982
2023-03-21,1.2108087031094357,1.111988025334064,1.0600232107493452
2023-03-22,1.215995650732477,1.1167516379758007,1.0645642128574775
2023-03-23,1.2280508953546097,1.1278229885763198,1.0751181831732715
2023-03-24,1.2243902359535888,1.1244610954809793,1.0719133962223972
2023-03-27,1.219960351611988,1.1203927580724151,1.0680351781265305
2023-03-28,1.2160169336359712,1.1167711838658898,1.0645828453397501
2023-03-29,1.2180327286383605,1.1186224588843372,1.0663476075892762
2023-03-30,1.227880632126655,1.1276666214556061,1.0749691233150913
2023-03-31,1.2316507464599322,1.1311290362714053,1.0782697344605097
2023-04-03,1.2437029506672803,1.1421975946019118,1.088821042993122
2023-04-04,1.2475156308075461,1.1456991011978892,1.0921589191030854
2023-04-06,1.2455484824417153,1.1438925024996458,1.090436745384468
2023-04-07,1.2536481474286918,1.1513311098135885,1.0975277357807542
2023-04-10,1.2480325013209796,1.1461737871000557,1.0926114222439898
2023-04-11,1.2466156680312155,1.144872589274118,1.0913710312812759
2023-04-12,1.245746109402734,1.144074000050474,1.0906097612912842
2023-04-13,1.237138695146679,1.1361690836444034,1.0830742531036393
2023-04-14,1.2441377299815213,1.142596889213734,1.0892016779881177
2023-04-17,1.2615836300172838,1.1586189345468436,1.104474989885224
2023-04-18,1.2654297547201836,1.1621511561129614,1.107842145610187
2023-04-19,1.2540373205211595,1.15168852037522,1.0978684440280233
2023-04-20,1.2505286818593837,1.1484662407805166,1.0947967462362387
2023-04-21,1.2260685449148545,1.1260024285280128,1.0733827005387448
2023-04-24,1.2108877538938434,1.1120606243543956,1.0600924171120716
2023-04-25,1.204816045568396,1.1064844611389513,1.0547768360980387
2023-04-26,1.2037701428823901,1.1055239202545684,1.0538611826835034
2023-04-27,1.2126451136395162,1.11367455642176,1.0616309277911458
2023-04-28,1.225010480569709,1.1250307185635788,1.0724563999914822
2023-05-04,1.2253631686847575,1.1253546218850567,1.0727651668405698
2023-05-05,1.2212981341173448,1.1216213568780218,1.0692063627265178
2023-05-08,1.2352171530026217,1.1344043689963512,1.0813920061327484
2023-05-09,1.2246425903807359,1.124692853892037,1.0721343242264858
2023-05-10,1.2152142641327575,1.1160340245825262,1.0638801345797577
2023-05-11,1.213326166551334,1.1143000249046138,1.0622271672238666
2023-05-12,1.1972423723392074,1.0995289165372124,1.0481463341922022
2023-05-15,1.2158284279193075,1.1165980631250998,1.064417814782479
2023-05-16,1.209540850144132,1.1108236487387508,1.058913247162539
2023-05-17,1.2040559418721704,1.1057863936357655,1.0541113903025916
2023-05-18,1.202809371810361,1.1046415629305415,1.053020059198058
2023-05-19,1.19930377356337,1.1014220756058508,1.049951023189455
2023-05-22,1.2068409618151397,1.1083441129674363,1.0565495836971104
2023-05-23,1.189772073212705,1.0926683091159066,1.0416063329145462
2023-05-24,1.1733234292263903,1.0775621283469763,1.0272060859010668
2023-05-25,1.1707117129261602,1.0751635684060314,1.02491961414791
2023-05-26,1.1701263570696971,1.0746259866218284,1.0250393943910905
2023-05-29,1.1701263570696971,1.0746259866218284,1.0205117011988671
2023-05-30,1.1701263570696971,1.0746259866218284,1.0215258405911287
2023-05-31,1.1701263570696971,1.0746259866218284,1.0110889887353336
2023-06-01,1.1701263570696971,1.0746259866218284,1.0133062541257638
2023-06-02,1.1701263570696971,1.0746259866218284,1.027935414492877
2023-06-05,1.1701263570696971,1.0746259866218284,1.0232559996592918
2023-06-06,1.1701263570696971,1.0746259866218284,1.0136496241562147
2023-06-07,1.1701263570696971,1.0746259866218284,1.0086401482080876
2023-06-08,1.1701263570696971,1.0746259866218284,1.016851749323907
2023-06-09,1.1701263570696971,1.0746259866218284,1.0212463533570408
2023-06-12,1.1701263570696971,1.0746259866218284,1.0233039117565639
2023-06-13,1.1701263570696971,1.0746259866218284,1.028755243712868
2023-06-14,1.1701263570696971,1.0746259866218284,1.0285183450096889
2023-06-15,1.1701263570696971,1.0746259866218284,1.0448829880113286
2023-06-16,1.1701263570696971,1.0746259866218284,1.0549578373544004
2023-06-19,1.1701263570696971,1.0746259866218284,1.0463230127126764
2023-06-20,1.1701263570696971,1.0746259866218284,1.044547603330423
2023-06-21,1.1701263570696971,1.0746259866218284,1.0285210067928707
2023-06-26,1.1701263570696971,1.0746259866218284,1.0140595387662101
2023-06-27,1.1701263570696971,1.0746259866218284,1.0235700900747429
2023-06-28,1.1701263570696971,1.0746259866218284,1.0223376844615746
2023-06-29,1.1701263570696971,1.0746259866218284,1.0172909435489024
2023-06-30,1.1701263570696971,1.0746259866218284,1.0227768786865696
2023-07-03,1.1701263570696971,1.0746259866218284,1.0362002512723323
2023-07-04,1.1701263570696971,1.0746259866218284,1.0378319243627692
2023-07-05,1.1701263570696971,1.0746259866218284,1.029793339153766
2023-07-06,1.1701263570696971,1.0746259866218284,1.0228567321820234
2023-07-07,1.1701263570696971,1.0746259866218284,1.0183183918570728
2023-07-10,1.1701263570696971,1.0746259866218284,1.023277293924746
2023-07-11,1.1701263570696971,1.0746259866218284,1.0299743404101274
2023-07-12,1.1701263570696971,1.0746259866218284,1.0230403952215668
2023-07-13,1.1701263570696971,1.0746259866218284,1.0376748791550436
2023-07-14,1.1701263570696971,1.0746259866218284,1.037855880411405
2023-07-17,1.1701263570696971,1.0746259866218284,1.0293568067119525
2023-07-18,1.1701263570696971,1.0746259866218284,1.0261014458806244
2023-07-19,1.1701263570696971,1.0746259866218284,1.0250181001256362
2023-07-20,1.1701263570696971,1.0746259866218284,1.0177833734375332
2023-07-21,1.1701263570696971,1.0746259866218284,1.0173095760311748
2023-07-24,1.1701263570696971,1.0746259866218284,1.0128670599007685
2023-07-25,1.1701263570696971,1.0746259866218284,1.0421200570686313
2023-07-26,1.1701263570696971,1.0746259866218284,1.0399613509082004
2023-07-27,1.1701263570696971,1.0746259866218284,1.0387209599454865
2023-07-28,1.1701263570696971,1.0746259866218284,1.0627808181256786
2023-07-31,1.1701263570696971,1.0746259866218284,1.0686074615106151
2023-08-01,1.1701263570696971,1.0746259866218284,1.0641809160792999
2023-08-02,1.1701263570696971,1.0746259866218284,1.0567013053384724
2023-08-03,1.1701263570696971,1.0746259866218284,1.0660388407401886
2023-08-04,1.1701263570696971,1.0746259866218284,1.0701912225037797
2023-08-07,1.1701263570696971,1.0746259866218284,1.0620914162815953
2023-08-08,1.1701263570696971,1.0746259866218284,1.059317838206171
2023-08-09,1.1701263570696971,1.0746259866218284,1.0560811098571155
2023-08-10,1.1701263570696971,1.0746259866218284,1.0582504631502736
2023-08-11,1.1701263570696971,1.0746259866218284,1.0339031323864483
2023-08-14,1.1701263570696971,1.0746259866218284,1.0263596388492577
2023-08-15,1.1701263570696971,1.0746259866218284,1.0238655480079215
2023-08-16,1.1701263570696971,1.0746259866218284,1.0163566576520942
2023-08-17,1.1701263570696971,1.0746259866218284,1.019755754775239
2023-08-18,1.1701263570696971,1.0746259866218284,1.0072187559890122
2023-08-21,1.1701263570696971,1.0746259866218284,0.992728008347352
2023-08-22,1.1701263570696971,1.0746259866218284,1.0003593407295415
2023-08-23,1.1701263570696971,1.0746259866218284,0.9839627563297204
2023-08-24,1.1701263570696971,1.0746259866218284,0.9910963352569152
2023-08-25,1.1701263570696971,1.0746259866218284,0.9872953088733204
2023-08-28,1.1701263570696971,1.0746259866218284,0.9988660803645578
2023-08-29,1.1701263570696971,1.0746259866218284,1.0088451055130854
2023-08-30,1.1701263570696971,1.0746259866218284,1.008419220203999
2023-08-31,1.1701263570696971,1.0746259866218284,1.002233236089521
2023-09-01,1.1701263570696971,1.0746259866218284,1.0092124315921722
2023-09-04,1.1701263570696971,1.0746259866218284,1.0245070377547325
2023-09-05,1.1701263570696971,1.0746259866218284,1.0168863525052703
2023-09-06,1.1701263570696971,1.0746259866218284,1.014679734247567
2023-09-07,1.1701263570696971,1.0746259866218284,1.0004232235259043
2023-09-08,1.1701263570696971,1.0746259866218284,0.9955042482059581
2023-09-11,1.1701263570696971,1.0746259866218284,1.0028374608717872
2023-09-12,1.1701263570696971,1.0746259866218284,1.0009901833436254
2023-09-13,1.1701263570696971,1.0746259866218284,0.9946152126232406
2023-09-14,1.1701263570696971,1.0746259866218284,0.9937794127041588
2023-09-15,1.1701263570696971,1.0746259866218284,0.9871968228955943
2023-09-18,1.1701263570696971,1.0746259866218284,0.992235578458721
2023-09-19,1.1701263570696971,1.0746259866218284,0.9903164327846511
2023-09-20,1.1701263570696971,1.0746259866218284,0.9863743318924214
2023-09-21,1.1701263570696971,1.0746259866218284,0.9775239028129724
2023-09-22,1.1701263570696971,1.0746259866218284,0.9952220991886884
2023-09-25,1.1701263570696971,1.0746259866218284,0.9887459807073955
2023-09-26,1.1701263570696971,1.0746259866218284,0.9829672494197312
2023-09-27,1.1701263570696971,1.0746259866218284,0.9849928664210728
2023-09-28,1.1701263570696971,1.0746259866218284,0.9820702284874683
2023-10-09,1.1701263570696971,1.0746259866218284,0.9807952343433913
2023-10-10,1.1701263570696971,1.0746259866218284,0.9734487127616532
2023-10-11,1.1701263570696971,1.0746259866218284,0.9762222908370776
2023-10-12,1.1701263570696971,1.0746259866218284,0.9854932816592492
2023-10-13,1.1701263570696971,1.0746259866218284,0.9751203125998168
2023-10-16,1.1701263570696971,1.0746259866218284,0.965322288707651
2023-10-17,1.1701263570696971,1.0746259866218284,0.9687293711803411
2023-10-18,1.1701263570696971,1.0746259866218284,0.9610581120504248
2023-10-19,1.1701263570696971,1.0746259866218284,0.9405517344179212
2023-10-20,1.1701263570696971,1.0746259866218284,0.9344429420157152
2023-10-23,1.1701263570696971,1.0746259866218284,0.9247673601499116
2023-10-24,1.1701263570696971,1.0746259866218284,0.9281983986712379
2023-10-25,1.1701263570696971,1.0746259866218284,0.9328112689252784
2023-10-26,1.1701263570696971,1.0746259866218284,0.9353878750452502
2023-10-27,1.1701263570696971,1.0746259866218284,0.9482309788973828
2023-10-30,1.1701263570696971,1.0746259866218284,0.9539218713400481
2023-10-31,1.1701263570696971,1.0746259866218284,0.9509247034773536
2023-11-01,1.1701263570696971,1.0746259866218284,0.9505307595664488
2023-11-02,1.1701263570696971,1.0746259866218284,0.9460483166883158
2023-11-03,1.1701263570696971,1.0746259866218284,0.9540203573177742
2023-11-06,1.1701263570696971,1.0746259866218284,0.9669220203999063
2023-11-07,1.1701263570696971,1.0746259866218284,0.9635016290113073
2023-11-08,1.1701263570696971,1.0746259866218284,0.9611885394263325
2023-11-09,1.1701263570696971,1.0746259866218284,0.9616570132663274
2023-11-10,1.1701263570696971,1.0746259866218284,0.9546458763654947
2023-11-13,1.1701263570696971,1.0746259866218284,0.9527613338727879
2023-11-14,1.1701263570696971,1.0746259866218284,0.9534667064159621
2023-11-15,1.1701263570696971,1.0746259866218284,0.960171738250889
2023-11-16,1.1701263570696971,1.0746259866218284,0.9508847767296267
2023-11-17,1.1701263570696971,1.0746259866218284,0.9497428717446392
2023-11-20,1.1701263570696971,1.0746259866218284,0.9519388428696153
2023-11-21,1.1701263570696971,1.0746259866218284,0.9532031898809651
2023-11-22,1.1701263570696971,1.0746259866218284,0.9434477545197079
2023-11-23,1.1701263570696971,1.0746259866218284,0.9479994037605672
2023-11-24,1.1701263570696971,1.0746259866218284,0.941741551500181
2023-11-27,1.1701263570696971,1.0746259866218284,0.9348022827452567
2023-11-28,1.1701263570696971,1.0746259866218284,0.9365537360788739
2023-11-29,1.1701263570696971,1.0746259866218284,0.9285124890866889
2023-11-30,1.1701263570696971,1.0746259866218284,0.9306126360171205
2023-12-01,1.1701263570696971,1.0746259866218284,0.9270671408189775
2023-12-04,1.1701263570696971,1.0746259866218284,0.9210142458635888
2023-12-05,1.1701263570696971,1.0746259866218284,0.9034784182619621
2023-12-06,1.1701263570696971,1.0746259866218284,0.9048998104810374
2023-12-07,1.1701263570696971,1.0746259866218284,0.902685206873789
2023-12-08,1.1701263570696971,1.0746259866218284,0.9048625455164924
2023-12-11,1.1701263570696971,1.0746259866218284,0.9101834500968888
2023-12-12,1.1701263570696971,1.0746259866218284,0.9121398607355039
2023-12-13,1.1701263570696971,1.0746259866218284,0.8969171227188518
2023-12-14,1.1701263570696971,1.0746259866218284,0.8922190754029939
2023-12-15,1.1701263570696971,1.0746259866218284,0.8894481591107515
2023-12-18,1.1701263570696971,1.0746259866218284,0.8862061071953322
2023-12-19,1.1701263570696971,1.0746259866218284,0.8874491599412277
2023-12-20,1.1701263570696971,1.0746259866218284,0.8777230041949703
2023-12-21,1.1701263570696971,1.0746259866218284,0.8866053746726006
2023-12-22,1.1701263570696971,1.0746259866218284,0.8882982687762185
2023-12-25,1.1701263570696971,1.0746259866218284,0.891018611188007
2023-12-26,1.1701263570696971,1.0746259866218284,0.8849870104980728
2023-12-27,1.1701263570696971,1.0746259866218284,0.8880666936394029
2023-12-28,1.1701263570696971,1.0746259866218284,0.9088765145546304
2023-12-29,1.1701263570696971,1.0746259866218284,0.9132870892868551
2024-01-02,1.1701263570696971,1.0746259866218284,0.9013729477651667
2024-01-03,1.1701263570696971,1.0746259866218284,0.8992302123038266
2024-01-04,1.1701263570696971,1.0746259866218284,0.8909121398607355
2024-01-05,1.1701263570696971,1.0746259866218284,0.8861369008326058
2024-01-08,1.1701263570696971,1.0746259866218284,0.8746779242350035
2024-01-09,1.1701263570696971,1.0746259866218284,0.8763921126040757
2024-01-10,1.1701263570696971,1.0746259866218284,0.8723009518536659
2024-01-11,1.1701263570696971,1.0746259866218284,0.8772358978727028
2024-01-12,1.1701263570696971,1.0746259866218284,0.8741748472136454
2024-01-15,1.1701263570696971,1.0746259866218284,0.8733097676795639
2024-01-16,1.1701263570696971,1.0746259866218284,0.878622686910415
2024-01-17,1.1701263570696971,1.0746259866218284,0.8595110836651689
2024-01-18,1.1701263570696971,1.0746259866218284,0.8716621238900364
2024-01-19,1.1701263570696971,1.0746259866218284,0.8703445412150508
2024-01-22,1.1701263570696971,1.0746259866218284,0.8568013883861076
2024-01-23,1.1701263570696971,1.0746259866218284,0.8602696918719788
2024-01-24,1.1701263570696971,1.0746259866218284,0.8722956282873022
2024-01-25,1.1701263570696971,1.0746259866218284,0.8898128234066566
2024-01-26,1.1701263570696971,1.0746259866218284,0.8873906007112284
2024-01-29,1.1701263570696971,1.0746259866218284,0.879442516130406
2024-01-30,1.1701263570696971,1.0746259866218284,0.8637592896233044
2024-01-31,1.1701263570696971,1.0746259866218284,0.8558564553565724
2024-02-01,1.1701263570696971,1.0746259866218284,0.8564846361874747
2024-02-02,1.1701263570696971,1.0746259866218284,0.8463485658312216
2024-02-05,1.1701263570696971,1.0746259866218284,0.8518824130661613
2024-02-06,1.1701263570696971,1.0746259866218284,0.8815000745299291
2024-02-07,1.1701263570696971,1.0746259866218284,0.8900018100125636
2024-02-08,1.1701263570696971,1.0746259866218284,0.8956714081897744
2024-02-19,1.1701263570696971,1.0746259866218284,0.9060204212005707
2024-02-20,1.1701263570696971,1.0746259866218284,0.9078943165605502
2024-02-21,1.1701263570696971,1.0746259866218284,0.9201438427631439
2024-02-22,1.1701263570696971,1.0746259866218284,0.9280759566448755
2024-02-23,1.1701263570696971,1.0746259866218284,0.9288931240816847
2024-02-26,1.1701263570696971,1.0746259866218284,0.9192095568663359
2024-02-27,1.1701263570696971,1.0746259866218284,0.9302373245884883
2024-02-28,1.1701263570696971,1.0746259866218284,0.9183844040799813
2024-02-29,1.1701263570696971,1.0746259866218284,0.9359042609825173
2024-03-01,1.1701263570696971,1.0746259866218284,0.9416856540533635
2024-03-04,1.1701263570696971,1.0746259866218284,0.9425028214901726
2024-03-05,1.1701263570696971,1.0746259866218284,0.9490614552501012
2024-03-06,1.1701263570696971,1.0746259866218284,0.945212516769234
2024-03-07,1.1701263570696971,1.0746259866218284,0.9395349332424777
2024-03-08,1.1701263570696971,1.0746259866218284,0.9435781818956155
2024-03-11,1.1701263570696971,1.0746259866218284,0.9553831903068504
2024-03-12,1.1701263570696971,1.0746259866218284,0.9575738378654628
2024-03-13,1.1701263570696971,1.0746259866218284,0.9508847767296267
2024-03-14,1.1701263570696971,1.0746259866218284,0.9481857285832924
2024-03-15,1.1701263570696971,1.0746259866218284,0.9502539341155426
2024-03-18,1.1701263570696971,1.0746259866218284,0.9591815549072635
2024-03-19,1.1701263570696971,1.0746259866218284,0.9522875364664296
2024-03-20,1.1701263570696971,1.0746259866218284,0.9543504184323162
2024-03-21,1.1701263570696971,1.0746259866218284,0.9532085134473286
2024-03-22,1.1701263570696971,1.0632586604601295,0.9436021379442516
2024-03-25,1.1701263570696971,1.0574879702972937,0.9384808671024893
2024-03-26,1.1701263570696971,1.062883745558698,0.943269415046528
2024-03-27,1.1701263570696971,1.050598534068586,0.9323667511339196
2024-03-28,1.1701263570696971,1.0560482970757963,0.9372032111752305
2024-03-29,1.1701263570696971,1.0610031724131168,0.9416004769915461
2024-04-01,1.1701263570696971,1.0784502122661397,0.9570840697600136
2024-04-02,1.1701263570696971,1.0739602314065944,0.9530993803368752
2024-04-03,1.1701263570696971,1.0700971082622428,0.9496710035987309
2024-04-08,1.1701263570696971,1.0606822452574913,0.9413156661910946
2024-04-09,1.1701263570696971,1.059806444047747,0.9405384255020123
2024-04-10,1.1701263570696971,1.051174403357185,0.9328778135048231
2024-04-11,1.1701263570696971,1.0510334353542465,0.932752709695279
2024-04-12,1.1701263570696971,1.0425153687937199,0.925193245458998
2024-04-15,1.1701263570696971,1.0644823826984025,0.9446881454824215
2024-04-16,1.1701263570696971,1.053093967652515,0.9345813547411682
2024-04-17,1.1701263570696971,1.0693772716514942,0.9490321756351014
2024-04-18,1.1701263570696971,1.0706969721045336,0.9502033602350887
2024-04-19,1.1701263570696971,1.0622568878435046,0.9427131023615339
2024-04-22,1.1701263570696971,1.0590296203719811,0.9398490236579289
2024-04-23,1.1701263570696971,1.0516273005581147,0.9332797427652733
2024-04-24,1.1701263570696971,1.0562462521437526,0.9373788888652286
2024-04-25,1.1701263570696971,1.058843662580871,0.939683993100658
2024-04-26,1.1701263570696971,1.0750369870035061,0.9540549604991375
2024-04-29,1.1701263570696971,1.0869262883577062,0.9646062690317497
2024-04-30,1.1632384700103262,1.0810716172569497,0.9594104682608973
2024-05-06,1.1805012039988383,1.0971149757190126,0.9736483465002874
2024-05-07,1.1808658869191415,1.0974538987899067,0.9739491279998297
2024-05-08,1.171574540657611,1.088818858780133,0.9662858542194587
2024-05-09,1.1826570286958518,1.099118520952263,0.9754264176657226
2024-05-10,1.183212121282508,1.099634403856633,0.9758842443729904
2024-05-13,1.182698983368099,1.099157512102012,0.9754610208470859
2024-05-14,1.1802333395529516,1.0968660322244619,0.973427418496199
2024-05-15,1.1702319911456982,1.0875711419881686,0.9651785524158344
2024-05-16,1.174847005092898,1.0918601684605467,0.9689849023657929
2024-05-17,1.1869848145022817,1.1031406080148216,0.9789958689125018
2024-05-20,1.1911770544445284,1.1070367236704994,0.9824535252656459
2024-05-21,1.1864006763733006,1.1025977312375488,0.978514086156598
2024-05-22,1.1890760935496845,1.1050841668638436,0.9807207044143011
2024-05-23,1.1753085064876185,1.0922890711077846,0.9693655373607887
2024-05-24,1.162299330808484,1.080198815366417,0.9586358893549967
2024-05-27,1.1733463187394384,1.090465485027221,0.9677471731862609
2024-05-28,1.1647811110360338,1.0825052918400244,0.9606828006217926
2024-05-29,1.166184978915077,1.0838099956970066,0.9618406763058708
2024-05-30,1.1599853692699227,1.0780483034918054,0.9567273908136539
2024-05-31,1.155341309780398,1.0737322831465244,0.9528970848150593
2024-06-03,1.1581910002107318,1.0763806820102375,0.9552474393645791
2024-06-04,1.1668788446483975,1.0844548493274693,0.9624129596899554
2024-06-05,1.1601402788289896,1.078192270813955,0.9568551564063797
2024-06-06,1.1593205490789276,1.0774304437342461,0.9561790634782052
2024-06-07,1.153466258659193,1.0719896786846703,0.9513505887864399
2024-06-11,1.1433874554724062,1.062622804787302,0.9430378399097123
2024-06-12,1.1437876384999954,1.062994720369522,0.9433679010242542
2024-06-13,1.1379817573174693,1.057598945108118,0.9385793530802155
2024-06-14,1.1429517723375309,1.0622178966937559,0.9426784991801708
2024-06-17,1.1412316307753927,1.0606192595540511,0.9412597687442771
2024-06-18,1.144262049024638,1.0634356202936055,0.9437591831519772
2024-06-19,1.138827305327376,1.0583847667415185,0.9392767402738442
2024-06-20,1.1306074168493916,1.0507455007099475,0.9324971785098274
2024-06-21,1.128135318469283,1.0484480221939743,0.9304582525925768
2024-06-24,1.1220648001233509,1.042806302757231,0.9254514384276314
2024-06-25,1.1159620089526132,1.037134590128373,0.9204180064308681
2024-06-26,1.1231782125791439,1.0438410678851822,0.9263697536253487
2024-06-27,1.1147420961749617,1.0360008474664437,0.9194118523881518
2024-06-28,1.1171754671653034,1.0382623341518793,0.9214188369072208
2024-07-01,1.1225069378231873,1.0432172094891998,0.9258161027235364
2024-07-02,1.12044470431811,1.0413006445130812,0.9241152232703732
2024-07-03,1.1177402415994013,1.0387872150138835,0.9218846489640339
2024-07-04,1.1120602244336169,1.033508413201726,0.917199910564085
2024-07-05,1.1072999827747918,1.0290844173648328,0.9132737803709461
2024-07-08,1.097844045106753,1.020296412075275,0.9054747556483039
2024-07-09,1.1101238549452812,1.0317088216748542,0.9156028406550115
2024-07-10,1.106625480736355,1.028457559649639,0.9127174676859521
2024-07-11,1.1192764280601475,1.0402148909585354,0.9231516577585656
2024-07-12,1.120641568549424,1.0414836029849799,0.9242775920444625
2024-07-15,1.1218840723044392,1.0426383408813893,0.9253023785694512
2024-07-16,1.1289937756091115,1.0492458411042207,0.9311662869189328
2024-07-17,1.128429278721307,1.0487212181836687,0.9320446753689231
2024-07-18,1.128429278721307,1.0487212181836687,0.937195225825685
2024-07-19,1.128429278721307,1.0487212181836687,0.9420103916015417
2024-07-22,1.128429278721307,1.0487212181836687,0.9355954941334299
2024-07-23,1.128429278721307,1.0487212181836687,0.9156214731372841
2024-07-24,1.128429278721307,1.0487212181836687,0.9098427418496199
2024-07-25,1.128429278721307,1.0487212181836687,0.9048119716360384
2024-07-26,1.128429278721307,1.0487212181836687,0.9074790783841911
2024-07-29,1.128429278721307,1.0487212181836687,0.9025414705819722
2024-07-30,1.128429278721307,1.0487212181836687,0.8968559017056706
2024-07-31,1.128429278721307,1.0487212181836687,0.9162070654372777
2024-08-01,1.128429278721307,1.0487212181836687,0.9101355379996167
2024-08-02,1.128429278721307,1.0487212181836687,0.9008512382615361
2024-08-05,1.128429278721307,1.0487212181836687,0.8899192947339282
2024-08-06,1.128429278721307,1.0487212181836687,0.8898287941057473
2024-08-07,1.128429278721307,1.0487212181836687,0.8894321884116606
2024-08-08,1.128429278721307,1.0487212181836687,0.8898181469730202
2024-08-09,1.128429278721307,1.0487212181836687,0.8868076701944166
2024-08-12,1.128429278721307,1.0487212181836687,0.8852718212985243
2024-08-13,1.128429278721307,1.0487212181836687,0.8875423223525903
2024-08-14,1.128429278721307,1.0487212181836687,0.8808479376503907
2024-08-15,1.128429278721307,1.0487212181836687,0.889554630438023
2024-08-16,1.128429278721307,1.0487212181836687,0.8905341666489215
2024-08-19,1.128429278721307,1.0487212181836687,0.8935526287770702
2024-08-20,1.128429278721307,1.0487212181836687,0.887092480994868
2024-08-21,1.128429278721307,1.0487212181836687,0.8841485487958092
2024-08-22,1.128429278721307,1.0487212181836687,0.8818860330912884
2024-08-23,1.128429278721307,1.0487212181836687,0.8856258384617023
2024-08-26,1.128429278721307,1.0487212181836687,0.8848352888567108
2024-08-27,1.128429278721307,1.0487212181836687,0.8798071804263111
2024-08-28,1.128429278721307,1.0487212181836687,0.8747950426950022
2024-08-29,1.128429278721307,1.0487212181836687,0.8724473499286641
2024-08-30,1.128429278721307,1.0487212181836687,0.8840926513489916
2024-09-02,1.128429278721307,1.0487212181836687,0.8690748706373373
2024-09-03,1.128429278721307,1.0487212181836687,0.8713160920764037
2024-09-04,1.128429278721307,1.0487212181836687,0.8656544792487383
2024-09-05,1.128429278721307,1.0487212181836687,0.8671450778305403
2024-09-06,1.128429278721307,1.0487212181836687,0.8601153084474351
2024-09-09,1.128429278721307,1.0487212181836687,0.8498940610293647
2024-09-10,1.128429278721307,1.0487212181836687,0.8506420221034475
2024-09-11,1.128429278721307,1.0487212181836687,0.8480787248993846
2024-09-12,1.128429278721307,1.0487212181836687,0.8444427290730605
2024-09-13,1.128429278721307,1.0487212181836687,0.8409238517067353
2024-09-18,1.128429278721307,1.0487212181836687,0.8440541087285195
2024-09-19,1.128429278721307,1.0487212181836687,0.8507165520325376
2024-09-20,1.128429278721307,1.0487212181836687,0.8520501054066141
2024-09-23,1.128429278721307,1.0487212181836687,0.8551670535124891
2024-09-24,1.128429278721307,1.0487212181836687,0.8922057664870849
2024-09-25,1.128429278721307,1.0487212181836687,0.9054135346351228
2024-09-26,1.128429278721307,1.0487212181836687,0.9436873150060688
2024-09-27,1.128429278721307,1.0487212181836687,0.9858393134728817
2024-09-30,1.128429278721307,1.0487212181836687,1.0694645556951512
2024-10-08,1.128429278721307,1.0487212181836687,1.1328815400012777
2024-10-09,1.128429278721307,1.0487212181836687,1.052996103149422
2024-10-10,1.128429278721307,1.0487212181836687,1.0641250186324822
2024-10-11,1.128429278721307,1.0487212181836687,1.0346803730755307
2024-10-14,1.128429278721307,1.0487212181836687,1.0544228189348608
2024-10-15,1.128429278721307,1.0487212181836687,1.026380933114712
2024-10-16,1.128429278721307,1.0487212181836687,1.0198861821511467
2024-10-17,1.128429278721307,1.0487212181836687,1.008342028491727
2024-10-18,1.128429278721307,1.0487212181836687,1.0448111198654202
2024-10-21,1.1307312502439932,1.0508605869726737,1.047464917697664
2024-10-22,1.1372193351267208,1.0568903775942033,1.053475224122144
2024-10-23,1.1416529555758121,1.0610108235326532,1.0575823555716446
2024-10-24,1.1289009092031173,1.0491595344368392,1.0457693618108643
2024-10-25,1.1368285558778053,1.0565272015425966,1.0531132216094206
2024-10-28,1.1390525495444268,1.0585941005421822,1.0551734417921252
2024-10-29,1.127699837688069,1.0480433021605777,1.0446567364408765
2024-10-30,1.1175855512455528,1.038643451413109,1.0352872596409786
2024-10-31,1.1180424181615642,1.0390680469440317,1.035710483166883
2024-11-01,1.1177493337248776,1.0387956649053265,1.0354389812823406
2024-11-04,1.133478198493722,1.0534135009824976,1.0500095824194544
2024-11-05,1.162157372636549,1.0800668845934305,1.0765768403568918
2024-11-06,1.1563272910479512,1.0746486183529151,1.0711760822810417
2024-11-07,1.1912158325209705,1.107072762607393,1.1034954536743253
2024-11-08,1.179248218022937,1.0959504960269368,1.0924091267221738
2024-11-11,1.1870293224792814,1.1031819721133416,1.0996172355784588
2024-11-12,1.1739870650467301,1.0910609713909665,1.0875354017163177
2024-11-13,1.1812136077748348,1.097777057933547,1.0942297864185175
2024-11-14,1.1607350511055703,1.0787450305820674,1.0752592576819062
2024-11-15,1.1403944165241584,1.0598411830135077,1.0564164945380208
2024-11-18,1.1350930362723284,1.0549142726075194,1.05150550456762
2024-11-19,1.142710358249348,1.0619935352017065,1.058561891782543
2024-11-20,1.1452619168746192,1.064364861185727,1.0609255552479717
2024-11-21,1.1462762188957012,1.0653075166726182,1.0618651647111432
2024-11-22,1.1107612812736851,1.0323012225707118,1.0289655245842293
2024-11-25,1.105701264675597,1.0275986267848334,1.0242781244010988
2024-11-26,1.103428423602861,1.0254863307787971,1.0221726539043035
2024-11-27,1.1226398210899808,1.043340706374699,1.0399693362577458
2024-11-28,1.1127295444024135,1.0341304548894663,1.030788846063755
2024-11-29,1.125381022586049,1.0458882795602342,1.0425086774131727
2024-12-02,1.1343028576440068,1.0541799092678732,1.050773514192628
2024-12-03,1.1355269161736976,1.0553175048412884,1.05190743382807
2024-12-04,1.1293980033947526,1.0496215157377797,1.0462298503013139
2024-12-05,1.1268205843780092,1.0472261560444618,1.043842230787249
2024-12-06,1.1416328419380006,1.0609921306476437,1.057563723089372
2024-12-09,1.1397450333605197,1.059237669868926,1.0558149315389367
2024-12-10,1.148097939806086,1.0670005579720199,1.0635527352483976
2024-12-11,1.1461411701846786,1.0651820073018419,1.0617400609015992
2024-12-12,1.157539856070321,1.0757755322777531,1.0722993547837567
2024-12-13,1.1301508281242807,1.0503211637195515,1.0469272374949425
2024-12-16,1.1240190419685057,1.0446225042038988,1.0412469921850045
2024-12-17,1.1269470129585408,1.047343654178805,1.0439593492472476
2024-12-18,1.1326535393434374,1.052647092697121,1.0492456506462808
2024-12-19,1.1336793348718404,1.0536004298325887,1.0501959072421796
2024-12-20,1.1285877111286193,1.0488684595131244,1.0454792274440492
2024-12-23,1.1302628898206613,1.050425309793174,1.0470310470390325
2024-12-24,1.1446642544939252,1.0638094154597397,1.0603719043461595
2024-12-25,1.1452216895989955,1.0643274754157082,1.0608882902834267
2024-12-26,1.1457532643125936,1.0648215016623792,1.0613807201720575
2024-12-27,1.1438999362570759,1.0630990858293914,1.0596638700198038
2024-12-30,1.1490777613052048,1.0679111685131808,1.0644604033133878
2024-12-31,1.1306479223159158,1.0507831450204923,1.047387725985392
2025-01-02,1.0977448842326063,1.0202042555576338,1.0169076467707245
2025-01-03,1.0847457274525092,1.0081233110174215,1.0048657396563105
2025-01-06,1.0829671071945781,1.006470325900182,1.003218095866783
2025-01-07,1.0907654519119043,1.0137178244594518,1.0104421754221589
2025-01-08,1.088785695275855,1.0118779104921205,1.008608206809906
2025-01-09,1.086101961316392,1.0093837455494685,1.006122101318115
2025-01-10,1.0724821551409587,0.996725991986116,0.9935052490364344
2025-01-13,1.0696173984411892,0.9940635910783814,0.9908514512041907
2025-01-14,1.09778511150823,1.0202416413276523,1.0169449117352696
2025-01-15,1.0907424648972623,1.0136964611622985,1.0104208811567046
2025-01-16,1.0919923838184256,1.014858090445011,1.0115787568407828
2025-01-17,1.0954289425074166,1.018051903369435,1.0147622495262025
2025-01-20,1.1004113779310878,1.022682398027421,1.0193777815634248
2025-01-21,1.101253277342354,1.023464828785662,1.0201576840356892
2025-01-22,1.091026929203458,1.013960831964571,1.0106843976917015
2025-01-23,1.0929578384333927,1.0157553489254512,1.012473115989864
2025-01-24,1.1013251117631104,1.023531589089266,1.0202242286152339
2025-01-27,1.0967909231249597,1.01931767872577,1.0160239347543707
2025-02-05,1.0904694940983872,1.013442772008602,1.0101680117544345
2025-02-06,1.1041898684628797,1.0261939899970005,1.0228780264474777
2025-02-07,1.1185193987153874,1.0395113353599623,1.03615233917506
2025-02-10,1.120921541745485,1.0417437999124861,1.0383775899150358
2025-02-11,1.1157724504656588,1.0369584213501386,1.0336076744532696
2025-02-12,1.1263234901863741,1.0467641747435206,1.0433817422967995
2025-02-13,1.122093879492231,1.0428333280673063,1.0394635974532058
2025-02-14,1.1318260068163226,1.0518780139996007,1.0484790570899256
2025-02-17,1.134236769976911,1.054118489788557,1.0507122931794468
2025-02-18,1.12428913939055,1.0448735229454502,1.0414971998040927
2025-02-19,1.1321564451518022,1.0521851113961798,1.0487851621558313
2025-02-20,1.1289210228409292,1.0491782273218475,1.045787994293137
2025-02-21,1.1431557316580383,1.0624074490840518,1.0589744681757203
2025-02-24,1.1406501470620514,1.0600788496943379,1.0566533932412001
2025-02-25,1.1279871753710946,1.048310343374993,1.0449229147590553
2025-02-26,1.1378399845220568,1.0574671866173422,1.0540501692894104
2025-02-27,1.1401904067692097,1.059651583751271,1.0562275079321137
2025-02-28,1.1177579538553684,1.0388036761417578,1.035446966631886
2025-03-03,1.1173039603161872,1.0383817510229794,1.0350264048891633
2025-03-04,1.1163701128463526,1.037513867076125,1.0341613253550819
2025-03-05,1.121355421646854,1.0421470321462551,1.038779519175486
2025-03-06,1.1367768350948604,1.0564791341240005,1.0530653095121483
2025-03-07,1.1332626952314522,1.0532132200716842,1.0498099486808203
2025-03-10,1.1288922890726265,1.0491515232004058,1.045761376461319
2025-03-11,1.1325184906324148,1.0525215833263448,1.0491205468367368
2025-03-12,1.1284411689102756,1.0487322684937717,1.045343476501778
2025-03-13,1.1239443341709183,1.04455307348815,1.041177785822278
2025-03-14,1.1512356673047297,1.06991664803345,1.0664594024829113
2025-03-17,1.1484283781415656,1.0673076553685987,1.0638588403143032
2025-03-18,1.1515689790170398,1.0702264158421733,1.0667681693319988
2025-03-19,1.1522729563404537,1.0708806668174944,1.0674203062115373
2025-03-20,1.142164416651598,1.0614861568943141,1.058056152978003
2025-03-21,1.1248408277419593,1.04538624207713,1.0420082621749962
2025-03-24,1.1306306820549334,1.050767122547627,1.0473717552863013
2025-03-25,1.129897970963217,1.0500861674508644,1.046693000574945
2025-03-26,1.1261798213448604,1.046630654136312,1.04324865313771
2025-03-27,1.12992957810835,1.0501155419844501,1.0467222801899447
2025-03-28,1.1249758764529816,1.045511751447906,1.0421333659845404
2025-03-31,1.1169706486038766,1.0380719832142562,1.0347176380400758
2025-04-01,1.1170769635465962,1.0381707884635902,1.034816124017802
2025-04-02,1.1161316225694407,1.0372922228681594,1.0339403973509933
2025-04-03,1.1095544630049752,1.0311796494701608,1.027847575647878
2025-04-07,1.0313813729609163,0.9585284166759482,0.9554311024041225
2025-04-08,1.049000919684072,0.9749033839439815,0.9717531568748536
2025-04-09,1.04847641922423,0.9744159322520095,0.9813435616788398
2025-04-10,1.04847641922423,0.9744159322520095,0.9942079597964267
2025-04-11,1.04847641922423,0.9744159322520095,0.998307105896382
2025-04-14,1.04847641922423,0.9744159322520095,1.0006015629990843
2025-04-15,1.04847641922423,0.9744159322520095,1.0011578756840782
2025-04-16,1.04847641922423,0.9744159322520095,1.004242882391772
2025-04-17,1.04847641922423,0.9744159322520095,1.0040831754008646
2025-04-18,1.04847641922423,0.9744159322520095,1.0041630288963181
2025-04-21,1.04847641922423,0.9744159322520095,1.0074529929090097
2025-04-22,1.04847641922423,0.9744159322520095,1.007205447073103
2025-04-23,1.04847641922423,0.9744159322520095,1.0079853495453674
2025-04-24,1.04847641922423,0.9744159322520095,1.0073145801835566
2025-04-25,1.04847641922423,0.9744159322520095,1.008014629160367
2025-04-28,1.04847641922423,0.9744159322520095,1.0065852515917464
2025-04-29,1.04847641922423,0.9744159322520095,1.0048444453908563
2025-04-30,1.04847641922423,0.9744159322520095,1.0036439811758693
2025-05-06,1.04847641922423,0.9744159322520095,1.0137507719171226
2025-05-07,1.04847641922423,0.9744159322520095,1.019896829283874
2025-05-08,1.04847641922423,0.9744159322520095,1.0255584421115393
2025-05-09,1.04847641922423,0.9744159322520095,1.0237644002470134
2025-05-12,1.04847641922423,0.9744159322520095,1.0355960264900663
2025-05-13,1.04847641922423,0.9744159322520095,1.0370999339877771
2025-05-14,1.04847641922423,0.9744159322520095,1.0495970060262771
2025-05-15,1.04847641922423,0.9744159322520095,1.0400119247886543
2025-05-16,1.04847641922423,0.9744159322520095,1.0351914354464342
2025-05-19,1.04847641922423,0.9744159322520095,1.032013266327378
2025-05-20,1.04847641922423,0.9744159322520095,1.0376083345754987
2025-05-21,1.04847641922423,0.9744159322520095,1.0424554417495369
2025-05-22,1.04847641922423,0.9744159322520095,1.0417873341709076
2025-05-23,1.04847641922423,0.9744159322520095,1.033376099316454
2025-05-26,1.04847641922423,0.9744159322520095,1.0274775877856093
2025-05-27,1.04847641922423,0.9744159322520095,1.021965034816124
2025-05-28,1.04847641922423,0.9744159322520095,1.0211239113306785
2025-05-29,1.04847641922423,0.9744159322520095,1.027102276356977
2025-05-30,1.04847641922423,0.9744159322520095,1.0221859628202126
2025-06-03,1.04847641922423,0.9744159322520095,1.0253215434083602
2025-06-04,1.04847641922423,0.9744159322520095,1.0297747066714933
2025-06-05,1.04847641922423,0.9744159322520095,1.0321223994378312
2025-06-06,1.04847641922423,0.9744159322520095,1.0311694810587508
2025-06-09,1.04847641922423,0.9744159322520095,1.0341693107046273
2025-06-10,1.04847641922423,0.9744159322520095,1.0289043035710483
2025-06-11,1.04847641922423,0.9744159322520095,1.0366660633291456
2025-06-12,1.04847641922423,0.9744159322520095,1.0360192500159706
2025-06-13,1.04847641922423,0.9744159322520095,1.0285609335405974
2025-06-16,1.04847641922423,0.9744159322520095,1.0311215689614788
2025-06-17,1.047026529366689,0.9730684572384619,1.0302112391133067
2025-06-18,1.0482682296053718,0.9742224483759535,1.031432997593748
2025-06-19,1.0396439586665467,0.9662073639613064,1.0229472328102043
2025-06-20,1.040604315060299,0.9670998843399762,1.0238921658397393
2025-06-23,1.0436504032275251,0.9699308081326025,1.0268893337024338
2025-06-24,1.0561296258877513,0.9815285447714882,1.0391681395200272
2025-06-25,1.0712897307626497,0.9956177960449144,1.0540847724707736
2025-06-26,1.0674888836268124,0.9920854266589108,1.0503449671003597
2025-06-27,1.0609259973979575,0.9859861183810144,1.0438874811013394
2025-06-30,1.0647998857243055,0.989586369598635,1.0476991546176615
2025-07-01,1.066606978882127,0.9912658163956815,1.0494772257830967
2025-07-02,1.0668558599757192,0.991497117451562,1.0497221098358211
2025-07-03,1.0734539141851904,0.9976291095743113,1.056214199016205
2025-07-04,1.077276403155253,1.0011815920956086,1.059975298652073
2025-07-07,1.0726693976945194,0.9969000084199047,1.055442281893486
2025-07-08,1.0816724007322893,1.0052670727021964,1.0643006963224804
2025-07-09,1.0797652140911753,1.0034946026544154,1.062424139179319
2025-07-10,1.084802351007139,1.0081759348940869,1.0673803794638104
2025-07-11,1.0860981558313851,1.0093802088698132,1.0686553736078874
2025-07-14,1.0868718514049436,1.0100992534565727,1.0694166435978791
2025-07-15,1.08724787827461,1.0104487191823053,1.0697866314601476
2025-07-16,1.0840394763506933,1.0074669468749742,1.0666297566065457
2025-07-17,1.0914220470508358,1.01432804015213,1.0738937629096483
2025-07-18,1.0979308286941274,1.0203770655917916,1.080298013245033
2025-07-21,1.1052511791208717,1.0271803336049772,1.0875007985349545
2025-07-22,1.1142731187635886,1.035564996880651,1.0963778454462214
2025-07-23,1.1144922423351211,1.0357686423755028,1.0965934498839462
2025-07-24,1.1224104484323423,1.0431275357511842,1.1043844892570431
2025-07-25,1.1164914067716931,1.0376265932482833,1.0985605076552885
2025-07-28,1.1188341353265936,1.0398038401438556,1.1008656118907176
2025-07-29,1.123216606757239,1.0438767500408848,1.1051777006452164
2025-07-30,1.123005598873541,1.0436806469717683,1.1049700815570367
2025-07-31,1.1025405393841397,1.0246611634094078,1.0848336917868018
2025-08-01,1.096951535695428,1.0194669462197399,1.0793344477332254
2025-08-04,1.1012176822671116,1.0234317480145638,1.083532079810907
2025-08-05,1.110077308153138,1.031665562775533,1.0922494197312662
2025-08-06,1.1127933583484269,1.0341897612549262,1.0949218500457827
2025-08-07,1.1131125754032516,1.0344864300005123,1.0952359404612337
2025-08-08,1.1104885030034208,1.0320477123461185,1.0926540107748983
2025-08-11,1.1152334751573414,1.0364575172593213,1.0973227784757564
2025-08-12,1.1210010239784127,1.0418176678151645,1.102997700219331
2025-08-13,1.129860649864439,1.0500514825761336,1.1117150401396902
2025-08-14,1.1289760398904756,1.0492293581709926,1.1108446370392453
2025-08-15,1.1368320257142988,1.0565304262827038,1.118574455399161
2025-08-18,1.1468576054192188,1.0658478362076353,1.1284390238708715
2025-08-19,1.1425184176570244,1.0618151525811943,1.1241695236472817
2025-08-20,1.1555116338801037,1.0738905761833115,1.1369540682694148
2025-08-21,1.160021251086823,1.0780816507501927,1.1413912608334575
2025-08-22,1.1843493779854601,1.1006913289625273,1.1653286769872873
2025-08-25,1.2090264794609817,1.123625331481477,1.189609463171568
2025-08-26,1.204527683171375,1.119444313482243,1.1851829177402526
2025-08-27,1.1865487293886172,1.102735326336777,1.167492706714082
2025-08-28,1.2075548347336538,1.1222576382814868,1.1881614531206746
2025-08-29,1.2164766808930783,1.1305492783064262,1.1969400140542152
2025-09-01,1.2237672737977625,1.1373248907585822,1.2041135197291368
2025-09-02,1.2147696812185491,1.128962854760114,1.195260428866506
2025-09-03,1.206486269168774,1.121264552226347,1.187110048763868
2025-09-04,1.1808893897386725,1.0974757414574035,1.161924256297779
2025-09-05,1.2066188254034045,1.1213877451800223,1.1872404761397755
2025-09-08,1.208580116630082,1.1232104980660382,1.1891702689465726
2025-09-09,1.200110043760113,1.1153387197403608,1.180836225804391
2025-09-10,1.2025718024032532,1.1176265888800498,1.183258448499819
2025-09-11,1.2303463914022863,1.143439283887949,1.210586976427248
2025-09-12,1.2233046795911942,1.1368949724916735,1.203658354805051
2025-09-15,1.226296663172857,1.1396756134460648,1.2066022870041098
2025-09-16,1.2236671803144699,1.1372318675078474,1.2040150337514108
2025-09-17,1.2311552549564613,1.1441910123195613,1.2113828495986032
2025-09-18,1.2168418868456317,1.1308886874645114,1.1972993547837567
2025-09-19,1.2178725792006169,1.1318465755328868,1.1983134941760183
2025-09-22,1.223469698577163,1.1370483351482898,1.20382072357914
2025-09-23,1.2227041186914391,1.1363368329872656,1.2030674389386937
2025-09-24,1.2352266250201158,1.1479747958967392,1.2153888332871956
2025-09-25,1.2426443637008744,1.1548685730187476,1.2226874427716614
2025-09-26,1.2308928477164778,1.1439471405541217,1.2111246566299696
2025-09-29,1.24982945266371,1.1615461339363458,1.2297571389024935
2025-09-30,1.255413045893865,1.16673532284219,1.2352510593897061
2025-10-09,1.2740223180984378,1.1840301050530926,1.2535614658972338
2025-10-10,1.248958368836137,1.1607365802407632,1.2289000447179574
2025-10-13,1.2427769199355048,1.154991765972423,1.2228178701475692
2025-10-14,1.2279198007397623,1.1411840985931125,1.2081993569131833
2025-10-15,1.2461070571769395,1.1580866746657827,1.2260945252443516
2025-10-16,1.249388500291367,1.1611363288047312,1.229323268243862
2025-10-17,1.221202716442051,1.1349414842262464,1.2015901492728007
2025-10-20,1.2276925614803953,1.140972910672526,1.207975767125913
2025-10-21,1.2465344834028913,1.158483909087839,1.2265150869870742
2025-10-22,1.2423954826072818,1.154637271962867,1.222442558718937
2025-10-23,1.2461205833233302,1.1580992453753418,1.2261078341602607
2025-10-24,1.2608207992209388,1.1717610925237714,1.240571963970103
2025-10-27,1.275791538046365,1.1856743538633754,1.255302272098124
2025-10-28,1.2692854616323515,1.1796278425656255,1.248900683545921
2025-10-29,1.2843995776095207,1.193674353426552,1.263772066182577
2025-10-30,1.2741386429573989,1.184138213155298,1.2536759225740508
2025-10-31,1.2554076354353083,1.1667302945583669,1.2352457358233428
2025-11-03,1.2588513923064264,1.1699307972120199,1.2386341858137602
2025-11-04,1.2494642467111556,1.1612067247782603,1.229397798172952
2025-11-05,1.2517799229732745,1.1633588302547153,1.2316762845765636
2025-11-06,1.2696723094191305,1.1799873648590051,1.2492813185409168
2025-11-07,1.2657199694437153,1.176314203525944,1.2453924533123228
2025-11-10,1.2701186722500295,1.1804021982744433,1.2497205127659121
2025-11-11,1.2585186491052107,1.1696215577568752,1.2383067864824002
2025-11-12,1.2568251755770725,1.1680477049201219,1.2366405102106002
2025-11-13,1.2720177432033088,1.182167125896489,1.251589084559528
2025-11-14,1.2520179831497538,1.1635800747429488,1.231910521496561
2025-11-17,1.2438779482517222,1.156015021730504,1.2239012159025575
2025-11-18,1.2358001336270885,1.1485077939820296,1.2159531313217349
2025-11-19,1.2412376444762223,1.1535612192246396,1.2213033155171311
2025-11-20,1.2349236393409595,1.1476932120026238,1.2150907135708353
2025-11-21,1.2048036165577476,1.1197007559572405,1.185454419624795
2025-11-24,1.203299509079082,1.1183028930543097,1.1839744681757203
2025-11-25,1.2147561550721573,1.1289502840505552,1.1952471199505972
2025-11-26,1.222122494396631,1.1357962924762406,1.202495155554609
2025-11-27,1.2215192282675975,1.135235638829921,1.2019015779050701
2025-11-28,1.2245653164348238,1.1380665626225475,1.2048987457677647
2025-12-01,1.2380454739279747,1.1505945317687791,1.21816241136262
2025-12-02,1.2320506858475366,1.1450231932923494,1.2122638998317752
2025-12-03,1.225752912087943,1.1391702709218041,1.2060672685845701
2025-12-04,1.229951427927672,1.1430722191688343,1.2101983560827068
2025-12-05,1.2402231834969064,1.152618416007735,1.2203051468239603
2025-12-08,1.2502893416409995,1.1619735380613432,1.2302096420433977
2025-12-09,1.2439239371494513,1.1560577621430042,1.223946466216648
2025-12-10,1.2421952956406968,1.1544512254613981,1.2222455867634845
2025-12-11,1.231469061552729,1.144482652781324,1.2116916164476907
2025-12-12,1.2392520061860413,1.151715839061418,1.219349566661698
2025-12-15,1.231436598801391,1.144452483078383,1.2116596750495092
2025-12-16,1.2166903940060534,1.130747895517454,1.1971502949255766
2025-12-17,1.2389625466532765,1.1514468258768613,1.2190647558612466
2025-12-18,1.2316340805386976,1.1446360154379405,1.2118539852217798
2025-12-19,1.2357974283978106,1.148505279840118,1.2159504695385532
2025-12-22,1.2475489443822072,1.159426712304744,1.2275132556802453
2025-12-23,1.2500134082546255,1.1617170955863447,1.2299381401588552
2025-12-24,1.2536194788824344,1.1650684467547028,1.2334862971401803
2025-12-25,1.2559135133103276,1.1672004390958635,1.2357434892783372
2025-12-26,1.2598902003492465,1.1708962277061306,1.2396563105555674
2025-12-29,1.2550559556291458,1.16640345610984,1.23489970400971
2025-12-30,1.2582778836994535,1.1693977991267297,1.238069887779221
2025-12-31,1.2525049244198259,1.164032620287063,1.2323896424692828
2026-01-05,1.2762595427114896,1.1861093004141072,1.2557627605885735
2026-01-06,1.2959914850665055,1.2044474515183847,1.2751778071165434
2026-01-07,1.292198753618503,1.2009226245581166,1.2714459870956751
2026-01-08,1.28164294897506,1.1911124428184825,1.2610597091203337
2026-01-09,1.2873969716497407,1.196460022664767,1.2667213219479994
2026-01-12,1.2957831824120862,1.2042538625911805,1.2749728498115458
2026-01-13,1.2879677750274356,1.1969905066081454,1.2672829581993568
2026-01-14,1.2828007871061196,1.1921884955567101,1.2621989523221397
2026-01-15,1.285370754920387,1.1945769303728693,1.2647276463448394
2026-01-16,1.2800793264522745,1.1896592687934935,1.2595211984412598
2026-01-19,1.2807799808353222,1.190310431548636,1.260210600285343
2026-01-20,1.276565233619924,1.1863933984501351,1.2560635420881157
2026-01-21,1.2776987246874798,1.1874468239111569,1.257178829241285
2026-01-22,1.277871859361283,1.1876077289935085,1.2573491833649197
2026-01-23,1.2721340680622717,1.1822752339986946,1.251703541236345
2026-01-26,1.273340600320338,1.1833965412913334,1.252890696535423
2026-01-27,1.2729970362020095,1.1830772452685414,1.2525526500713355
2026-01-28,1.2763244682141661,1.1861696398199895,1.2558266433849363
2026-01-29,1.2860308308642616,1.1951903809993352,1.2653771214411957
2026-01-30,1.2731728761050911,1.183240664492805,1.252725665978152
2026-02-02,1.2460231950693164,1.1580087362665192,1.2260120099657161
2026-02-03,1.260666601152083,1.1716177864348019,1.2404202423287407
2026-02-04,1.2711006704780081,1.1813148317884075,1.2506867400609016
2026-02-05,1.2634556925378826,1.1742098667458123,1.2431645407891654
2026-02-06,1.2562002676138146,1.1674669381385088,1.236025638295607
2026-02-09,1.2766139277469308,1.1864386530045463,1.256111454185388
2026-02-10,1.278031467888695,1.1877560633663014,1.2575062285726455
2026-02-11,1.2751963876051664,1.185121242642791,1.2547166797981302
2026-02-12,1.2767545996693959,1.186569388383957,1.2562498669108408
2026-02-13,1.2607477580304285,1.1716932106921543,1.2405000958241945
2026-02-24,1.2734975036184721,1.1835423615222145,1.2530450799599668
2026-02-25,1.2811668286221012,1.1906699538420151,1.260591235280339
2026-02-26,1.2787267118131862,1.1884021978376198,1.258190306850365
2026-02-27,1.2743388299239846,1.1843242596567671,1.253872894529503
2026-03-02,1.279213653083258,1.188854743381734,1.2586694278230872
2026-03-03,1.2595276996259712,1.1705593326899562,1.2392996316092075
2026-03-04,1.2451142380318496,1.1571639845841721,1.225117650816635
2026-03-05,1.2573067063885888,1.1684952221804126,1.2371143076169586
2026-03-06,1.2607558737182631,1.1717007531178891,1.2405080811737397
2026-03-09,1.2485877524250275,1.1603921427988544,1.2285353804220522
2026-03-10,1.2646297620446114,1.17530100433551,1.244319754690062
2026-03-11,1.2726751139179067,1.1827780623810433,1.2522358978727028
2026-03-12,1.2680924555206765,1.178519105982545,1.2477268371627521
2026-03-13,1.2631094231902762,1.1738880565811083,1.2428238325418965
2026-03-16,1.2637640886755948,1.1744964789237509,1.2434679840718894
2026-03-17,1.2545338463784579,1.1659182267208723,1.2343859798556247
2026-03-18,1.2601850703405677,1.1711702691745103,1.2399464449223823
2026-03-19,1.239874208920022,1.152294091701119,1.2199617767935094
2026-03-20,1.2354836218015426,1.1482136393783549,1.2156417026894657
2026-03-23,1.1951702950981635,1.1107478966095115,1.175975809714444
2026-03-24,1.210514355563978,1.1250081095329363,1.191073443921552
2026-03-25,1.2274896692845325,1.1407843500291444,1.2077761333872787
2026-03-26,1.2112745249911454,1.125714583410137,1.1918214049956346
2026-03-27,1.218048419103698,1.1320099947571496,1.1984865100828346
2026-03-30,1.2151754656102751,1.1293399760468752,1.1956596963437744
2026-03-31,1.2038405549347178,1.1188057214366585,1.184506824812078
2026-04-01,1.2032386346572506,1.1182463185759401,1.2047417005600392
2026-04-02,1.2032386346572506,1.1182463185759401,1.1921887310747215
2026-04-03,1.2032386346572506,1.1182463185759401,1.1820420135857412
2026-04-07,1.2032386346572506,1.1182463185759401,1.1819967632716508
2026-04-08,1.2032386346572506,1.1182463185759401,1.223238431890292
2026-04-09,1.2032386346572506,1.1182463185759401,1.2154287600349227
2026-04-10,1.2032386346572506,1.1182463185759401,1.234154404718809
2026-04-13,1.2032386346572506,1.1182463185759401,1.236704393006963
2026-04-14,1.2032386346572506,1.1182463185759401,1.2513788036881666
2026-04-15,1.2032386346572506,1.1182463185759401,1.2471119652477587
2026-04-16,1.2032386346572506,1.1182463185759401,1.2607828836694277
2026-04-17,1.2032386346572506,1.1182463185759401,1.2586694278230872
2026-04-20,1.2032386346572506,1.1182463185759401,1.2663273780370945
2026-04-21,1.2032386346572506,1.1182463185759401,1.2691382210770639
2026-04-22,1.2032386346572506,1.1182463185759401,1.277557441281063
2026-04-23,1.2032386346572506,1.1182463185759401,1.2740172696492833
2026-04-24,1.2032386346572506,1.1182463185759401,1.269502885372969
2026-04-27,1.2032386346572506,1.1182463185759401,1.2699234471156917
2026-04-28,1.2032386346572506,1.1182463185759401,1.2665323353420923
2026-04-29,1.2032386346572506,1.1182463185759401,1.280410872851941
2026-04-30,1.2032386346572506,1.1182463185759401,1.2796016907646772
2026-05-06,1.2032386346572506,1.1182463185759401,1.2981756138072018
2026-05-07,1.2032386346572506,1.1182463185759401,1.304409510018952
2026-05-08,1.2032386346572506,1.1182463185759401,1.2967968101190348
2026-05-11,1.222377705144979,1.1360334760835316,1.3180724430910755
2026-05-12,1.2214421313981496,1.135163987797489,1.3170636272651775
2026-05-13,1.2338563804029117,1.1467013402790396,1.330449734886395
2026-05-14,1.2131848908093787,1.1274900080697527,1.3081599625220928
2026-05-15,1.1996054945526287,1.1148698100182497,1.2935174932390707
2026-05-18,1.1931700308112458,1.108888923575736,1.2865782244841466
2026-05-19,1.1979491093702475,1.1133304257440164,1.2917314367240902
2026-05-20,1.197410969325897,1.1128302979172162,1.2911511679904601
2026-05-21,1.1807236908864078,1.0973217469577252,1.2731575136815656
2026-05-22,1.196028591230318,1.111545565885069,1.2896605694086583
2026-05-25,1.2149128634288524,1.129095923109937,1.3100232107493452
2026-05-26,1.221392760751879,1.135118104510627,1.3170103916015419
2026-05-27,1.2115976245317763,1.1260148603971267,1.3064484359362023
2026-05-28,1.2130886180491507,1.1274005356603711,1.308056152978003
2026-05-29,1.2076356301685542,1.1223327266264191,1.3021762739294307
2026-06-01,1.195821234515981,1.111352856080247,1.289436979621388
2026-06-02,1.2131750166801245,1.1274808314123805,1.3081493153893657
2026-06-03,1.219161207540444,1.1330441799444464,1.3146041396052044
2026-06-04,1.2107533864805475,1.1252302561917795,1.3055381060880304
2026-06-05,1.1890722671707792,1.1050806107661566,1.2821596644023765
2026-06-08,1.163577265436601,1.0813864814304133,1.2546687677008581
2026-06-09,1.1853423148450295,1.1016141284437022,1.2781377100146931
2026-06-10,1.1722047858724018,1.0894045858096175,1.2639716999212112
2026-06-11,1.16574216827557,1.0833984635593294,1.2570031515512872
2026-06-12,1.1792968792091847,1.0959957199674013,1.2716190030024914
2026-06-15,1.2075344203436993,1.1222386658883512,1.3020671408189775
2026-06-16,1.2056879581731759,1.1205226309596974,1.300076126998999
2026-06-17,1.217329556563802,1.1313419100018516,1.3126290964843168
2026-06-18,1.21984992805592,1.133684251796177,1.3153467771129235
2026-06-22,1.2489934205495012,1.1607691560310514,1.346771789357126
2026-06-23,1.2143673177875611,1.1285889127901072,1.3094349566661698
2026-06-24,1.2202004596444418,1.1340100231328998,1.3157247503247376
2026-06-25,1.2392279067171612,1.1516934418896687,1.3362417750899682
2026-06-26,1.201735837939208,1.1168496738463622,1.2958146121249547
2026-06-29,1.216226122619652,1.1303164185404766,1.311439279402057
2026-06-30,1.2291883857980186,1.1423630755061998,1.325416302889632
2026-07-01,1.2241402372168415,1.1376715094245191,1.3199729562828728
2026-07-02,1.187931805241926,1.1040207068396353,1.2809299205723899
2026-07-03,1.1953053112624519,1.1108733757325346,1.288880666936394
2026-07-06,1.1952633462131217,1.1108343749387015,1.2888354166223035
2026-07-07,1.182984866485604,1.0994232014960228,1.2755957070760844
2026-07-08,1.173917947297994,1.090996735863743,1.2658189774493729
2026-07-09,1.2037328805808567,1.1187056527999464,1.2979679947190221
2026-07-10,1.1801534599219807,1.096791794994464,1.2725426417665722
2026-07-13,1.1590697254320876,1.0771973373398762,1.249808351610911
2026-07-14,1.1840315241865425,1.1003959271775055,1.276724303145163
2026-07-15,1.1816321107777874,1.0981659994359927,1.2741370498924638
2026-07-16,1.1598226277877153,1.0778970574645277,1.250620195481357
2026-07-17,1.1180229701226456,1.039049972642477,1.2055482208641213
2026-07-20,1.1351101507969272,1.0549301782255533,1.2239730840484657
2026-07-21,1.1698942396269336,1.087257247984457,1.2614802708630564
2026-07-22,1.1644659370694725,1.0822123805939363,1.2556270096463023
2026-07-23,1.1671220778388351,1.0846809014271335,1.2584910883499074
2026-07-24,1.1476675746758742,1.0666005922390047,1.237513575094227
