date,v1.1双周+熔断,v1.0周度,等权持有,沪深300
2019-05-06,1.0,1.0,1.0,1.0
2019-05-07,1.0,1.0,1.042369394691992,1.009783912588001
2019-05-08,1.0,1.0,1.0321444405708387,0.9953428033284301
2019-05-09,1.0,1.0,1.0060101074729733,0.9769528472406924
2019-05-10,1.0,1.0,1.0510825240071906,1.0124381890127068
2019-05-13,1.0,1.0,1.045665547232501,0.9956874793058714
2019-05-14,1.0,1.0,1.0324875179532593,0.9892879048585743
2019-05-15,1.0,1.0,1.0746582355068923,1.0115262903637283
2019-05-16,1.0,1.0,1.0854071570341834,1.0161047814971422
2019-05-17,1.0,1.0,1.05102192580798,0.9902676531094117
2019-05-20,1.0,1.0,1.0373009376557356,0.9818624444311761
2019-05-21,1.0,1.0,1.0540157976085602,0.9951582524113749
2019-05-22,1.0,1.0,1.0464027551552273,0.9904359201220208
2019-05-23,1.0,1.0,1.0195813835104262,0.972681036307679
2019-05-24,1.0,1.0,1.0264387255386551,0.9753814504616487
2019-05-27,1.0,1.0,1.0394980831872604,0.9871302875194728
2019-05-28,1.0,1.0,1.039695051812025,0.9966455156841141
2019-05-29,1.0,1.0,1.0454582737085405,0.9943793389820389
2019-05-30,1.0,1.0,1.0411204129138296,0.9882104531810607
2019-05-31,1.0,1.0,1.031500063256538,0.9851192253203859
2019-06-03,1.0,1.0,1.0295020256506588,0.9857217297848897
2019-06-04,1.0,1.0,1.0060602688208733,0.9766190271995484
2019-06-05,1.0,1.0,1.0036457504937089,0.976249925365438
2019-06-06,1.0,1.0,0.9981490307395019,0.9674484750123487
2019-06-10,1.0,1.0,1.014313415661906,0.9799490856587654
2019-06-11,1.0,1.0,1.0560173999056852,1.0094066688016676
2019-06-12,1.0,1.0,1.0455252316075334,1.0017586616801732
2019-06-13,1.0,1.0,1.0454454511006075,1.0002089767737243
2019-06-14,1.0,1.0,1.0380837454521281,0.9919286113629086
2019-06-17,1.0,1.0,1.0403777748446426,0.9919123274584626
2019-06-18,1.0,1.0,1.0448162717936018,0.9953862270736196
2019-06-19,1.0,1.0,1.0526124844178355,1.0085001981208375
2019-06-20,1.0,1.0,1.0968408654668778,1.0390542308297734
2019-06-21,1.0,1.0,1.1123462891982794,1.0405252101980667
2019-06-24,1.0,1.0,1.1116651808687197,1.042514560524559
2019-06-25,1.0,1.0,1.10407434081085,1.0316694801634905
2019-06-26,1.0,1.0,1.1035500325755736,1.0297751192796
2019-06-27,1.0,1.0,1.124283531781708,1.0407640407966088
2019-06-28,1.0,1.0,1.118783532779574,1.0382590334959916
2019-07-01,1.0,1.0,1.158449076566106,1.068172565963383
2019-07-02,1.0,1.0,1.1628134310649139,1.0685416677974935
2019-07-03,1.0,1.0,1.1501424427245768,1.0566978412970673
2019-07-04,1.0,1.0,1.1385746364484222,1.0511531718331877
2019-07-05,1.0,1.0,1.149684027374815,1.056608279822614
2019-07-08,1.0,1.0,1.1214924398272226,1.032071149806493
2019-07-09,1.0,1.0,1.1248122066485349,1.0294494411906792
2019-07-10,1.0,1.0,1.124157600322957,1.027715205367175
2019-07-11,1.0,1.0,1.1218463816560917,1.027302679787875
2019-07-12,1.0,1.0,1.1300495690607841,1.0336832563466518
2019-07-15,1.0,1.0,1.1368551729432534,1.0378790757255836
2019-07-16,1.0,1.0,1.1344124002192135,1.0331703133566013
2019-07-17,1.0,1.0,1.1330745308850183,1.032573236860246
2019-07-18,1.0,1.0,1.1184250359890375,1.0227377585748327
2019-07-19,1.0,1.0,1.1310910167574884,1.0334742795729275
2019-07-22,1.0,1.0,1.1141217715457934,1.026341929425558
2019-07-23,1.0,1.0,1.1180122728923947,1.0285755383187412
2019-07-24,1.0,1.0,1.1257467572935875,1.0366957786691708
2019-07-25,1.0,1.0,1.1377832418481826,1.0451742649174136
2019-07-26,1.0,1.0,1.1355201757744935,1.0472097529731696
2019-07-29,1.0,1.0,1.1352765648538785,1.0460427398212027
2019-07-30,0.9995,0.9995,1.138542612130358,1.0503986842605209
2019-07-31,0.992308210235184,0.992308210235184,1.1271466382438289,1.0409105959366232
2019-08-01,0.989265042993635,0.989265042993635,1.1123915900287675,1.0322557007235482
2019-08-02,0.9862417254728852,0.9862417254728852,1.1006063659394545,1.017049247955013
2019-08-05,0.9848357624260895,0.9848357624260895,1.0857296951741968,0.9975764122216131
2019-08-06,0.9813671943430526,0.9807106371681019,1.0799130271225204,0.9868941709050051
2019-08-07,0.9873148743087682,0.9985417396620675,1.0734805329291006,0.9828503346342363
2019-08-08,1.0011216316691205,1.0074572909090502,1.0945389476556098,0.9958394624140345
2019-08-09,0.9975657845636796,1.010429141324711,1.0837230186882767,0.9861342553641896
2019-08-12,1.0047827919300294,1.0044854404933892,1.111426286152281,1.0039298489396464
2019-08-13,1.0085354547492125,1.0305624372740085,1.1084985624370187,0.9948787120517177
2019-08-14,1.019591333046175,1.0418597821816855,1.1153182293923791,0.9993974955354963
2019-08-15,1.030897235882907,1.0534126123059402,1.119585404139382,1.0025457170617322
2019-08-16,1.0509956451194642,1.0739499821233527,1.128812565172356,1.007034646720693
2019-08-19,1.0572881559437661,1.0803799249291595,1.1596804471837392,1.0288957884395136
2019-08-20,1.066604481728074,1.0895395978756253,1.1553092691816804,1.0279838897905347
2019-08-21,1.0488277403659394,1.0713806045776981,1.1498077964712914,1.026363641298153
2019-08-22,1.0949840391107974,1.1100263780802937,1.166005828943283,1.0295525725855041
2019-08-23,1.1034722874759975,1.1124135315815418,1.172021690528102,1.036975319028828
2019-08-26,1.0814234481184006,1.0854321303307275,1.1528095911164724,1.0220619765403216
2019-08-27,1.11936813050852,1.1302039181135217,1.1758432220403803,1.0359141512557604
2019-08-28,1.11936813050852,1.1302039181135217,1.1722041570447255,1.0320141561409317
2019-08-29,1.1246681690052458,1.1355552624227712,1.1707900266667515,1.0286515298728227
2019-08-30,1.1540712583910038,1.1652429817017977,1.1801295037940458,1.0312026749027037
2019-09-02,1.1617182383686875,1.1729639865231405,1.198163636152418,1.0444279192969697
2019-09-03,1.137382820198489,1.1480020068982797,1.1932522635467562,1.0458636168722963
2019-09-04,1.121229882796896,1.1533918602123556,1.1962428451650058,1.0546542112890882
2019-09-05,1.141150723968522,1.1577122253453058,1.2118879546084986,1.0653255966693989
2019-09-06,1.1379759766196966,1.1566234696546323,1.2182074218418493,1.0716193257377966
2019-09-09,1.13908188135888,1.1704576443683006,1.2286444835120411,1.0782523028154871
2019-09-10,1.1236028190941938,1.1726765739766163,1.2199162913738826,1.074539572601788
2019-09-11,1.114737669284311,1.1634242355789397,1.204190102998214,1.066622881056934
2019-09-12,1.1237731807207505,1.1728543762081276,1.2191992309581934,1.0780976057232496
2019-09-16,1.1216265270804053,1.170613966702477,1.2138920294816085,1.074118905070265
2019-09-17,1.0970681059934677,1.1449829477933917,1.1953472113875543,1.0560709109758943
2019-09-18,1.1000409937889555,1.1473223555611458,1.2144110622799036,1.0611894849401025
2019-09-19,1.1084092066510396,1.1562235274487214,1.2156269857324098,1.0650704821664108
2019-09-20,1.1103074217484896,1.1647881461705636,1.2220732545168043,1.0681291422181936
2019-09-23,1.1034379773255618,1.149514023813951,1.2114172227923001,1.0559189278677312
2019-09-24,1.1034379773255618,1.1518792790069836,1.2183757654620468,1.058746899273195
2019-09-25,1.0845492685290474,1.1380532454951686,1.2063964501606252,1.0505778072094274
2019-09-26,1.0713213687660177,1.1241727748764216,1.1901344283768756,1.0424792787315924
2019-09-27,1.068197982851248,1.1208953032295517,1.1939357754902558,1.0456030744011595
2019-09-30,1.0520131649292594,1.103912041059407,1.1797032286027351,1.0352573671097698
2019-10-08,1.0676804011389902,1.1203521877026352,1.1874359335408764,1.0415402402418703
2019-10-09,1.0567525915447813,1.1081383759472192,1.1839239006737796,1.0430492153872042
2019-10-10,1.0627103228572254,1.1038432659629276,1.192741071301335,1.0515711253806364
2019-10-11,1.0616745428154541,1.1085053720244993,1.2040260942122598,1.0616372923123687
2019-10-14,1.0643497735522107,1.1043877567618472,1.2123155872481033,1.07290304020496
2019-10-15,1.0812442144022458,1.110961493409239,1.21441933481,1.068291981262654
2019-10-16,1.0630682339178605,1.101519712897583,1.2068222794118653,1.064611818857847
2019-10-17,1.0630682339178605,1.101519712897583,1.206030094583623,1.0652984568286552
2019-10-18,1.0488658673007039,1.0868036426591365,1.1859471036988865,1.0501435697575328
2019-10-21,1.0552226301328294,1.0933903314025253,1.1875001144787551,1.053253795506728
2019-10-22,1.063216740967169,1.101673591488908,1.1951252907882877,1.0573356275545376
2019-10-23,1.047636592267006,1.0847954553384644,1.1858609523973112,1.0506049470501708
2019-10-24,1.047636592267006,1.0826494702636107,1.179654824931142,1.0504936737031227
2019-10-25,1.063333504171343,1.0912419263768138,1.199947133169991,1.0575826001053026
2019-10-28,1.0710388194189615,1.0912419263768138,1.2165530402052043,1.06567027264684
2019-10-29,1.0710388194189615,1.082683166169937,1.2068447829643976,1.0612301947012175
2019-10-30,1.0706818064791552,1.0819613773924903,1.2030441320650396,1.0560736249599687
2019-10-31,1.0696991394928967,1.0809683580663596,1.2005102603701598,1.0548577600946638
2019-11-01,1.0806115606034772,1.0919957409022707,1.216590362378033,1.0726723515586412
2019-11-04,1.087043772273736,1.0984957155504984,1.2227789750923699,1.0796554325819216
2019-11-05,1.0914897590724015,1.1029885405629747,1.2285736323370717,1.0863562592614706
2019-11-06,1.0956677103033006,1.1068428434216244,1.2249511241691102,1.0814900858161764
2019-11-07,1.0992065398741215,1.1092252427781695,1.2287758628409708,1.0833871606841412
2019-11-08,1.0992065398741215,1.1071124327919255,1.2284306444894773,1.0782685867199333
2019-11-11,1.0764183588545655,1.08568354633305,1.2036080199189638,1.05926255624732
2019-11-12,1.0764183588545655,1.08568354633305,1.2021357165306839,1.0594552491165983
2019-11-13,1.0857632896656153,1.0924992263739188,1.2123398003056418,1.0584483610250175
2019-11-14,1.1037330703587749,1.110580489290288,1.2202946214796644,1.0600441836607304
2019-11-15,1.0838891986950308,1.0906135087824276,1.208179859139023,1.05223605147885
2019-11-18,1.1018418148224844,1.1086775006463185,1.221351978973163,1.0606059783641189
2019-11-19,1.120673158512446,1.1276256715862298,1.237475063518875,1.0712203700788685
2019-11-20,1.118436285940565,1.1249990465188822,1.2283957338864016,1.0605869804755987
2019-11-21,1.10873418803843,1.1095203362334451,1.2217824163341,1.0556312455558512
2019-11-22,1.0768332244648444,1.0946025766106673,1.209631344981112,1.0448811546373846
2019-11-25,1.0671257475879832,1.0870011698286488,1.2052777583446512,1.0525400176951762
2019-11-26,1.0769171939421813,1.0947103979834618,1.2086671331185461,1.0561876122910911
2019-11-27,1.0687206575216215,1.0945072425077131,1.209307754626494,1.0518370958199217
2019-11-28,1.0750529091239094,1.100992281597495,1.2137451080262964,1.048222069032899
2019-11-29,1.0605716682834831,1.086161630698409,1.2005279729109777,1.0390949405908887
2019-12-02,1.0677864415371123,1.0935504853290103,1.2024649113746395,1.041100574821827
2019-12-03,1.0313405975794672,1.0562252592372319,1.1921384453874193,1.0451796928855621
2019-12-04,1.0539997454356942,1.0787269872919383,1.2001978635796515,1.0448350169081209
2019-12-05,1.051895953528637,1.072267544254262,1.2113459014318324,1.0528521258637256
2019-12-06,1.065721530135804,1.0658081012165856,1.2200823288116687,1.0591024311869337
2019-12-09,1.063568557347651,1.0593486581789093,1.2166138616435163,1.0572189262393408
2019-12-10,1.063568557347651,1.0593486581789093,1.2215767444260948,1.0585569203879912
2019-12-11,1.0474454745797432,1.0586424257401235,1.2139177856361456,1.0592001346136102
2019-12-12,1.050889680967674,1.062123449902008,1.2147592780258574,1.0560166312944075
2019-12-13,1.0578059994774984,1.0691137022656163,1.2379114054293456,1.0769685883483235
2019-12-16,1.073706418414483,1.0851840930231755,1.2486037269396701,1.0822147195640257
2019-12-17,1.0842449467352757,1.0958352757873486,1.2641321248285142,1.096938083167328
2019-12-18,1.082475532506151,1.09331639007664,1.260467495081818,1.0944900695322721
2019-12-19,1.0800877114937109,1.096074946333436,1.2573289921014015,1.092962096498418
2019-12-20,1.0751497813103135,1.0881700150183393,1.2514683036563727,1.0902752522648198
2019-12-23,1.0591308405131072,1.063175776330475,1.232955018483493,1.0766646221319973
2019-12-24,1.073210002274826,1.0830048483493369,1.2487732027374354,1.0836829849482443
2019-12-25,1.0816050588969035,1.0806898718884417,1.2506742592522897,1.083115762276707
2019-12-26,1.0899971060010378,1.0890748181636543,1.259551772288557,1.092647274345794
2019-12-27,1.076609470764633,1.0756985107125085,1.2583878817644958,1.091572536652355
2019-12-30,1.0904647240137832,1.089542040507087,1.2840034536788358,1.10774788173543
2019-12-31,1.0959639578948752,1.0950366212780969,1.2905776098406125,1.1118052879265705
2020-01-02,1.1181993592591293,1.1165231840128573,1.2969402893214304,1.1269113232843548
2020-01-03,1.1188397448541434,1.1238952587076032,1.2959759016621182,1.1249355428782344
2020-01-06,1.1330491659099085,1.1183352911011337,1.2984086299419555,1.1206854438178158
2020-01-07,1.1507853646882742,1.1345174045125237,1.3150391481055859,1.1290797965597537
2020-01-08,1.134997117954452,1.117328791429592,1.3029358043258996,1.1160770988595838
2020-01-09,1.1561644945988896,1.134033563351739,1.3184561673294193,1.1302033859665312
2020-01-10,1.1505211432378555,1.128498235218851,1.324822894530096,1.1298804218616847
2020-01-13,1.169854122033828,1.1474611483135027,1.3409069582250772,1.140956190869072
2020-01-14,1.1653603672169786,1.1430534115151598,1.3262937804771329,1.1371294733242507
2020-01-15,1.162617164977997,1.1403627187767134,1.323132729087435,1.1308438862080756
2020-01-16,1.1674601036446535,1.1451129554592088,1.3251753580024888,1.1260428483805658
2020-01-17,1.1611614357315192,1.1389348546342226,1.3331498330841185,1.1276196731277581
2020-01-20,1.1838546894485844,1.161193721341366,1.342954874575138,1.1360275957900678
2020-01-21,1.170963951880339,1.1485497341517912,1.3263534953429932,1.116617181690378
2020-01-22,1.1843081516654856,1.161638503529437,1.3280976267201408,1.1213992216293676
2020-01-23,1.1372346917158038,1.1154661087055038,1.287744443940071,1.086652083525574
2020-02-03,1.0699894881089818,1.049508091294656,1.1770882812583552,1.0010150300438039
2020-02-04,1.1233421087238442,1.1018394530971272,1.2136563858562892,1.0274166671189973
2020-02-05,1.1569051602774716,1.1347600514446166,1.2322468636621267,1.039056944813848
2020-02-06,1.1845646393505571,1.1618900816092137,1.260965732429044,1.0583940813435309
2020-02-07,1.1940606116280765,1.170816988326426,1.2670787145102758,1.0584185072001997
2020-02-10,1.1975742531376656,1.1831923838826184,1.27491600902906,1.062798877496187
2020-02-11,1.202795588007561,1.1872176888316601,1.2832151095587876,1.0726913494471615
2020-02-12,1.2376332310197107,1.2135278244266474,1.308004081785143,1.0813679565328311
2020-02-13,1.2477539808359068,1.2257829177620243,1.3032223117920472,1.0747159815666203
2020-02-14,1.2265421631616964,1.2053532024659905,1.2985044809093553,1.0822635712773638
2020-02-17,1.245321204022571,1.2238078285854441,1.3372675652323276,1.1066052944401323
2020-02-18,1.2432319614107343,1.2217546783974276,1.3291112766505997,1.1012017521481186
2020-02-19,1.2326096787602667,1.2113158995321045,1.3301737877695492,1.0995190820220266
2020-02-20,1.2532596296430076,1.2316091150242783,1.3692074370965397,1.124854123356004
2020-02-21,1.2630806594934998,1.2408499466506593,1.3775844986645707,1.126164977663911
2020-02-24,1.2628733712120417,1.26530590397235,1.374951826952327,1.1216461941801326
2020-02-25,1.2577067839721665,1.2620464950666457,1.371985202152932,1.1192063224972997
2020-02-26,1.2330376963596639,1.231904911770556,1.3430477168194375,1.105411141447422
2020-02-27,1.2349948990522983,1.233860316392414,1.3436872633512562,1.108629926559591
2020-02-28,1.191268579878509,1.1794975658510272,1.2822547711394505,1.0693232952109037
2020-03-02,1.221230471355932,1.2091634016355297,1.3270817586856243,1.1045019567825176
2020-03-03,1.233396709730017,1.2212094244973597,1.3367787539101252,1.1103885882397644
2020-03-04,1.2516792862469666,1.2393113495069377,1.3417581088113368,1.1168180165118793
2020-03-05,1.2758397318186507,1.263233063907047,1.3867409398980184,1.1416998225054416
2020-03-06,1.2653142683027887,1.2523905255962524,1.3677258764897675,1.1231850231502842
2020-03-09,1.2277713672685377,1.211817200071896,1.308065560127105,1.0848147163072448
2020-03-10,1.250747320604552,1.228055521045568,1.3454757145860001,1.1080464199836075
2020-03-11,1.2331451946360636,1.2188771772068723,1.3184506985884736,1.0933094864599335
2020-03-12,1.2188536880315621,1.194694287061354,1.2926017981801428,1.0722706819156385
2020-03-13,1.1953878592827853,1.1757777975198462,1.2690475158279515,1.0571809304623
2020-03-16,1.1646493143297996,1.1455435112979073,1.207099229266642,1.011729839169304
2020-03-17,1.113418406074823,1.0951530342613425,1.1973931864888987,1.0068012440902996
2020-03-18,1.1373261632604788,1.1186685902117395,1.1723656025092088,0.9868751730164849
2020-03-19,1.1304953754931486,1.1119498599401976,1.1593013906013359,0.9740733101378162
2020-03-20,1.1441569510278091,1.1253873204832816,1.1848870113742944,0.9914780900065678
2020-03-23,1.140741557144144,1.1220279553475105,1.1406081931438508,0.9581205117488371
2020-03-24,1.202218647050116,1.1824965277913884,1.191000468436265,0.9838490807735941
2020-03-25,1.2227110103521066,1.2026527186060143,1.2338023571636136,1.0102859996417541
2020-03-26,1.2192956164684414,1.1992933534702432,1.2201095323835558,1.0036448806118405
2020-03-27,1.2325507601309458,1.2123310495621704,1.2340965878322292,1.0069043754851246
2020-03-30,1.2173375250152285,1.1973673840551091,1.2083544265902835,0.9971476027378672
2020-03-31,1.2280581805932256,1.2079121697542288,1.2188777299201312,1.0004179535474487
2020-04-01,1.2060209438050615,1.1862364487461896,1.2039943465977376,0.9974108591930783
2020-04-02,1.2166737491986814,1.196714497327537,1.2332479645763772,1.0135454945150382
2020-04-03,1.2258388998517789,1.2053303909683717,1.2229091609897798,1.0077619944526166
2020-04-07,1.265344520156355,1.238998837643466,1.2643901307953787,1.0307765794030321
2020-04-08,1.2561753569668161,1.2255314589734283,1.262523235191507,1.0259782555595964
2020-04-09,1.266686340884552,1.2288983036409378,1.27143944967017,1.0293625937003001
2020-04-10,1.2631937213636724,1.2356319929759565,1.2656391545972687,1.0229494493326312
2020-04-13,1.2714498894771604,1.2352201156449645,1.2554979933118005,1.0186287866862798
2020-04-14,1.2806883991191378,1.2441953753408406,1.2859888350744906,1.0382888873208092
2020-04-15,1.2783870722563901,1.2419596244417557,1.276859632197041,1.0305974564541256
2020-04-16,1.2852972726469651,1.2486729197090083,1.282346920255746,1.031959876459445
2020-04-17,1.271513923878633,1.235282325395775,1.2975633374137046,1.042031471359326
2020-04-20,1.2668944364167671,1.2303827087608945,1.300703616455891,1.045822907111181
2020-04-21,1.2738363237395987,1.2151114580377933,1.2908494483938913,1.0334987054295965
2020-04-22,1.2796942666999394,1.2410874730751449,1.3017941201380234,1.0420016175345084
2020-04-23,1.2959664917079317,1.2677824847782309,1.3043852472568387,1.0393880508709175
2020-04-24,1.2947460611503754,1.2631988027712466,1.295605890210842,1.0304916110752262
2020-04-27,1.2957454539986375,1.2679455710398388,1.2999756149785426,1.0374936899870273
2020-04-28,1.3298387332075452,1.3013073877776535,1.314170200348094,1.04465317997514
2020-04-29,1.3061334317997846,1.2781106774690205,1.313476941872569,1.0495057835000625
2020-04-30,1.3084678972721704,1.2803950575896086,1.33415297410949,1.0618679809586877
2020-05-06,1.3338655946628124,1.3052478539638481,1.3499970317807066,1.068291981262654
2020-05-07,1.349272812226832,1.3194543484314118,1.3514979038958617,1.065208895354202
2020-05-08,1.3638039338435983,1.321620940136554,1.3644573988994557,1.0757201556741265
2020-05-11,1.3529737129981627,1.3173019174563692,1.3563366958947378,1.0747865451525531
2020-05-12,1.378828798466681,1.3302530169384674,1.3627868484336059,1.074802829056999
2020-05-13,1.4140995795830138,1.3674460025246191,1.3771753167907241,1.0769767303005466
2020-05-14,1.4161354818146121,1.3537991160931504,1.3677701531462048,1.0652984568286552
2020-05-15,1.4061020460892943,1.344207338617942,1.3650268641409513,1.061933116576472
2020-05-18,1.4518182819530705,1.3879112077026856,1.3797471946874753,1.0646715265074824
2020-05-19,1.449174397939136,1.3853837038818428,1.3866865090452032,1.073719949411337
2020-05-20,1.4333754243175238,1.3702801796789816,1.382759133738636,1.0680124409029967
2020-05-21,1.44027887475948,1.3764229895234719,1.3760421945681938,1.062196373031683
2020-05-22,1.3963891884769304,1.3374938544662425,1.3434438468500638,1.0378437939326173
2020-05-25,1.4141728790238555,1.3522643815289157,1.3536731423288801,1.0392713495557209
2020-05-26,1.447154754443453,1.3784904783457577,1.376201988638053,1.0510636103587345
2020-05-27,1.4327231862433567,1.365398909916607,1.3643713142137257,1.0436924296128232
2020-05-28,1.4299572345365814,1.3588858728324213,1.3634101682607354,1.0466832400627473
2020-05-29,1.4368522065270093,1.3654381527223889,1.3706384597857435,1.0495030695159882
2020-06-01,1.4819260651037722,1.408271762130197,1.4137760494582405,1.0778153513795181
2020-06-02,1.4656905114767613,1.3928431437572089,1.4088559303937476,1.0811345539024377
2020-06-03,1.4698849015518027,1.3968290653501505,1.4059665347816959,1.0811562657750324
2020-06-04,1.4723049561586345,1.3986632293453327,1.408306952327797,1.0807600241001787
2020-06-05,1.4871767233925604,1.4212678875973785,1.4207909501896798,1.0859328777458734
2020-06-08,1.4913391924066328,1.4217467514409088,1.4154501008331892,1.09155082477976
2020-06-09,1.5151659623651992,1.4530783065759834,1.4328230309500891,1.0983574968382086
2020-06-10,1.520510463114283,1.4617275822103641,1.4381506068110903,1.0963708604957907
2020-06-11,1.5108297661069159,1.447806367141694,1.4297552230908923,1.084475468297952
2020-06-12,1.5013519398229915,1.4387239029565415,1.4291343095385929,1.0864295368314778
2020-06-15,1.468561878703457,1.4073016604691189,1.414221090915757,1.0733779874179699
2020-06-16,1.5193997157918502,1.4560188262805578,1.442779169911437,1.0895479045328962
2020-06-17,1.5224668299234043,1.458957997501586,1.4429323735503665,1.0903675277233473
2020-06-18,1.5378452827509135,1.4732086276387983,1.4517097734535576,1.097638291058508
2020-06-19,1.5614657821918587,1.5070479752456327,1.4694781868536504,1.1123833665344052
2020-06-22,1.584869484782088,1.5341213097736108,1.4865004935258668,1.1132898372152353
2020-06-23,1.6323449929718241,1.5820925066699798,1.5051447184519255,1.1186472417779854
2020-06-24,1.6323449929718241,1.5820925066699798,1.5099302845884042,1.1233152943858524
2020-06-29,1.612368199486407,1.5798095448998932,1.49560292058898,1.1153714630002551
2020-06-30,1.6546759539199176,1.6212629761314388,1.5231362952401213,1.1300921126194832
2020-07-01,1.7189465594747166,1.6842357612212897,1.5502196757544318,1.1528407271306131
2020-07-02,1.7250331834337846,1.6901994775919145,1.581142166949454,1.1767400708892641
2020-07-03,1.7291478816660808,1.6942310874585906,1.6120278701958046,1.1994724014959481
2020-07-06,1.7717173175328056,1.735376172277547,1.6831504534690835,1.267454988574127
2020-07-07,1.8276488897866598,1.7791189795463533,1.6910732680039384,1.2750649999185806
2020-07-08,1.8447069460913355,1.8080790829356357,1.720181054072095,1.2956559970906092
2020-07-09,1.9095622399293244,1.8659697750852149,1.753363325336828,1.3137772687549871
2020-07-10,1.9270606005299251,1.8806198949153983,1.7411641795184012,1.2899919123274586
2020-07-13,2.056595622281866,2.0091101663801862,1.8035339972843165,1.3170856153416093
2020-07-14,2.028392434441726,1.9815581718120534,1.7854125348320655,1.3045280110296311
2020-07-15,2.0248936231536265,1.978140145801978,1.769584163666384,1.2876416021190789
2020-07-16,1.856033063368988,1.813178466564547,1.671041220616158,1.2257030575744583
2020-07-17,1.849584071355559,1.8068783775841428,1.6857519996587487,1.2334243422659597
2020-07-20,1.875205425111781,1.8313058581463466,1.717156478992749,1.2702259663140298
2020-07-21,1.8994205921965952,1.8684739950749358,1.7345446675319087,1.2731407852098724
2020-07-22,1.9407888788608239,1.911595897405432,1.7534959244363209,1.2794942219279057
2020-07-23,1.9469433517259769,1.9275786989246453,1.7570709460578335,1.278948711128963
2020-07-24,1.8235339106250996,1.8114423427686708,1.6800059312756173,1.2228099505512102
2020-07-27,1.834373806649371,1.8314400911717759,1.6937735597305354,1.2290141181451548
2020-07-28,1.834373806649371,1.8314400911717759,1.708254261992929,1.2398184887451082
2020-07-29,1.861665909674749,1.8586885459152325,1.7486066504204931,1.2698758623684396
2020-07-30,1.8557698972925645,1.8528019630303068,1.7390925777395212,1.263671694774495
2020-07-31,1.8822117112640284,1.8792014885878048,1.7606561071071867,1.2742290928236835
2020-08-03,1.895969003813973,1.892310378592714,1.7906253595211266,1.2949259353746114
2020-08-04,1.8999777723805031,1.873719069269967,1.7889501833957075,1.2961445142239907
2020-08-05,1.9331919522993941,1.906474211561035,1.7994655643351463,1.2965000461377292
2020-08-06,1.9211439255311462,1.8701507178578598,1.7936902528774223,1.2926054789910493
2020-08-07,1.9087082086508176,1.833109741147233,1.7655059833479403,1.2777247043114353
2020-08-10,1.9037141912829776,1.8410434512674037,1.7726429425678532,1.2823221933333695
2020-08-11,1.8661289767173002,1.8046955512215532,1.751687374408072,1.270627635957032
2020-08-12,1.7989772113891718,1.7397544385458745,1.7162199573147374,1.2613620943272306
2020-08-13,1.8019189325737066,1.7425993175445402,1.726303111632152,1.2581243113265412
2020-08-14,1.8173100680076337,1.7574837730095199,1.7497056200719887,1.2768290895669026
2020-08-17,1.8459760016198312,1.784034361178808,1.7924015168456968,1.306845753429119
2020-08-18,1.8765338074532365,1.8004500050131975,1.8024894970981595,1.3061753993627567
2020-08-19,1.8377083111802588,1.7760018442555747,1.7756467322779805,1.2866130021549034
2020-08-20,1.8063799877732978,1.7277543671978859,1.7451988530016374,1.2699138581454803
2020-08-21,1.822135177049916,1.7620482497100218,1.7685554294540968,1.2806856609365418
2020-08-24,1.8228661558598929,1.7940990296187806,1.7845422810386598,1.2907301159956794
2020-08-25,1.8866624526506242,1.8568885404106636,1.8053287608888602,1.2923856462810277
2020-08-26,1.8684194781801995,1.8389334630784449,1.7817655382978221,1.2772361871780538
2020-08-27,1.9037971159508624,1.8737527971203403,1.8011776679311362,1.284080855013543
2020-08-28,1.9621471829075658,1.9311820264516784,1.849224522262697,1.3147271631810067
2020-08-31,1.9848225410289875,1.9534995388324543,1.8441966054003605,1.3071144378524788
2020-09-01,1.9899929356257327,1.9585883380835385,1.854976557968951,1.314143656605023
2020-09-02,2.0061557097816403,1.9744960432849565,1.8567708194420414,1.3146240317861817
2020-09-03,2.049884502703889,2.017534740720863,1.8599157560067814,1.307353268451021
2020-09-04,1.9594278065555124,1.9285055652870975,1.8257324057065096,1.294630111110508
2020-09-07,1.8766602211394974,1.8470441567237716,1.7774309597976417,1.2672595817207746
2020-09-08,1.8952615405429403,1.8653519238541583,1.7936843890305627,1.274049969874777
2020-09-09,1.8264843976102656,1.79766017095239,1.7364296747028223,1.2442504247385078
2020-09-10,1.8715606164319873,1.842025030208217,1.7313583777662132,1.2435420748951045
2020-09-11,1.8845247857199654,1.8547846085593787,1.7468254469365698,1.2558364227518712
2020-09-14,1.9140299717590155,1.883824165562076,1.7617738921036556,1.262287562896581
2020-09-15,1.9155898983863657,1.8853594745804638,1.774100528039903,1.272446005286841
2020-09-16,1.8930970994995417,1.8632216404193895,1.756686272259793,1.2640000868474903
2020-09-17,1.8392379093283664,1.8102124161757276,1.7355419362181772,1.2573101161042388
2020-09-18,1.8732015481912512,1.843640065995404,1.7782316900152313,1.2856386818722148
2020-09-21,1.8413260140907681,1.8122675680122595,1.7608748650515538,1.2732466305887717
2020-09-22,1.8277868522224536,1.79894207118864,1.7387430807998725,1.2581378812469128
2020-09-23,1.7970158990828464,1.7686567224861334,1.738823173260732,1.2626349528580967
2020-09-24,1.7790672889358254,1.750991364037155,1.703806869425975,1.2384099310105248
2020-09-25,1.7971132328294444,1.76875252018349,1.708751270552234,1.2402961499421923
2020-09-28,1.7955889637600384,1.7660731376550356,1.714679655201114,1.2435230770065842
2020-09-29,1.791930258228054,1.7885995807373702,1.7229442188620119,1.246207207256108
2020-09-30,1.791930258228054,1.7885995807373702,1.7265916011262608,1.2450130542633975
2020-10-09,1.8022287079879855,1.7885995807373702,1.7658093746779142,1.2704539409762745
2020-10-12,1.8517511956519412,1.8066207352032377,1.8256068442943358,1.3089979428000718
2020-10-13,1.8382413076617838,1.8003088258515676,1.830180429295465,1.3133511732553154
2020-10-14,1.8297309312374237,1.7919740627689213,1.817533032259776,1.3046392843766794
2020-10-15,1.8117923926958803,1.7744056896045202,1.8073054455864628,1.3023703936905298
2020-10-16,1.7926199864239662,1.7556289098203453,1.8016946811186196,1.300454320934045
2020-10-19,1.7750457725397228,1.7384173434001287,1.789820729223364,1.290632412569003
2020-10-20,1.8142352610069277,1.775639203937445,1.8091399021253525,1.300940124083352
2020-10-21,1.8050724566584078,1.7680626925341112,1.8038965286630901,1.300766429102594
2020-10-22,1.787364728918524,1.767799892461916,1.7937135483213658,1.296736162752197
2020-10-23,1.7517635585469027,1.72919155671362,1.7668597926558955,1.2805906714939397
2020-10-26,1.733226378033179,1.7169678511724367,1.7498526674274413,1.2731950648913593
2020-10-27,1.7685315122939886,1.7331841304069502,1.7659615014707661,1.2753771080871297
2020-10-28,1.8145043811435908,1.7782381462192312,1.7801998223127098,1.285687533585553
2020-10-29,1.841199648158283,1.804399858818192,1.791295254197346,1.2953628868105802
2020-10-30,1.79471267973645,1.7588420186669917,1.7512699312098536,1.2743050843777648
2020-11-02,1.7952306343337765,1.7593496209811812,1.7583303183059447,1.2812257437673356
2020-11-03,1.8239164123693534,1.7868756106733548,1.7854984906493734,1.2966221754210747
2020-11-04,1.8328571790966541,1.7997425648678584,1.7982688172295336,1.3064196579294474
2020-11-05,1.8505659441120808,1.8280887186921289,1.8195215175873238,1.3258110741406168
2020-11-06,1.8242534035251083,1.8195061425480343,1.8067097890238406,1.325976627169152
2020-11-09,1.87056816398639,1.8614607830488505,1.8462589315150313,1.3519304568720791
2020-11-10,1.8870172872062068,1.883232254195621,1.8276965640457397,1.3444751426198631
2020-11-11,1.8800746187470228,1.8763035115385363,1.8028472159939897,1.3311820486237387
2020-11-12,1.9051422803303166,1.9013208916923836,1.8143451191738234,1.3321482269542042
2020-11-13,1.8460063964380427,1.842303624240012,1.7999249508185131,1.3181413551465282
2020-11-16,1.886668503792301,1.882884170381419,1.8162019744901907,1.3309839277863118
2020-11-17,1.8803642949119344,1.8765926066627472,1.8049264763952428,1.3284382107245796
2020-11-18,1.8748425902363992,1.8710819775796899,1.793635368149924,1.327591447693385
2020-11-19,1.8889958869397867,1.8852068851975115,1.8033170812024262,1.337448637851393
2020-11-20,1.915919012033803,1.912076007120534,1.8187204277811149,1.3416010334851356
2020-11-23,1.9521887779291327,1.9482730220865898,1.8339046515672839,1.3583571711601197
2020-11-24,1.9479263570166236,1.9440191508593263,1.820329378277449,1.350014384115594
2020-11-25,1.88707357153203,1.8832884256247404,1.791509598422052,1.3327561593868567
2020-11-26,1.9151097523008005,1.9112683706237488,1.7972061127695305,1.3351688912289463
2020-11-27,1.9400969781503294,1.9362054763841166,1.8097771539567122,1.3517730457957675
2020-11-30,1.907828066340151,1.904001290476157,1.7976078912808144,1.3462039504752186
2020-12-01,1.9447937486529465,1.9402581588738859,1.831222020420582,1.3752028703095571
2020-12-02,1.9327723430263943,1.928264789209773,1.8304478456728586,1.3752137262458546
2020-12-03,1.9504232320038046,1.928264789209773,1.8479096346750592,1.3724780302989184
2020-12-04,1.9864985889099287,1.929650036903171,1.8622556053452892,1.3748826201887847
2020-12-07,1.9587303290649511,1.8919561562539873,1.8456103251284253,1.3630279377520613
2020-12-08,1.9806918020424682,1.8885894866223596,1.8578797481765632,1.3596734534361754
2020-12-09,1.964009743982862,1.8726831454974517,1.8335080962192845,1.3414409084247494
2020-12-10,1.9593594888369825,1.868249127560101,1.826492937402998,1.3408492598965431
2020-12-11,1.9586546325563736,1.867577047148719,1.818315659961499,1.3270377949422194
2020-12-14,1.9895722183333047,1.8970569628982794,1.8363031047275817,1.339307716942317
2020-12-15,1.983331187551651,1.8898414358680466,1.8435356010731396,1.3420922646025915
2020-12-16,2.0081271292596323,1.9120748645253176,1.8489120458298156,1.3444724286357888
2020-12-17,2.0412903097423385,1.9658925625804167,1.879648052388101,1.3617360813326747
2020-12-18,2.0249153518800527,1.9658925625804167,1.8718876147643775,1.356983895218503
2020-12-21,2.032300163520753,1.9967936933191492,1.8943887264710702,1.3697043385749412
2020-12-22,2.029450792517819,1.9953764927176045,1.8679533009113636,1.3474306712768211
2020-12-23,2.029715374650761,1.9956366325398718,1.8743912551962763,1.358924393831657
2020-12-24,2.0029699560287746,1.969340267137489,1.8625650033535703,1.3569974651388748
2020-12-25,2.0187347693768594,1.984840390659983,1.8761699520206596,1.3683934842670344
2020-12-28,2.0551274411244274,2.0206220326588973,1.8851222359035245,1.3744728085935591
2020-12-29,2.031185946135924,1.9970825132595096,1.8782490666328193,1.368645884785948
2020-12-30,2.0819827166440983,2.0470264104713416,1.9039103855842052,1.3878527500800626
2020-12-31,2.123020032706121,2.087374713616348,1.9343514880156194,1.4143358066774865
2021-01-04,2.2024683394803355,2.165489090327501,1.9644000141195712,1.4296508188089954
2021-01-05,2.256543677350556,2.2186565080445546,1.982438624795847,1.4570023503102085
2021-01-06,2.2680757397461337,2.2299949481296877,1.9904039450204452,1.4703470100037455
2021-01-07,2.314999289046443,2.2761306551761007,2.0034029595685463,1.4963985431333489
2021-01-08,2.2781097604914367,2.23986049855172,1.9961802363289114,1.4914509501658246
2021-01-11,2.2218177050053884,2.1845135817120847,1.9650376070528859,1.4767221585943733
2021-01-12,2.296200001689235,2.2576470061954437,2.0113961815323567,1.5188404774440785
2021-01-13,2.266645390562882,2.2285886143830598,1.9903639453650415,1.513852174715439
2021-01-14,2.204925421660608,2.167904918314692,1.9650552890678328,1.4846741319321939
2021-01-15,2.1816390805737633,2.1450095528407416,1.9577941946684654,1.4813142196481592
2021-01-18,2.188605316890965,2.1518588266646286,1.9754007505972606,1.497717539393479
2021-01-19,2.146630340911613,2.1105886068295994,1.9619375550747618,1.4757342683913133
2021-01-20,2.1866169479310598,2.1499038422441776,1.9807622411249992,1.4862943804245758
2021-01-21,2.218416359736381,2.1811693447301304,2.015138580270801,1.510323995418795
2021-01-22,2.2216848318285063,2.184382939464122,2.022156947904873,1.511629421758553
2021-01-25,2.2303127340880344,2.19286598000573,2.0374780996690856,1.526865728351906
2021-01-26,2.1925383679192367,2.1557258421130476,1.9983909638490385,1.4962112782322194
2021-01-27,2.2107952764713485,2.173676218780906,1.9956839516013383,1.5002903962959546
2021-01-28,2.1543581284354274,2.1181866454825125,1.953380041847368,1.4593472325504395
2021-01-29,2.1535067658578773,2.1173495772075457,1.9480281495565852,1.4525134206512478
2021-02-01,2.1811181812123857,2.1444973993336958,1.9640224779709985,1.4703415820355965
2021-02-02,2.1953033559490875,2.1584444062377606,1.992698500058331,1.4929870651519017
2021-02-03,2.2034906040120408,2.166494191127887,1.9882296996481024,1.4886745444577731
2021-02-04,2.183621316914619,2.1469585076082756,1.9718512301493776,1.485621312374139
2021-02-05,2.245260170129002,2.207562449913997,1.982406805296471,1.488188741308466
2021-02-08,2.2749884517490586,2.236791596307813,1.9983609185011093,1.510212722071747
2021-02-09,2.292831498429443,2.2543350598082665,2.039405611510715,1.543239194272408
2021-02-10,2.3098823482977067,2.2695967373713266,2.070730633344484,1.5762059588234338
2021-02-18,2.2761491546035657,2.1976505107816404,2.0509012253818395,1.5655291454749745
2021-02-19,2.2761491546035657,2.195217642225535,2.0573636640674997,1.5683679728167357
2021-02-22,2.219846219255906,2.051097150824237,1.9988901082778248,1.5191064478833638
2021-02-23,2.208964620141906,2.049774715523899,1.9927843761602488,1.5143135520080768
2021-02-24,2.1463951477827004,1.954412522072607,1.9412520402088516,1.4757478383116847
2021-02-25,2.1464243671345447,1.9544391279225084,1.9407673605725868,1.4844298733655032
2021-02-26,2.095420003096321,1.9079968091073403,1.8955608262628005,1.4483881648582486
2021-03-01,2.106800956719447,1.9183598022855273,1.9149987726131377,1.470648262235997
2021-03-02,2.0891248489193064,1.9022647200441294,1.8968785065227218,1.451881062361926
2021-03-03,2.123111463296493,1.932577340191079,1.924657559757618,1.4797211109965207
2021-03-04,2.103162651790673,1.9112450324474306,1.8663478987126847,1.4331762841215647
2021-03-05,2.0874233970237155,1.9023871573598006,1.8687123067607538,1.4283155386444193
2021-03-08,2.066443428882609,1.8603205770969642,1.8096336480915043,1.3787093377336064
2021-03-09,2.036368893820214,1.8166921806333807,1.767997316701151,1.3491214833551357
2021-03-10,2.0334481292118496,1.8004065114971561,1.7872840797814376,1.3579717854215632
2021-03-11,2.050680740476357,1.8156641937979794,1.829655408137308,1.3917907409719321
2021-03-12,2.0219597217021783,1.7902347232966072,1.8344448676785146,1.3967193360509362
2021-03-15,2.0449365367215213,1.8105782996977051,1.7990827602404467,1.3666375365709353
2021-03-16,2.0449365367215213,1.8105782996977051,1.820948743527878,1.3785302147846996
2021-03-17,2.0564249442311926,1.8201465617983548,1.8285118359790662,1.3843652805445337
2021-03-18,2.0679133517408643,1.8269255061625946,1.8484492690583438,1.3954681893926648
2021-03-19,2.0621691479860282,1.8045118367582849,1.8079579730181903,1.358916251879434
2021-03-22,2.0506807404763565,1.8075115194773097,1.8311541773808555,1.3725024561555872
2021-03-23,2.062169147986028,1.8142622627806797,1.8243209002382637,1.3595024724394917
2021-03-24,2.055737554515197,1.8006891339093891,1.8129272902606326,1.337638616736597
2021-03-25,2.0491832307281586,1.7949479829548223,1.8122648785203468,1.3370035444632011
2021-03-26,2.0453778765392485,1.7916147462176732,1.8478224772939964,1.367302462669149
2021-03-29,2.0453778765392485,1.7916147462176732,1.852118752378836,1.3697151945112387
2021-03-30,2.0301422871423083,1.7782693849795528,1.859564293193524,1.3827016083069623
2021-03-31,2.0148493132278653,1.7642810022656927,1.848671011496813,1.3701168641542412
2021-04-01,2.062379091898882,1.7878047489625688,1.8777359894927492,1.3870575527462805
2021-04-02,2.077784351222123,1.791699748415646,1.893071876255364,1.4008391638757864
2021-04-06,2.080447406371082,1.7850822054852096,1.8896934418352005,1.395080089670034
2021-04-07,2.098372502135735,1.7917120372604562,1.8788068372761402,1.3851469079579442
2021-04-08,2.096973587134311,1.7899203252231959,1.8904531540219103,1.3874456524689114
2021-04-09,2.0945507407020356,1.7878522485909334,1.8762543670767804,1.3665832568894487
2021-04-12,2.075144856356365,1.7712879069929475,1.8484452178233353,1.3428114703822918
2021-04-13,2.0697528399719327,1.766685426647155,1.84709546254188,1.340610429298001
2021-04-14,2.097529423999822,1.7903947726407459,1.8701448281478585,1.3517350500187266
2021-04-15,2.085975096236143,1.7793387123181024,1.8594262579132015,1.3431425764393616
2021-04-16,2.1144859925339614,1.8131928390130403,1.8721105198490235,1.3478133430313033
2021-04-19,2.130625591711521,1.8248896670546997,1.9053263089352321,1.3806091265856453
2021-04-20,2.1218408511116102,1.8180342360585076,1.905063662673248,1.3796185223985107
2021-04-21,2.1194186583592,1.842790077304407,1.9197006955562943,1.3837899159207734
2021-04-22,2.1252610941157837,1.8438495560681982,1.9240528140140845,1.381211631050149
2021-04-23,2.1336878410797926,1.851160494800247,1.9356776851032038,1.3937529514576807
2021-04-26,2.118370009124682,1.8378709381765657,1.9156470303072834,1.3779548501609393
2021-04-27,2.15099333651951,1.8661745230400753,1.9305649348005056,1.3815590210116648
2021-04-28,2.1691981514343746,1.8819687894443364,1.947371377434047,1.3893535832731734
2021-04-29,2.1795276664412047,1.8903032226547327,1.9579074856672238,1.4015475137191895
2021-04-30,2.1559963293056317,1.8768025011179974,1.9474386758211186,1.3905070265047685
2021-05-06,2.1036977155830274,1.8099334324131982,1.9238907818940296,1.3735799078331008
2021-05-07,2.0852062306479215,1.781426605762866,1.904908232192685,1.3559200134613612
2021-05-10,2.0826898880121045,1.78516765225806,1.9049223875649095,1.354934837242375
2021-05-11,2.0973858253289617,1.8154475694473995,1.914923444722404,1.3632504844461575
2021-05-12,2.114700378246557,1.8304346369819993,1.9326165222985505,1.3690828362219172
2021-05-13,2.104489653463827,1.8215964750829141,1.9204415792930694,1.355084106366464
2021-05-14,2.1379914775634115,1.8505948617407932,1.9642142285229196,1.387005987048868
2021-05-17,2.1667974222653785,1.8755286062446783,1.9890840904966365,1.4071980285619683
2021-05-18,2.164328508772215,1.872766396910108,1.988712910244045,1.4079063784053716
2021-05-19,2.165026638498167,1.8708328559888419,1.980954552401079,1.4037458408194061
2021-05-20,2.1614182607673365,1.8677148012288605,1.9952602648748141,1.4075834143005248
2021-05-21,2.143323115119207,1.8698042889942141,1.9830219580613193,1.3934001335280164
2021-05-24,2.1475948620994925,1.8785981199760025,2.0000791938338685,1.3992189153834047
2021-05-25,2.16871528427807,1.8889931142422427,2.045705625909584,1.4434270019703523
2021-05-26,2.165273441841896,1.8859952026632665,2.048743076832504,1.4439996526100385
2021-05-27,2.172624818822036,1.8923983947264909,2.0586369401587152,1.4487871205171767
2021-05-28,2.166952169164537,1.8874574067507037,2.0542336950602014,1.4441353518137556
2021-05-31,2.191175633583673,1.9085565145139765,2.0632867070740932,1.4469796071236654
2021-06-01,2.1991708607056344,1.914884327045061,2.0683783011473578,1.4497234450228247
2021-06-02,2.161098043103163,1.8863737823167446,2.0430510896407115,1.435689433374405
2021-06-03,2.1632558515700233,1.894284038000225,2.0359702686668752,1.4262773366045889
2021-06-04,2.183885334093368,1.9066579815259193,2.05101632853927,1.4336023796212363
2021-06-07,2.2099911374918886,1.9433514908285578,2.0648615531361805,1.4323403770266676
2021-06-08,2.1431057040180743,1.8816672279887376,2.0436249772537,1.4199890355043396
2021-06-09,2.1408086989762545,1.8796504356757808,2.034555478260451,1.4211641906085295
2021-06-10,2.179530906304921,1.9136489026618604,2.053891673596688,1.4306685628368734
2021-06-11,2.175080915133414,1.9097417680130349,2.0430934256204747,1.4179752593211783
2021-06-15,2.151082847087708,1.8886712356113968,2.0280018651768748,1.4021961559129572
2021-06-16,2.096107726233578,1.8385138844539366,1.992021835375708,1.3788368949851002
2021-06-17,2.1279131261645956,1.8187979178646183,2.0058271265393537,1.384644820904191
2021-06-18,2.1546408475956462,1.8231552375746494,2.0170623833748063,1.384802231980503
2021-06-21,2.1814768182801774,1.8145958233137356,2.0194622798754787,1.3815237392186983
2021-06-22,2.1835007304432468,1.8179284143574708,2.031425895979176,1.390146066622881
2021-06-23,2.2117732502957286,1.8367536291098099,2.0369663614644264,1.3969934484424447
2021-06-24,2.1870763168186422,1.8162442110734645,2.027450040062071,1.3993220467782297
2021-06-25,2.2117748727552438,1.836754976471436,2.05366248220034,1.4221195130026978
2021-06-28,2.2332052201649324,1.8545516779970403,2.065694922528472,1.4253193002263465
2021-06-29,2.21949648454725,1.8431673419703167,2.052912000963824,1.408704289723228
2021-06-30,2.2498062335144664,1.8677234993422736,2.068487852531953,1.4177961363722718
2021-07-01,2.220931936230163,1.850736908925625,2.066427298787142,1.4193213954220516
2021-07-02,2.1810332196951565,1.8234878389597216,2.0183142615695555,1.3790078759817836
2021-07-05,2.2068172984792387,1.8493922180488456,2.0272878194193305,1.3802753065445013
2021-07-06,2.1900513550909824,1.8353417548537927,2.023020025302034,1.3795452448285035
2021-07-07,2.2351575170018383,1.8677855293449113,2.0484375551406964,1.395120799431149
2021-07-08,2.237408430916241,1.8696664815396191,2.031395039853045,1.3809456606108637
2021-07-09,2.2383793997544075,1.8704778612887316,2.0229299294601915,1.3758379425829528
2021-07-12,2.2914209864043342,1.9148014972046097,2.0505562197534757,1.3930093198213114
2021-07-13,2.2924230655529074,1.9156388739526582,2.066909882652724,1.395557750867118
2021-07-14,2.2748615375242616,1.9003252241504756,2.050535832841402,1.3795398168603548
2021-07-15,2.2860788034883854,1.9116844921851874,2.079032090377259,1.3980980399607015
2021-07-16,2.253701943984494,1.894103638774103,2.061342279872908,1.38271246424326
2021-07-19,2.258213859788267,1.893949588803482,2.063647314493174,1.387793042430427
2021-07-20,2.265876219711955,1.9013685973470462,2.066398452524987,1.3865717495969734
2021-07-21,2.3010872168404943,1.9395087314295356,2.088507583209245,1.3960842637775401
2021-07-22,2.3029124299396204,1.9410471419324349,2.0808352613091943,1.3981767454988574
2021-07-23,2.283423227034873,1.924620350750543,2.058237235598482,1.3812089170660746
2021-07-26,2.2348613502086843,1.8836891842003585,1.9985949431984955,1.3367185761353952
2021-07-27,2.168761724347231,1.8279760410546848,1.9413867395021285,1.2894979672259284
2021-07-28,2.151605429583435,1.8116876033458411,1.9468256266863797,1.2919866906220994
2021-07-29,2.2346402807535255,1.8149519053338516,1.9747318407401877,1.3163555536256115
2021-07-30,2.238419108381652,1.8101468215233842,1.9455024622224486,1.3057438758949362
2021-08-02,2.278539287311364,1.805324673156447,1.9908194759358864,1.3390091786941394
2021-08-03,2.2499497590088593,1.805324673156447,1.9917245557457952,1.339204585547492
2021-08-04,2.3025638714206007,1.8154153043006112,2.004905024172452,1.3512519608534939
2021-08-05,2.2932339902305507,1.808059326336242,1.989519572880109,1.3430611569171313
2021-08-06,2.2891828336932285,1.804865264417154,1.9831439719892172,1.3357035460915916
2021-08-09,2.2828195140199665,1.799848218825333,1.9988219694590241,1.353073044167377
2021-08-10,2.292610299377747,1.8075675884377254,2.0298537072533005,1.3687028784515092
2021-08-11,2.2887739055729805,1.8039403298247256,2.0192971768212433,1.3611552887407659
2021-08-12,2.285103525977314,1.8128344998338473,2.0101230614395265,1.349759269612606
2021-08-13,2.275572096512728,1.8107998932122604,2.0092041088759136,1.3423310952011334
2021-08-16,2.258548672547479,1.8010074403774312,2.0047077232957577,1.3409985290206317
2021-08-17,2.2166609950201237,1.7687768351066548,1.9636765603323245,1.3128626561219339
2021-08-18,2.2308092363800953,1.777187707760338,1.991356789718118,1.3282889416004906
2021-08-19,2.21527778384744,1.7648144819037477,1.9782962917875113,1.3195770527218547
2021-08-20,2.2178240801507125,1.7668430042967405,1.9440877854005894,1.2943722826234456
2021-08-23,2.2429238532456597,1.78683889076003,1.9685262602427314,1.3124501305426342
2021-08-24,2.2978409739952803,1.8305889480711548,2.0015336382600912,1.326701260917001
2021-08-25,2.286716505787843,1.8211163766890721,2.0072434212173693,1.3293528233576326
2021-08-26,2.2529559053764907,1.8025159362940486,1.9728001075186339,1.3031493071198659
2021-08-27,2.2627089612439213,1.8148777506493357,1.9789218208618486,1.310050968620916
2021-08-30,2.253820654437688,1.8235069663548793,1.9713088060106936,1.306313812550548
2021-08-31,2.2801399598790684,1.8360583467651304,1.9714584364593055,1.3042349007496024
2021-09-01,2.2923288562078046,1.8183534984213237,1.9917511941236121,1.3215636890642726
2021-09-02,2.3202389703689015,1.840492753698215,1.9889897209161485,1.321550119143901
2021-09-03,2.305336119839345,1.8286713039426603,1.980291956361253,1.3143987711080112
2021-09-06,2.3251912432318096,1.8444210655811368,2.0273734332988647,1.339006464710065
2021-09-07,2.3563189869921572,1.8691126544913883,2.0493108661309822,1.3550461105894231
2021-09-08,2.367103841870645,1.8776675695268803,2.0357877972527487,1.3494281635555363
2021-09-09,2.36128980221418,1.8730556748065117,2.0339427682020714,1.348852798931776
2021-09-10,2.366434224441226,1.8771364061241729,2.048121818947063,1.3606613436392356
2021-09-13,2.3686625052552004,1.8789039545291861,2.039159746537071,1.354728574452725
2021-09-14,2.347080143360439,1.8617840883506238,2.0235116105432542,1.3345093930988814
2021-09-15,2.3572864145136445,1.8698800510250062,2.008775658763485,1.3209828964723636
2021-09-16,2.303902394777636,1.8275340242828622,1.9862996782067026,1.3048021234211398
2021-09-17,2.310716830755834,1.8329394675146085,2.013504506186447,1.3178943825957627
2021-09-22,2.310431356317442,1.8327130194452774,1.99694541909902,1.3086206990137383
2021-09-23,2.32838792517366,1.8469567828175897,2.0077491566775056,1.3171507509593934
2021-09-24,2.2924777143700283,1.8166246210141224,2.003096401484288,1.3161275789633669
2021-09-27,2.217743487080773,1.8166246210141224,2.0085723055524376,1.3237104504670767
2021-09-28,2.234861171164387,1.8014439138747287,2.0039066758876434,1.3254636841791012
2021-09-29,2.191214271314778,1.8014439138747287,1.9841647119126855,1.3119209036481374
2021-09-30,2.2032287376854875,1.791323442448466,1.9934826566078836,1.3207277819693755
2021-10-08,2.218396318912162,1.816027513199973,2.0160264688584553,1.3379778647458895
2021-10-11,2.202119481846146,1.8027029400893155,2.0063025700653654,1.339674104792353
2021-10-12,2.2103440177260567,1.8094357241792849,1.9814501693544206,1.3254663981631756
2021-10-13,2.2508265088932005,1.8425755726074768,2.008929376579867,1.3407379865494948
2021-10-14,2.2717255479729888,1.859683980895383,2.009171773518203,1.33354592875249
2021-10-15,2.259676942540745,1.849200835573284,2.0164894838094063,1.3385667992900216
2021-10-18,2.1675687054647765,1.7823146577499287,1.9884249536556415,1.3230075285918221
2021-10-19,2.1884080044389735,1.7977905613001806,2.0103056764919915,1.3360183682442153
2021-10-20,2.192633532682541,1.8029311163152935,2.0105304709937033,1.332615032214991
2021-10-21,2.209011876188236,1.8232271324417584,2.0093368834262963,1.3374567798036163
2021-10-22,2.223902252538838,1.8327484296889542,2.0184746408541248,1.3460628233033527
2021-10-25,2.206128807963103,1.8181010895915402,2.025792971800045,1.3514337977864748
2021-10-26,2.223975658943701,1.832808924916696,2.026173509226113,1.346977435936406
2021-10-27,2.179034514675669,1.7957723098893805,1.9941376637528967,1.3293528233576326
2021-10-28,2.1873833059196373,1.8026526635671176,1.9883119259362143,1.320119849536723
2021-10-29,2.2134235833710614,1.8235119301026799,2.0087725341654097,1.332232360460509
2021-11-01,2.214684793390076,1.8256939101899823,2.0019529211778786,1.3273254772540994
2021-11-02,2.1855830507231713,1.8172692076181332,1.9825790045683007,1.3135275822201478
2021-11-03,2.1772091693027757,1.815393800799126,1.9819235414953522,1.3084415760648316
2021-11-04,2.2168247270055685,1.8277974405985224,2.004979292739387,1.32136828221092
2021-11-05,2.2242962473817722,1.8253192612465454,1.9988657933431964,1.314206078238733
2021-11-08,2.22299263053349,1.82424947706413,2.0037718944419485,1.315788330954074
2021-11-09,2.2192776021988134,1.8212008216598223,2.0073386817065786,1.3153975172473689
2021-11-10,2.2026537999351516,1.807558867939524,2.0079389654935595,1.3084632879374263
2021-11-11,2.198039186661812,1.803771988156336,2.0280139456522486,1.3294858085772752
2021-11-12,2.181195974503484,1.788747465925486,2.0242126370494105,1.3266958329488523
2021-11-15,2.194458089172462,1.7922122917025716,2.02766965823326,1.3250701564883218
2021-11-16,2.2065111033077383,1.7804084726494758,2.0299107448254845,1.3253252709913097
2021-11-17,2.22467445690204,1.7983473925273026,2.0397655340617638,1.3259847691213749
2021-11-18,2.2135064124396804,1.7995720735473035,2.0257970265361287,1.3129223637715695
2021-11-19,2.2467459041088014,1.8133986708584047,2.0495907398875226,1.3271544962574162
2021-11-22,2.255552462612418,1.82050664041388,2.052615061294606,1.3332175366794947
2021-11-23,2.2297261712660212,1.799661665325638,2.0482763421126764,1.3334753651665574
2021-11-24,2.225631173706304,1.7963565015693008,2.055910024111852,1.3343736938951642
2021-11-25,2.232381457983351,1.8018048063880736,2.0584456814343195,1.3288860180968458
2021-11-26,2.2298531916595996,1.7985629831107204,2.051644889942731,1.3190315419229122
2021-11-29,2.2329977439107265,1.8161332222556203,2.0489808817666995,1.3166676617941606
2021-11-30,2.237784448613643,1.8009091348845374,2.043224811722557,1.3114052466740125
2021-12-01,2.2336518826882257,1.8038925570972166,2.052738369930183,1.3146131758498842
2021-12-02,2.203678935401313,1.8008895428406169,2.0418995486397344,1.3179540902453983
2021-12-03,2.204912404886962,1.8257199533331399,2.0574936471261855,1.3301290228028944
2021-12-06,2.1756487759767005,1.8014889720524392,2.046473229075053,1.3278492761804475
2021-12-07,2.159390227634595,1.7880265070335917,2.0436183344204477,1.3358501012316062
2021-12-08,2.217254762148535,1.8359397189227737,2.079329334983676,1.355887445652469
2021-12-09,2.2527547141585287,1.8653345241691695,2.1063100575304445,1.3783483778517187
2021-12-10,2.259838390759661,1.8705781988283008,2.093810493924319,1.371951517388496
2021-12-13,2.2643088920272367,1.8829161528080338,2.103777899558855,1.3797352237137073
2021-12-14,2.2717133353006087,1.8830698258125516,2.09428556591484,1.370480538020203
2021-12-15,2.250502430622262,1.860849102512827,2.0783297686455975,1.3585932877745872
2021-12-16,2.2429691420528846,1.856605981960018,2.0900840126772073,1.3664177038609138
2021-12-17,2.1987767510049494,1.8180738369599505,2.070813379910103,1.3447139732184052
2021-12-20,2.174789385553994,1.798239717136714,2.0352241551889914,1.324538215609751
2021-12-21,2.1779829088807987,1.8008803040928618,2.0499808219301934,1.333513360943598
2021-12-22,2.1853161846682765,1.8069438741403128,2.053464624582209,1.3337739034147347
2021-12-23,2.2135591599204223,1.8302967745020093,2.0681585733418757,1.3430801548056517
2021-12-24,2.2031874812901493,1.821110781023789,2.056239301943209,1.335643838441956
2021-12-27,2.1959875222009657,1.8151594386021426,2.0558469279929925,1.335095613658939
2021-12-28,2.2152772219254313,1.828807502096892,2.07225231390351,1.3450396513073262
2021-12-29,2.1550325998843496,1.786654656608199,2.044081252756453,1.325368694736499
2021-12-30,2.16709238445147,1.788124534223407,2.0529742535402216,1.33568997617122
2021-12-31,2.1665025063206222,1.791885704757997,2.059014653251484,1.3408085501354279
2022-01-04,2.169128119186158,1.7940573145974763,2.0471782044181808,1.3346749461274163
2022-01-05,2.1368284756936973,1.7673427046332288,2.0260375769785597,1.3212000151983108
2022-01-06,2.1178682244820712,1.7516609304346693,1.9981011831563893,1.3076599486514213
2022-01-07,2.100023766911989,1.736902014469557,1.9935318923914649,1.3087835380581987
2022-01-10,2.1043226695774258,1.7392996456002847,1.9986382729377443,1.314667455531371
2022-01-11,2.0941373099448555,1.7489624214091752,1.987894061143788,1.3021071372353188
2022-01-12,2.130263927527719,1.7553865258036991,2.0106030585790964,1.3150826950947452
2022-01-13,2.107167764007984,1.7553865258036991,1.9811168568213717,1.2934630979585413
2022-01-14,2.1005357102346855,1.745469087804808,1.9712120774305644,1.282826994371197
2022-01-17,2.11206225583008,1.741699193382289,1.9818246946423117,1.2938321997926516
2022-01-18,2.103547008277289,1.7346771466820992,1.9879336483995684,1.3063355244231427
2022-01-19,2.094228970588353,1.7269930840168406,1.9677910233346378,1.297387518930039
2022-01-20,2.093160595437558,1.7261120549973443,1.9757070143068862,1.3090929322426736
2022-01-21,2.0835368685619833,1.7181759076180463,1.954207777970642,1.2970971226340846
2022-01-24,2.0821804250933784,1.7164845995234435,1.9497861607050189,1.29911361280132
2022-01-25,2.059371495244929,1.7100751397255871,1.9024923260225073,1.2697238792602765
2022-01-26,2.0643458225281295,1.7100751397255871,1.910031893910356,1.2789134293359967
2022-01-27,2.0195690273459723,1.6914367185841637,1.8716631833717006,1.2538280745368586
2022-01-28,2.014612425813837,1.6756333519003639,1.8650634921859923,1.238599909895729
2022-02-07,2.0326258833948607,1.704228510116446,1.8883114574637914,1.2576846459064979
2022-02-08,2.051404900917938,1.7199735310355697,1.8864270195613184,1.2508128382302655
2022-02-09,2.047709341737758,1.716875037915347,1.9054839616064942,1.2625616752880895
2022-02-10,2.062815394258774,1.7295405095065257,1.905034014443253,1.2592506147173927
2022-02-11,2.05532106040134,1.7232569835864295,1.8774954528895522,1.2488126319674755
2022-02-14,2.0666138641915532,1.7327252867973917,1.8638193950168809,1.2353214171339242
2022-02-15,2.0662734516053582,1.7324398723296652,1.8854683892280981,1.2484598140378114
2022-02-16,2.059531328496703,1.726787027645185,1.8962287680324923,1.253315131546808
2022-02-17,2.0744150237342582,1.7392660666886917,1.8953408230344324,1.2563466517578474
2022-02-18,2.097062420403862,1.7582544793619537,1.9064690783464233,1.2623391285939933
2022-02-21,2.092645203816203,1.7545509220543616,1.906617864927783,1.2577443535561335
2022-02-22,2.0748353845011063,1.7396185126598118,1.87807816175709,1.241417025364895
2022-02-23,2.077324852244156,1.7417057742347921,1.9023922674181968,1.254688407488425
2022-02-24,2.0490032609716313,1.7179599075247372,1.8606421419367394,1.2292502347596224
2022-02-25,2.050038111103435,1.7188275640436892,1.8798016976667002,1.2412189045274682
2022-02-28,2.046450992798792,1.7146741067104534,1.8898047296583038,1.243452513420651
2022-03-01,2.0705268868317193,1.7146741067104534,1.902973715310045,1.2537765088394461
2022-03-02,2.071789201336564,1.7372951371419896,1.8905826787146063,1.2426247482779773
2022-03-03,2.046177104229524,1.7327709310556825,1.879976595627959,1.2353051332294782
2022-03-04,2.0398381868048,1.7372951371419896,1.8599914411630538,1.2203239411391136
2022-03-07,2.0101215360561144,1.778012991918755,1.8142465544689828,1.1813375599111984
2022-03-08,2.05615485367572,1.8187308466955203,1.7799268274515008,1.1576200530855285
2022-03-09,2.0766141059511005,1.8368276710407494,1.7655476926591094,1.1470246592592996
2022-03-10,2.010121536056115,1.778012991918755,1.7926757294100462,1.1650699393695958
2022-03-11,2.01523634912496,1.7825371980050622,1.8070018844240232,1.168782669583295
2022-03-14,2.00500672298727,1.7734887858324475,1.7634730882574252,1.133023215419772
2022-03-15,1.9589734053676642,1.732770931055682,1.6914135112639108,1.0811996895202218
2022-03-16,1.9436289661611288,1.7191983127967603,1.7488609483450772,1.1279534931689021
2022-03-17,1.9692030315053544,1.741819343228297,1.7866463308116458,1.150105031183677
2022-03-18,1.9692030315053544,1.741819343228297,1.803399413392631,1.1577584662733198
2022-03-21,1.9640882184365092,1.7372951371419894,1.801452340592519,1.1558179676601659
2022-03-22,1.9794326576430443,1.750867755400911,1.7984705029939705,1.1548816431545181
2022-03-23,1.9640882184365092,1.7372951371419894,1.8137769410856783,1.1606407173602706
2022-03-24,1.9845474707118895,1.7553919614872184,1.8049143405312884,1.1537987635088558
2022-03-25,1.9998919099184247,1.7689645797461402,1.7879242628935934,1.1329716497223594
2022-03-28,1.9794326576430445,1.750278100540996,1.7709050640868735,1.1258881512883283
2022-03-29,1.9692030315053544,1.7522399947459373,1.7662165981888376,1.1219990121097971
2022-03-30,1.9640882184365092,1.7570987858861593,1.811324979462248,1.1545559650655972
2022-03-31,1.9589734053676642,1.7540482671606625,1.8058086256766936,1.1460069152314216
2022-04-01,1.9692030315053544,1.75235884440262,1.8112969750257641,1.1605430139335942
2022-04-06,1.9627754164155053,1.7408468288703438,1.8074204358624624,1.1571993855540057
2022-04-07,1.942908663722715,1.7232263853208951,1.7848787399857167,1.1423430367310605
2022-04-08,1.9555721014879748,1.7344579838481016,1.7858929319266381,1.1482242402201586
2022-04-11,1.942426781565755,1.7227989889831292,1.7413295199186454,1.1127524683685155
2022-04-12,1.9275169558047953,1.7095749987711584,1.7690411706988713,1.134437201122504
2022-04-13,1.940115105842735,1.7201788332406605,1.756076638433973,1.123518843191428
2022-04-14,1.9493537492038908,1.7201788332406605,1.7768756370767027,1.1375854226487399
2022-04-15,1.943716652035324,1.7328153879737145,1.7697511065159273,1.1368200791397756
2022-04-18,1.9176631558239774,1.7223579008607315,1.757405775302639,1.1307488967654737
2022-04-19,1.9222330796284177,1.713681034861433,1.7507466731503025,1.1222052748994469
2022-04-20,1.9110591508997203,1.6887629187670914,1.7251136655960098,1.1048059229988438
2022-04-21,1.9356228931992026,1.7104693830185964,1.7041647570441123,1.0844618983775802
2022-04-22,1.940535641659099,1.7148106758688975,1.6992997550525255,1.089189658635083
2022-04-25,1.9257973962794097,1.7017867973179943,1.6257155191675652,1.0353604985045948
2022-04-26,1.9110591508997206,1.6887629187670914,1.6108985966816063,1.0270041415396975
2022-04-27,1.9110591508997206,1.6887629187670914,1.6422159590987477,1.0572433520960098
2022-04-28,1.9110591508997206,1.6887629187670914,1.6428786154270683,1.0641830093741012
2022-04-29,1.9356228931992028,1.7104693830185964,1.6833236594061909,1.0900011398733112
2022-05-05,1.9307101447393065,1.7061280901682956,1.6840597493465723,1.0883646074764834
2022-05-06,1.92579739627941,1.7017867973179945,1.6447112075526995,1.0608475229467353
2022-05-09,1.9356228931992028,1.7104693830185964,1.6385375040744983,1.052331040921452
2022-05-10,1.9208846478195134,1.6974455044676935,1.6551626817599916,1.0638464753488825
2022-05-11,1.9110591508997206,1.6887629187670916,1.6704913959195256,1.0791940552892836
2022-05-12,1.9307101447393065,1.7061280901682958,1.667087380121919,1.0743957314458479
2022-05-13,1.9110591508997208,1.6887629187670918,1.6806489920144063,1.0824996878918314
2022-05-16,1.8914081570601349,1.6713977473658879,1.6691217464310075,1.0737986549494927
2022-05-17,1.906146402439824,1.6844216259167908,1.6824857332543441,1.0871921663563677
2022-05-18,1.8864954086002383,1.6670564545155868,1.6770154476327872,1.0833980166204384
2022-05-19,1.8914081570601349,1.6713977473658879,1.6726726753362755,1.085485070373607
2022-05-20,1.9012336539799277,1.68008033306649,1.6981178264773593,1.1066541461534705
2022-05-23,1.9061464024398238,1.6844216259167908,1.6938643572254526,1.100243715769876
2022-05-24,1.9061464024398238,1.6844216259167908,1.652176689088644,1.074507004792896
2022-05-25,1.9110591508997203,1.6887629187670918,1.6591490823825368,1.0810287085235384
2022-05-26,1.9159718993596166,1.6931042116173927,1.670353239099816,1.083704696820839
2022-05-27,1.9257973962794095,1.7017867973179945,1.6801489445231277,1.0859464476662453
2022-05-30,1.9110591508997203,1.6870611319697737,1.696824316362071,1.0934696115203195
2022-05-31,1.9061464024398238,1.7151959270324928,1.716007745611526,1.1104320119849538
2022-06-01,1.8914081570601344,1.7175295269332171,1.7132766986972368,1.1081685492669529
2022-06-02,1.9061464024398236,1.7246641763918706,1.7165517990165609,1.1099027850904573
2022-06-06,1.901233653979927,1.7644042819555679,1.745840587977732,1.130670191227318
2022-06-07,1.8895069234061541,1.7686911209160203,1.7477925420343323,1.1342092264602592
2022-06-08,1.9021049081586674,1.7804835856575831,1.7688405506232359,1.1452497136746802
2022-06-09,1.8643491010652011,1.7451418994525638,1.7517057295601721,1.1332701879705371
2022-06-10,1.9020996619862964,1.7804786749275,1.7720336316368124,1.1504551351292671
2022-06-13,1.8893811580223585,1.7685733970194406,1.7504864371638122,1.1369829181842361
2022-06-14,1.8996113413769116,1.776380885101954,1.7619342282300468,1.1459282096932657
2022-06-15,1.9099019824465817,1.8061469153954686,1.7762231350866757,1.1611020946529087
2022-06-16,1.917383665664641,1.778025587615353,1.774566392093162,1.1534595154995633
2022-06-17,1.957799832649326,1.7821360840093567,1.7884821123162953,1.169466593570029
2022-06-20,1.9930679671062732,1.7851212365788867,1.8019808114235427,1.1752718055050455
2022-06-21,1.9748353061240163,1.7788712883038804,1.79849283069616,1.1739528092449154
2022-06-22,1.9540153806601888,1.7601173357502775,1.776712830465989,1.159039466756409
2022-06-23,1.993172973967366,1.795389299056388,1.8103582960996079,1.1789221140850346
2022-06-24,2.0239476467512163,1.823110183756178,1.828887995129416,1.1927335790393583
2022-06-27,2.0475686573705487,1.8443872682103348,1.851982052692854,1.2061650862232742
2022-06-28,2.0659262491580934,1.8609232258428523,1.858516534277095,1.2187199765511778
2022-06-29,2.03092116335434,1.8293917143857645,1.8277754669330017,1.1999500626930322
2022-06-30,2.0743527508334885,1.8685135610190169,1.8572054389350767,1.2172245713262155
2022-07-01,2.0650922474815534,1.8601719826216105,1.8454180432661167,1.2122606944542451
2022-07-04,2.075414092060354,1.8694695847591782,1.8602543259903261,1.2202153817761396
2022-07-05,2.063031982481365,1.8583161588758188,1.8593925048616469,1.2184540061118923
2022-07-06,2.014310545965364,1.8144293778999718,1.8360108568040183,1.2006584125364352
2022-07-07,2.0039542685378104,1.8051007597045934,1.8397498427638208,1.2059506814814012
2022-07-08,2.0039542685378104,1.8051007597045934,1.8343335303125974,1.2019638388761935
2022-07-11,1.9759727973506347,1.7798959056365025,1.8144320118067474,1.1818369329808773
2022-07-12,1.939559813151239,1.7453163064275565,1.7953389579633319,1.1707095982760773
2022-07-13,1.9486897560169878,1.7358050459020657,1.7951076788329492,1.1728373617903611
2022-07-14,1.9534794221562617,1.7358050459020657,1.8018107955141522,1.1730029148188958
2022-07-15,1.9376539292607633,1.7215381551138296,1.7824587657946798,1.1530442759361887
2022-07-18,1.9384057228217548,1.7310494156393206,1.8027614787094013,1.1650020897677373
2022-07-19,1.921045409933087,1.7257167689046953,1.7944021450372216,1.1586920767948934
2022-07-20,1.9304278050975952,1.7341451780324348,1.8119047704858702,1.162616497766391
2022-07-21,1.915145803597285,1.7204170245410342,1.805089000081303,1.1496599377954853
2022-07-22,1.9282358574063845,1.7321761038670218,1.8017709180783328,1.150248872339617
2022-07-25,1.924694614374568,1.728994928424123,1.787724419610879,1.1433037870933775
2022-07-26,1.9377050981066282,1.7401061965808222,1.8009196257864657,1.1523522099972316
2022-07-27,1.9388998087818865,1.7427595536829497,1.796446271441538,1.1466691273455607
2022-07-28,1.960051582652141,1.764499623400467,1.80115989695015,1.1468401083422444
2022-07-29,1.975367946855112,1.7884371281338018,1.782761510657653,1.131758498841129
2022-08-01,1.9742247283151255,1.7889918152686666,1.792169098979133,1.1368010812512552
2022-08-02,1.9652544734405732,1.7760797997885651,1.7637145226945317,1.114638687300183
2022-08-03,1.961779222382323,1.7729390751205039,1.7581950576603294,1.1037718950665198
2022-08-04,1.9812994136498085,1.7905802599475735,1.7731904466410364,1.1131514240274438
2022-08-05,1.991838240318159,1.8001046230324014,1.7996270333601787,1.1281787538470724
2022-08-08,1.9848308938262746,1.7937718011395873,1.7931222325381604,1.1257795919253546
2022-08-09,1.9918506317354747,1.798919973789012,1.7964761735312864,1.1280104868344634
2022-08-10,1.9822281649154967,1.7892200441982404,1.7834525895593711,1.1153768909684039
2022-08-11,1.9981750053958298,1.8273504505326688,1.8245779278320886,1.138120077511385
2022-08-12,1.995708122673119,1.8112076444923695,1.8201258555927777,1.1374714353176174
2022-08-15,2.0149903267569176,1.8340038505154714,1.8154358620301438,1.1359868860289528
2022-08-16,2.013646999872413,1.8393347069412511,1.8114489914467558,1.1338591225146692
2022-08-17,2.019185082930368,1.8443933832529709,1.8307504815083022,1.1444762282134928
2022-08-18,2.0111238588137343,1.8370299827666412,1.8162183631459423,1.1344724829154704
2022-08-19,1.9906241397931834,1.8183048314966161,1.8006718881692436,1.126593787147657
2022-08-22,1.9923451792385976,1.8198768883587007,1.8071840448839291,1.1348253008451346
2022-08-23,1.98741371594863,1.814765693862004,1.803682113278519,1.129310485206073
2022-08-24,1.9411424243894457,1.750109507083855,1.7721584324651611,1.107962286477303
2022-08-25,1.952690551651431,1.7496984545437397,1.789146578835755,1.1171409806167256
2022-08-26,1.9481110464795108,1.7410912838599284,1.7842200047143677,1.114782528456123
2022-08-29,1.9222649440406043,1.7387085246546001,1.767548492853052,1.1098892151700854
2022-08-30,1.9242727244316298,1.729470404999594,1.765814801226182,1.1061629150360146
2022-08-31,1.9140913872653247,1.720319767936104,1.7604735576712023,1.1069906801786888
2022-09-01,1.8988193815158674,1.706593812340869,1.746382019152473,1.0974645960777503
2022-09-02,1.8988193815158674,1.706593812340869,1.7406390877465179,1.092001346136101
2022-09-05,1.9191820558484771,1.724895086467849,1.7439716819993247,1.0897813071632896
2022-09-06,1.9242727244316296,1.7283204749419487,1.7524011932534678,1.0997823384772378
2022-09-07,1.9140913872653245,1.7015999767003585,1.743168570910691,1.10051511417731
2022-09-08,1.929363393014782,1.7170332007116205,1.7471168520573463,1.0958199217286992
2022-09-09,1.929363393014782,1.7408399789376106,1.7709574050792836,1.111048086369829
2022-09-13,1.929363393014782,1.7408399789376106,1.7740561102810188,1.1157487067865886
2022-09-14,1.9140913872653245,1.7114451368736354,1.7422532065221816,1.1033322296464765
2022-09-15,1.9039100500990196,1.7023417052945204,1.7302509971407727,1.0929539545461948
2022-09-16,1.8988193815158672,1.6977899895049628,1.6916129974240888,1.067323088948114
2022-09-19,1.9039100500990196,1.7023417052945204,1.6793435356213424,1.0660529444013223
2022-09-20,1.909000718682172,1.706893421084078,1.6908988247149968,1.0673665126933036
2022-09-21,1.9140913872653242,1.7114451368736354,1.6801349223923008,1.0594661050528955
2022-09-22,1.9090007186821718,1.706893421084078,1.6685515515724019,1.0501327138212353
2022-09-23,1.919182055848477,1.7159968526631932,1.6649433970597824,1.0465176870342126
2022-09-26,1.9039100500990196,1.7023417052945207,1.6502520496191107,1.041268841834436
2022-09-27,1.909000718682172,1.7068934210840783,1.6849142504234018,1.0563640212559233
2022-09-28,1.909000718682172,1.7068934210840783,1.6560968113434433,1.039105796527186
2022-09-29,1.9242727244316293,1.7205485684527508,1.6622704753242596,1.0386797010275144
2022-09-30,1.9242727244316293,1.7205485684527508,1.6486687603778933,1.0326410864621047
2022-10-10,1.9395447301810866,1.7342037158214234,1.615480284930956,1.0098571901580082
2022-10-11,1.934454061597934,1.7296520000318658,1.6169983177123897,1.0116891294081887
2022-10-12,1.9395447301810866,1.7342037158214236,1.6394554470581444,1.02705570723711
2022-10-13,1.9446353987642389,1.738755431610981,1.6432733703599383,1.0184686616258936
2022-10-14,1.9395447301810864,1.7342037158214234,1.682688005582079,1.0428402386134799
2022-10-17,1.9293633930147815,1.7251002842423082,1.681964463537014,1.0439095483387704
2022-10-18,1.9344540615979338,1.7296520000318656,1.6904984540932184,1.0417003653022565
2022-10-19,1.928718574994249,1.724523733575631,1.6700848697013846,1.0249442276272724
2022-10-20,1.9390047853251562,1.7337209353209675,1.6663304042353975,1.0190820220266947
2022-10-21,1.9221197127898073,1.7186234977228243,1.657147873204057,1.0158143852011876
2022-10-24,1.9254825273446063,1.7216302886494799,1.6381729706434505,0.986090831619
2022-10-25,1.9009373369209102,1.6996837154274516,1.6219956372268738,0.9844841530469899
2022-10-26,1.940831602971885,1.7347877852133549,1.644981139635276,0.9924768361459255
2022-10-27,1.9270668398302404,1.7134489726957705,1.6251488634409437,0.9854856131704219
2022-10-28,1.9131025873677023,1.682900940631376,1.5943549022674035,0.9611113221987614
2022-10-31,1.9097638393967291,1.7090209806935313,1.5979809807367162,0.9522555921641852
2022-11-01,1.923910238207075,1.721680395365335,1.6403261049771578,0.9863079503449474
2022-11-02,1.9405767354461696,1.726121643462324,1.652622027482564,0.9981517768453735
2022-11-03,1.9400364336980993,1.7256410510052935,1.6441006460715946,0.9900342504790183
2022-11-04,1.9693583482469164,1.7517225712080127,1.6809347043999174,1.0224039385336887
2022-11-07,1.9722654706224032,1.7543084245581342,1.6845370227848606,1.0246104075861284
2022-11-08,1.9614290310004658,1.7446695308066855,1.6736652004130954,1.0175621909450636
2022-11-09,1.977887781549949,1.7587278517250609,1.6695467762898963,1.0080469627804225
2022-11-10,1.958224803052355,1.7469264224468377,1.6660720629776418,1.0002903962959546
2022-11-11,1.980301304646364,1.7562365593892975,1.702618535702307,1.028176582659813
2022-11-14,1.986515425684896,1.7470141256849374,1.7003687823057156,1.0296909857732954
2022-11-15,2.001418525212626,1.773769002873503,1.7246518204990997,1.0492181011881823
2022-11-16,2.0007252694580524,1.768641193729618,1.7223857164703527,1.040647339481412
2022-11-17,2.0047054267357307,1.7721596528735524,1.7199229512051566,1.0363782425324728
2022-11-18,1.9851891355955367,1.7549072509639603,1.7101698057266213,1.0317400437494233
2022-11-21,1.983513870502207,1.7534263165749613,1.7008915814989085,1.0229358794122596
2022-11-22,1.9738835387686473,1.7449131030552116,1.6949665254379567,1.0230552947115308
2022-11-23,1.9727392584563177,1.7433199215263353,1.688112845291028,1.02413003240497
2022-11-24,1.9760857203027236,1.7462772072286699,1.6935683606938206,1.019592251032671
2022-11-25,1.974310645139747,1.7591644353981741,1.6922618356564336,1.0247406788216968
2022-11-28,1.955183876178826,1.7339261177963077,1.677124722394411,1.0131953905694482
2022-11-29,1.9968037900284124,1.7946590559710323,1.7216814614369762,1.044455059137713
2022-11-30,1.9933015629964543,1.7820664334342142,1.708993248412607,1.0457089197800586
2022-12-01,1.9966743236783433,1.7850817742691283,1.7335779558126583,1.0570343753222857
2022-12-02,2.0000357282636605,1.7880869624412987,1.731989939304726,1.0505696652572043
2022-12-05,2.0214184350573356,1.8072036905572852,1.743817287534022,1.0711769463336789
2022-12-06,2.014577763534299,1.8010879420274806,1.748114262752388,1.0769631603801748
2022-12-07,2.014577763534299,1.800487579380138,1.74611495014876,1.0743143119236176
2022-12-08,2.016299624870653,1.800487579380138,1.745395267474064,1.0745151467451188
2022-12-09,2.0304648443627347,1.8335588658427062,1.7586051600759924,1.0851159685394967
2022-12-12,1.9904708398525597,1.790252885499719,1.738374767170167,1.072957319886447
2022-12-13,2.002989524379934,1.8015123376097801,1.7402444213963917,1.070851268244758
2022-12-14,2.009134750743848,1.822358408944979,1.749133596164855,1.0733508475772264
2022-12-15,1.9839612774843054,1.7995251516635076,1.7427932523833285,1.0725637921956674
2022-12-16,1.9947562721927192,1.809316605110874,1.7379771637473704,1.07317172462832
2022-12-19,1.9781037910522141,1.7942121980894128,1.7110553405889033,1.0566137077907627
2022-12-20,1.9423910773994773,1.7618194658412578,1.6845146419999908,1.0391899300334906
2022-12-21,1.9693114363997304,1.7856499389709222,1.6899154924478472,1.0396024556127905
2022-12-22,1.985129198941094,1.7999925087618533,1.6932939057924605,1.041092432869604
2022-12-23,1.9879262575227137,1.79800611442762,1.6899862402108832,1.0389728113075432
2022-12-26,1.9677184361247573,1.7910370984802262,1.691324204281492,1.0431170649890626
2022-12-27,1.9897090806172946,1.8010836207998222,1.7143898951919776,1.0551562983428413
2022-12-28,2.0032345771393256,1.8035153869006328,1.7115628979469983,1.050653798763509
2022-12-29,2.0079954624857264,1.807801619813887,1.7079697516781371,1.0467022379512676
2022-12-30,2.013066158098064,1.8123667754194779,1.714923412787697,1.0507542161742596
2023-01-03,2.0051717810074834,1.8052594547315584,1.7172590661800966,1.0551698682632131
2023-01-04,2.0068469454026445,1.8067676079936568,1.7235582134746459,1.0565404302207555
2023-01-05,2.052638095942586,1.8479934561919247,1.7469692323884691,1.0770662917749998
2023-01-06,2.0475065007027293,1.843373472551445,1.7486377332620144,1.0804072061705141
2023-01-09,2.0855422744129544,1.8776171422254286,1.7664557100347236,1.0891543768421168
2023-01-10,2.0838129690444527,1.8760602457559217,1.7688765023743833,1.0903349599144552
2023-01-11,2.0872773297577436,1.8791792154080513,1.7681631798158393,1.0883157557631453
2023-01-12,2.0771244644666775,1.8700385740760137,1.7695655816195004,1.0904435192774289
2023-01-13,2.103801903780086,1.8940563165979838,1.7930937178128101,1.1057802432815325
2023-01-16,2.1458554586054213,1.9319172012227237,1.8184826526985354,1.1230357540261955
2023-01-17,2.149387730965266,1.9350973118420207,1.8235892269038148,1.1228403471728428
2023-01-18,2.132253098157512,1.919670973723493,1.8201777898057996,1.1209595562093244
2023-01-19,2.1532103252909294,1.9378989094804075,1.8305030471445445,1.1279344952803818
2023-01-20,2.1622004424490497,1.927484668795549,1.8363216944262892,1.134860582638101
2023-01-30,2.1677445461476372,1.932426937177076,1.8504813692568456,1.140239699073446
2023-01-31,2.125996988281529,1.899924485291514,1.8239744018655388,1.1281651839267006
2023-02-01,2.148854153664025,1.9310065737098767,1.8441771171513233,1.1387687197051528
2023-02-02,2.152594883518269,1.9143779419982252,1.849032785721468,1.134757451243276
2023-02-03,2.1389805228110363,1.9022702147004,1.8408535081793083,1.1240317861814788
2023-02-06,2.1243148402269525,1.8892275100752596,1.8146794457139972,1.1091727233744593
2023-02-07,2.128820456934425,1.893234512649653,1.81743982583244,1.1111675016691003
2023-02-08,2.1150411025286173,1.8809800506831078,1.8175183800600627,1.1062579044786165
2023-02-09,2.1501592193417243,1.9122118206302925,1.8334757908137616,1.121108825333413
2023-02-10,2.139546336934292,1.9027734129961527,1.8271567356077814,1.1144459944309049
2023-02-13,2.1570559886915794,1.918345358907979,1.841193810062089,1.124558299091901
2023-02-14,2.1608861271748894,1.9217516350649042,1.8478809073513236,1.1250251043526878
2023-02-15,2.155957522836145,1.9173684547911003,1.837237294905183,1.11916289875211
2023-02-16,2.1269442108070042,1.8915659013249702,1.8264732377226902,1.1109666668475988
2023-02-17,2.104400887934729,1.8715173355792913,1.8038078809401563,1.094959588777133
2023-02-20,2.14182412574047,1.9047991302736886,1.83177190351218,1.1218226031449647
2023-02-21,2.1418149905330353,1.9047910060141062,1.8322453445859954,1.1247699898496997
2023-02-22,2.135746391643614,1.899393988701794,1.8213077756120832,1.1146196894116625
2023-02-23,2.121751624577247,1.886947952719646,1.8208854530904721,1.1137240746671297
2023-02-24,2.1103466148274617,1.876805078526069,1.8105691207961883,1.1021625025104353
2023-02-27,2.110672403024394,1.8770948133678387,1.7980273325148328,1.0974917359184937
2023-02-28,2.1206605926127216,1.8859776598220395,1.803518958793704,1.1044449631169564
2023-03-01,2.138226065859319,1.9015992497373166,1.8227751093942597,1.120044943576271
2023-03-02,2.135605690778609,1.8992688584998936,1.8140731283158065,1.1175480782278768
2023-03-03,2.1242232937656933,1.8891460946043583,1.8178615406097087,1.1210246918271085
2023-03-06,2.126845791659231,1.8914783737334993,1.8220870895753571,1.115178770130977
2023-03-07,2.0867232031422245,1.8557959520103333,1.7977328683790537,1.0988514419397386
2023-03-08,2.0905150893405735,1.8591682090719233,1.7933078305933172,1.0948510294141596
2023-03-09,2.085467406420543,1.8528199598405488,1.7874333339357877,1.0909808881241485
2023-03-10,2.0579739960037755,1.8525134552979776,1.7720148450036306,1.0766754780682948
2023-03-13,2.0718041438695756,1.8616391373437806,1.7785339304658074,1.0879520818971835
2023-03-14,2.0581035501074947,1.8671153832780514,1.7688380152022953,1.0814412341028383
2023-03-15,2.059254109469382,1.8868732180217347,1.7773758340286032,1.0820383105991935
2023-03-16,2.030868470717435,1.8953595898380549,1.7626103024907236,1.069079036644213
2023-03-17,2.0454790352549708,1.9089952703404869,1.7667851004141077,1.0744174433184426
2023-03-20,2.108791481584291,1.968083219184359,1.7646662365777965,1.0690600387556926
2023-03-21,2.089310728867577,1.949902311847783,1.7834590940184376,1.0808115897975912
2023-03-22,2.0552194116133276,1.9180857240087745,1.7860201581035515,1.0854416466284176
2023-03-23,2.069829976150863,1.9304426806952009,1.7920790098410704,1.0962025934831816
2023-03-24,2.084440540688399,1.936070026749828,1.7985964052132646,1.0929349566576745
2023-03-27,2.069829976150863,1.9400922287879518,1.7955838215971034,1.0889806818613588
2023-03-28,2.0600895997925064,1.9359583947363335,1.7948821220276978,1.0854606445169381
2023-03-29,2.064959787971685,1.934213772676459,1.791974537105825,1.0872600159582264
2023-03-30,2.0684533362922153,1.9390182753392051,1.8014311744591742,1.0960506103750185
2023-03-31,2.079143633675464,1.9490396191284185,1.8076277572607449,1.0994159506272017
2023-04-03,2.0865851950817147,1.956015519097061,1.8252361494712084,1.1101741834978913
2023-04-04,2.1060596213610165,1.974271318149797,1.8317510331589122,1.1135775195271154
2023-04-06,2.095866358556615,1.9647159066177684,1.8233813838488238,1.1118215718310167
2023-04-07,2.1119235089468034,1.9797682684526534,1.8398369584605456,1.119051625405062
2023-04-10,2.0996405224576837,1.9682538993052978,1.8321097711433179,1.1140388968197537
2023-04-11,2.1029033670924275,1.9713125689234876,1.8316655040251668,1.1127741802411102
2023-04-12,2.110103578628315,1.978062221675829,1.8254979006846364,1.1119979807958487
2023-04-13,2.0992091587332298,1.9678495284982032,1.8181717525393417,1.104314691881388
2023-04-14,2.113175346059234,1.9809417708934203,1.827923767726604,1.1105622832205222
2023-04-17,2.108608795330631,1.9766609755945048,1.8419052545195986,1.1261351238390933
2023-04-18,2.1032416674414725,1.9716296998675813,1.8397183032417144,1.1295683136931352
2023-04-19,2.095563039264615,1.9644315677641273,1.8256012212176445,1.119399015366578
2023-04-20,2.0960310149933896,1.9648702595511685,1.8205379690103654,1.1162670777447878
2023-04-21,2.05729502104288,1.9272482867560456,1.7840513416202388,1.094433075866711
2023-04-24,2.045816490118963,1.92425333992348,1.7693385859181838,1.080882153383524
2023-04-25,2.027448753190543,1.9481205643427455,1.76587712868597,1.075462327187064
2023-04-26,2.033620801106261,1.9363137730436986,1.767024659486426,1.0745287166654907
2023-04-27,2.038714425751178,1.939301911582346,1.7773090285191617,1.0824508361784932
2023-04-28,2.05376899795469,1.9416689624628791,1.7936235813577086,1.09348860940884
2023-05-04,2.072356920326192,1.959242307849511,1.7980538481747563,1.0938034315614635
2023-05-05,2.087832312913043,1.9738730133951403,1.800967730040482,1.0901748348540692
2023-05-08,2.1144648798681653,1.9990519058114609,1.8143145167211774,1.1025994539464041
2023-05-09,2.1160777440023133,2.000576735640455,1.80323197237328,1.0931602173358448
2023-05-10,2.095388079503258,1.9810163666595264,1.7922261014469627,1.0847441527213117
2023-05-11,2.103778702765338,1.9889490079545917,1.7944016642510348,1.0830587686111457
2023-05-12,2.088281098925814,1.9742973035040345,1.7734575468144858,1.0687017928578797
2023-05-15,2.102304235323471,1.9875550207676755,1.7970284259513993,1.0852923775043288
2023-05-16,2.1007043082037424,1.9860424218173196,1.7890945131644138,1.0796798584385907
2023-05-17,2.0950772134420603,1.9807224684737466,1.782495812222293,1.0747838311684788
2023-05-18,2.1172473426848333,2.0016824945951615,1.7883669728866605,1.0736710976979988
2023-05-19,2.1209565479342642,2.0051892418074315,1.7881209989616909,1.070541874060283
2023-05-22,2.1242220699480194,2.0082765231651023,1.7955141303846087,1.0772698405805754
2023-05-23,2.1083223782093556,1.993244677815194,1.7791168890918834,1.0620335339872227
2023-05-24,2.0894204150117113,1.974710017872132,1.7627781501137414,1.0473508801450353
2023-05-25,2.0972311302423137,1.98057873253641,1.7573987047692603,1.0450195678251761
2023-05-26,2.0923988004491285,1.9714516416030625,1.7583332725730643,1.0451416971085215
2023-05-29,2.120297451121784,1.9977376634911035,1.7597249311947039,1.0405252101980667
2023-05-30,2.1186576232400194,1.9946475820317204,1.7630791795237006,1.0415592381303906
2023-05-31,2.1294479957862884,2.0162949201312896,1.7527721594843166,1.0309177065748978
2023-06-01,2.1261994099803596,2.013218955340853,1.7555096750669057,1.0331784553088244
2023-06-02,2.141787871113674,2.027979088040952,1.7713376370579332,1.048094511781405
2023-06-05,2.122228164528161,2.0094587310725416,1.765561526637728,1.0433233277787126
2023-06-06,2.1353283383832733,2.02186279731373,1.7448479124566136,1.0335285592544143
2023-06-07,2.1353283383832733,2.02186279731373,1.7395769423310778,1.0284208412265037
2023-06-08,2.1197884580900026,2.007148663999946,1.7418031152858848,1.036793482095847
2023-06-09,2.141872196999168,2.0280589330782077,1.7548970306433547,1.0412742698025848
2023-06-12,2.150909632429544,2.0366161437663015,1.7571658377223642,1.0433721794920507
2023-06-13,2.1721077144234266,2.0566878173292946,1.7720181392070848,1.048930418876302
2023-06-14,2.1614879713914052,2.0466323785625646,1.7727663726539116,1.0486888742936857
2023-06-15,2.1654254424005654,2.0503606230698943,1.792528651008793,1.065374448382737
2023-06-16,2.1880315098440906,2.071765465564625,1.8059013892246731,1.0756468781041193
2023-06-19,2.172129766528931,2.0567086976458815,1.797600600859936,1.0668427137669556
2023-06-20,2.163190960905355,2.0482448758448695,1.794891531430847,1.0650324863893699
2023-06-21,2.1525276339909,2.037465420832748,1.770016245279855,1.04869158827776
2023-06-26,2.124072491208764,2.0261674382294785,1.7399050349625316,1.0339465128018628
2023-06-27,2.124633169197152,2.0179309852285456,1.7495149894363267,1.0436435778994848
2023-06-28,2.1317484441784282,2.023142613429363,1.7545542171870037,1.0423870032730649
2023-06-29,2.131304052174222,2.031366770394523,1.746425460625545,1.0372412894681136
2023-06-30,2.1230041392985086,2.033810027201311,1.7649399367243184,1.0428348106453311
2023-07-03,2.1331570834351163,2.043536414073769,1.7837830239411858,1.0565214323322352
2023-07-04,2.135913100338779,2.0461766419989287,1.7838288357542103,1.0581851045698065
2023-07-05,2.132048215606547,2.042474133286446,1.7737238717647292,1.0499888726652953
2023-07-06,2.129282913121973,2.039825009896969,1.7590014980374986,1.0429162301675614
2023-07-07,2.124886242347059,2.034933115483813,1.757373330323745,1.0382888873208092
2023-07-10,2.118078684850097,2.0299695025983673,1.7615928726816499,1.0433450396513073
2023-07-11,2.1236161454640845,2.0299695025983673,1.7743278552621282,1.0501734235823503
2023-07-12,2.112598681674388,2.0299695025983673,1.7629647262643011,1.043103495068691
2023-07-13,2.1443633007699456,2.058661782886534,1.7939564273900412,1.0580249795094203
2023-07-14,2.137614705411275,2.051751339214728,1.790996260149567,1.0582095304264754
2023-07-17,2.127905652631813,2.04243227811717,1.781875992193083,1.0495437792771032
2023-07-18,2.137858774976612,2.051985605032733,1.7818093143902733,1.0462245767541836
2023-07-19,2.1624926312177926,2.075629972469446,1.7859991306735863,1.0451199852359265
2023-07-20,2.167650091196847,2.0805802684194994,1.77444344047411,1.0377433765218667
2023-07-21,2.147806859628381,2.061534096608516,1.7791900191028422,1.037260287356634
2023-07-24,2.133181004268297,2.047495730271379,1.7696320505437606,1.0327306479365579
2023-07-25,2.156313597741343,2.0696991374231373,1.8135410148706266,1.0625573329135705
2023-07-26,2.159565956108977,2.07282085557913,1.8121283122376979,1.0603562918292797
2023-07-27,2.1696561379742096,2.0825057366301927,1.8106263918975747,1.0590915752506365
2023-07-28,2.1859128873354674,2.0981094874786512,1.8521297015555367,1.0836232772986087
2023-07-31,2.194385417906535,2.10624169479446,1.8548080981543325,1.0895641884373424
2023-08-01,2.1708521929365894,2.0836537486478046,1.8483428943446187,1.0850508329217123
2023-08-02,2.17761011403529,2.090140218650779,1.83900270340607,1.077424537672813
2023-08-03,2.198998073943484,2.1106690704001703,1.8522010187994926,1.0869451938056027
2023-08-04,2.2077242567765927,2.1183411849576568,1.857813582880668,1.0911790089615754
2023-08-07,2.18175103022628,2.0961667936746355,1.8398490402606547,1.0829203554233544
2023-08-08,2.1905130825565062,2.1027366626121213,1.8393811908279392,1.0800923840178906
2023-08-09,2.1761960035855488,2.087134102122567,1.836097601764994,1.0767921793834914
2023-08-10,2.205211950300023,2.1168128530073598,1.8443600952668593,1.0790040764040796
2023-08-11,2.1350813636608112,2.030777257931573,1.803800463451698,1.0541792640760785
2023-08-14,2.1350813636608112,2.030777257931573,1.7952638040444215,1.0464878332093948
2023-08-15,2.1528260605607534,2.0476550816654213,1.8021702121685494,1.043944830131737
2023-08-16,2.1528260605607534,2.0476550816654213,1.7926187710649948,1.0362886810580196
2023-08-17,2.1528260605607534,2.0476550816654213,1.798779545047944,1.0397544387209536
2023-08-18,2.135234118485742,2.0309225502983135,1.7781586259571172,1.0269715737308054
2023-08-21,2.112624442715154,2.0094174141730137,1.7544105674829573,1.0121966444300905
2023-08-22,2.124435486018302,2.0206514582430497,1.765788875341118,1.0199776367712274
2023-08-23,2.116076549051432,2.0127008764143097,1.7379906956839144,1.0032594948732843
2023-08-24,2.1342543362844975,2.029990632926977,1.7627829820254826,1.0105329721925191
2023-08-25,2.130352702423098,2.0262796037131205,1.7476372111895553,1.0066574029343596
2023-08-28,2.130352702423098,2.0262796037131205,1.7690498441968527,1.018455091705522
2023-08-29,2.135140011866745,2.030833041024835,1.7866124420291736,1.028629818000228
2023-08-30,2.14471463075404,2.0399399156482647,1.7819354551296627,1.0281955805483334
2023-08-31,2.1495019401976876,2.0444933529599796,1.7741053702016452,1.0218882815595638
2023-09-01,2.1495019401976876,2.0431303573913393,1.7772923121553297,1.029004347802487
2023-09-04,2.159076559084982,2.0710801823865257,1.802310682096897,1.044598900293653
2023-09-05,2.159076559084982,2.062958299318343,1.7908862943512294,1.0368287638888136
2023-09-06,2.159076559084982,2.062958299318343,1.786003029322267,1.0345788710911845
2023-09-07,2.1542892496413346,2.0450608854309684,1.7689558239351073,1.0200427723890115
2023-09-08,2.17200229458283,2.050438638129694,1.7702780291439726,1.0150273298196286
2023-09-11,2.1735970099239332,2.0519440996848552,1.7879004200829494,1.0225043559444393
2023-09-12,2.1735970099239332,2.0519440996848552,1.776293652066513,1.0206208509968464
2023-09-13,2.166764594073674,2.0454940837313353,1.7668009607831199,1.0141208591387987
2023-09-14,2.1800133868702547,2.0580013617974946,1.7675768246810828,1.0132686681394554
2023-09-15,2.173680740866274,2.0520231443340307,1.7646324753030131,1.006556985523609
2023-09-18,2.1604783014060334,2.0395596252786583,1.7665866533820382,1.0116945573763374
2023-09-19,2.1668513937405645,2.0455760253532267,1.763891504408821,1.009737774858737
2023-09-20,2.1845011857948418,2.062237985459487,1.761311995516459,1.0057183644446375
2023-09-21,2.1530065618112846,2.032506067555756,1.7406828790836542,0.9966943673974522
2023-09-22,2.153323870381824,2.0328056168494495,1.765564469074386,1.0147396475077484
2023-09-25,2.141200204196086,2.0213604937733716,1.7626636347170925,1.0081365242548757
2023-09-26,2.141200204196086,2.0213604937733716,1.7530486713880655,1.0022444648294804
2023-09-27,2.117769976470709,1.9992416201662344,1.7555058365603782,1.0043098067100542
2023-09-28,2.091467135894022,1.9744109094687747,1.7441970026492124,1.0013298521964273
2023-10-09,2.0867566243266933,1.9686477641114064,1.7428828479509073,1.0000298538248178
2023-10-10,2.0772928754635336,1.9507915485639105,1.7390009208688657,0.9925392577796354
2023-10-11,2.0788846707704023,1.968903682517431,1.747655569432124,0.9953672291850992
2023-10-12,2.096027068394164,1.9779353507858595,1.7580768431342766,1.0048200357160304
2023-10-13,2.09921010114799,1.9839427474473197,1.7492962375228533,0.9942436397783218
2023-10-16,2.093468067964446,1.983908666111041,1.7295522506970882,0.9842534644006709
2023-10-17,2.099726567420244,1.989839633722733,1.7371436067404573,0.9877273640158281
2023-10-18,2.0959479897103237,1.9862588038170856,1.7240131984055882,0.9799056619135759
2023-10-19,2.1052220958594843,1.9950475595861876,1.7003835792625404,0.9589971286048493
2023-10-20,2.1039368564847227,1.9938295818330825,1.6897591018270646,0.9527685351542358
2023-10-23,2.0947893049347894,1.984496147703632,1.6689355875985874,0.9429032030440045
2023-10-24,2.0978451609594937,1.9888385900399637,1.6801923065945934,0.9464015285158307
2023-10-25,2.091737897026569,1.9801537053672997,1.6906154331194563,0.9511048629166644
2023-10-26,2.1009121860486153,1.993181032376295,1.688402257417158,0.9537319995006269
2023-10-27,2.1381247936269245,1.9975234747126267,1.7164850506987952,0.9668269726593244
2023-10-30,2.157798136015201,2.001200075890721,1.728640808782854,0.9726294706102665
2023-10-31,2.160918596081745,2.0040940745543376,1.7236396297857168,0.9695735245425581
2023-11-01,2.1546821787770356,1.9983102532713524,1.7305663360042884,0.9691718548995555
2023-11-02,2.1414815567331447,1.9860676410477534,1.7216939220399952,0.9646015057183644
2023-11-03,2.1580821889558823,2.00146351423417,1.7342782343425602,0.9727298880210171
2023-11-06,2.168189554759018,2.0101702028497295,1.7619853086152368,0.9858845688293502
2023-11-07,2.1458305920302037,1.9923604160125714,1.756972221856721,0.9823970992938215
2023-11-08,2.155826255387416,2.0045476216605493,1.7602292589025519,0.9800386471332186
2023-11-09,2.1303810126498353,1.9852935215908754,1.7560749008164294,0.9805163083303027
2023-11-10,2.1398074773075777,1.98968576389528,1.7472883230891179,0.9733676742784872
2023-11-13,2.1352456899383725,1.9727904149186264,1.750365390678594,0.9714461735538535
2023-11-14,2.138211308952176,1.9755304016060133,1.7554359263553008,0.9721653793335541
2023-11-15,2.1577440057820008,1.9935769979602258,1.7671351008445253,0.9790019052168202
2023-11-16,2.1243078899899244,1.9626847924133215,1.749068697072481,0.9695328147814429
2023-11-17,2.1578028212340574,1.9936313385733988,1.7555306707672391,0.9683685156135504
2023-11-20,2.147400190553177,1.983355624428851,1.7563872395604012,0.9706075524748822
2023-11-21,2.149856233470317,1.9831617784427067,1.7577722360901618,0.9718966949101944
2023-11-22,2.1246857403787227,1.9663175913541084,1.737649114341731,0.9619499432777329
2023-11-23,2.15004607096999,1.9807516721895895,1.7474749946319963,0.9665908560448567
2023-11-24,2.1219118592975175,1.9636447197853037,1.7361027043716486,0.9602102794860801
2023-11-27,2.120497251391319,1.9610959486086126,1.7259163257684758,0.9531349230042718
2023-11-28,2.1236042070710135,1.9639693492659145,1.7311258031107812,0.9549207245251885
2023-11-29,2.1329182606107984,1.9725832499205893,1.7255966517472703,0.946721778636603
2023-11-30,2.1329182606107984,1.9725832499205893,1.7282297512168145,0.9488631120712584
2023-12-01,2.1329182606107984,1.9725832499205893,1.7248097800250966,0.9452480852842357
2023-12-04,2.14840786308437,1.9869084732315596,1.7155224060378305,0.9390764854991831
2023-12-05,2.121655657892706,1.9621672757679482,1.6909714391905206,0.9211967584174217
2023-12-06,2.1298791294349257,1.9697725752864286,1.6911581556570543,0.92264602591312
2023-12-07,2.1217186730003093,1.9622255539251778,1.687779817424464,0.920387991163268
2023-12-08,2.1330307711350223,1.972687302841708,1.6925818808519837,0.9226080301360792
2023-12-11,2.1319090510991163,1.971649904365268,1.705020193084891,0.9280332843006877
2023-12-12,2.1337508119752653,1.9733532170152381,1.7063441240800747,0.9300280625953288
2023-12-13,2.1386091269458567,1.977846324374675,1.6830116202121779,0.91450678767417
2023-12-14,2.1685611949244215,2.005546845621129,1.6816194196058782,0.9097166057829573
2023-12-15,2.157474905012481,1.9952939305479582,1.6777583709068973,0.9068913483615679
2023-12-18,2.162331965437709,1.9997858776682913,1.6682519005692518,0.9035857157590199
2023-12-19,2.165479464659598,2.0026967741423354,1.6655409229256288,0.9048531463217374
2023-12-20,2.1686246781158935,2.005605556675585,1.6502326276405217,0.8949362485140937
2023-12-21,2.163823932292385,2.0011656908947613,1.66518556501273,0.9039928133701711
2023-12-22,2.178096443326466,2.014365313552627,1.6611658048172127,0.9057189072414523
2023-12-25,2.178096443326466,2.014365313552627,1.6567608510262202,0.9084925989654292
2023-12-26,2.184368859289969,2.0201662215830165,1.6510081343146423,0.9023427110529716
2023-12-27,2.1955019220491216,2.030462393510735,1.6555397650356873,0.9054827906269847
2023-12-28,2.1955019220491216,2.030462393510735,1.6884889543832242,0.9267007181201861
2023-12-29,2.1844062865968303,2.0202008354170147,1.6896432399848589,0.9311977897313699
2024-01-02,2.1906698171677172,2.0259935259845188,1.6779659435872298,0.9190499970146175
2024-01-03,2.179518091074567,2.0156800936766386,1.6723149656297858,0.9168652398347727
2024-01-04,2.1683277502159264,2.0053309493393705,1.6515243756610827,0.9083840396024557
2024-01-05,2.171436463836308,2.0082059757900366,1.6407885691588995,0.9035151521730871
2024-01-08,2.1683299739023507,2.0053330058675902,1.620543981281453,0.8918314507330471
2024-01-09,2.184572145991507,2.020354226885325,1.6260002240676157,0.893579256476923
2024-01-10,2.1783081398381263,2.0145610964856537,1.618386785843577,0.8894078629546602
2024-01-11,2.186287290533504,2.0219404411614255,1.6316307384430415,0.8944395894284893
2024-01-12,2.1925832942499435,2.0277631638141584,1.6249516807162165,0.8913185077429966
2024-01-15,2.198870271437757,2.0335775384774246,1.6278960607063067,0.8904364629188356
2024-01-16,2.2020092725390246,2.0358027164692065,1.6325805975286016,0.8958535751312212
2024-01-17,2.186325445811539,2.015986023360176,1.600294704503175,0.8763671694774495
2024-01-18,2.1831773890141144,2.027213786914486,1.6097071886222944,0.8887565067768183
2024-01-19,2.2052981712668136,2.0448290143119174,1.6100447454836073,0.8874130846600193
2024-01-22,2.2255902582548095,2.0524911267804025,1.5755920912161963,0.87360433368977
2024-01-23,2.2172003183465434,2.045437892667755,1.5904107167737598,0.8771406549386368
2024-01-24,2.2388435866532546,2.065404496834913,1.6074134782416514,0.8894024349865116
2024-01-25,2.241746311349767,2.068082352794566,1.6308325302850124,0.9072631641797526
2024-01-26,2.2507906714473087,2.0764260629705777,1.620221221313073,0.9047934386721019
2024-01-29,2.258688182575194,2.083711768454685,1.6006679922020433,0.8966894822261183
2024-01-30,2.269783100678646,2.093947183684,1.5725990850501543,0.8806986880600984
2024-01-31,2.2541832168251847,2.0795557941054157,1.5491847463442416,0.8726408693433787
2024-02-01,2.2360878486813895,2.062862240809025,1.5488707062987825,0.8732813695849233
2024-02-02,2.267094740877191,2.0914670861657374,1.5284112422030474,0.862946518229831
2024-02-05,2.2685076382406293,2.0927705289722867,1.5194628263870935,0.868588891120387
2024-02-06,2.2803809848693515,2.1037240693024986,1.584710109550647,0.8987873919155843
2024-02-07,2.2686871665239945,2.0929361495301415,1.6168426525256574,0.9074558570490309
2024-02-08,2.2875391261818323,2.110327682589248,1.6314766718891343,0.9132366431273781
2024-02-19,2.2901806904009865,2.112764609692796,1.6345307993488936,0.9237886132084177
2024-02-20,2.303573559935495,2.125119958287491,1.636200987913676,0.9256992579967541
2024-02-21,2.3089772042234036,2.129396618883819,1.6591237882382013,0.9381890127068734
2024-02-22,2.3169118337911816,2.1410956075625114,1.6670948887433716,0.946276685248411
2024-02-23,2.344098587992551,2.1699467284703298,1.6775103819340678,0.9471098783592338
2024-02-26,2.313614618114145,2.12975515654749,1.6606714991016867,0.9372364042967797
2024-02-27,2.3058246699050065,2.131375822718258,1.6869518106648935,0.9484804403167763
2024-02-28,2.3128990027358034,2.1321074314697372,1.6579640475120907,0.9363950692337338
2024-02-29,2.317009092620949,2.135896249389483,1.6880010779252224,0.9542585124110492
2024-03-01,2.3319326567578185,2.1496532884831048,1.6976930054951724,0.9601532858205188
2024-03-04,2.347635906971676,2.1641290682035295,1.7077714916638653,0.9609864789313416
2024-03-05,2.3604512865571134,2.1759427124737276,1.7070314859136233,0.9676737356905191
2024-03-06,2.3345498171313883,2.151340559955251,1.694401579952535,0.9637493147190213
2024-03-07,2.329876043723718,2.157448083548261,1.6827808910420405,0.9579603866884508
2024-03-08,2.3479117448362916,2.172678357061102,1.693450253171276,0.9620829284973755
2024-03-11,2.34420068309001,2.1722124054901872,1.7147915295936826,0.97411944786708
2024-03-12,2.346519378127686,2.171405592509283,1.7315210306548707,0.9763530567602628
2024-03-13,2.333209835072034,2.170809245008145,1.7239964884273227,0.9695328147814429
2024-03-14,2.3324852283419655,2.170135073759172,1.721418551539394,0.9667808349300606
2024-03-15,2.3302245623800046,2.1680317590481106,1.7212960398730102,0.968889600555824
2024-03-18,2.330839709487547,2.168604089495214,1.740190771286189,0.9779923031411653
2024-03-19,2.327841047999785,2.1658141466523393,1.7272328301779536,0.9709630843886209
2024-03-20,2.329434368361181,2.1665746275950037,1.730773929929369,0.9730664220462355
2024-03-21,2.36103223202651,2.1813736346140953,1.7381358699001515,0.971902122878343
2024-03-22,2.349264321805207,2.160259992062309,1.7184172649404907,0.9621073543540447
2024-03-25,2.346143086106021,2.147102915423577,1.6998571874365656,0.9568856489950118
2024-03-26,2.350082477028384,2.161080577369064,1.7093870373425701,0.961768106344752
2024-03-27,2.343013391413035,2.143568792401048,1.6823104323825473,0.9506516275762494
2024-03-28,2.336036584443824,2.13718587297574,1.6946446966014344,0.9555829366393278
2024-03-29,2.3515172775150224,2.151348801226076,1.6994612344087299,0.9600664383301399
2024-04-01,2.369615598969312,2.1679065371768984,1.732659318764376,0.9758536836905841
2024-04-02,2.369615598969312,2.1679065371768984,1.7197613980164839,0.9717908495312949
2024-04-03,2.3591227427061323,2.1575842300145984,1.7150647011933704,0.9682952380435432
2024-04-08,2.390723923156658,2.1560972293301597,1.6946392767241178,0.9597760420341853
2024-04-09,2.380196103567912,2.146602614570873,1.7027881681291017,0.9589835586844776
2024-04-10,2.383151033553719,2.1387449845964057,1.690485096696572,0.951172712518523
2024-04-11,2.3693119561232496,2.13345433528386,1.682379330392905,0.9510451552670288
2024-04-12,2.407410021184422,2.142067808729112,1.6789890135839394,0.9433374404958992
2024-04-15,2.4016281723548722,2.1369232292251095,1.695447449026267,0.963214659856376
2024-04-16,2.3820429389198012,2.1194966597174063,1.6666754815671145,0.9529096623261015
2024-04-17,2.3969577156274937,2.132767545349183,1.6924233327040883,0.9676438818657013
2024-04-18,2.408810803232245,2.1433141980459647,1.6948101510119622,0.9688380348584116
2024-04-19,2.395201960080216,2.1304908692743836,1.6831326992559374,0.9612008836732145
2024-04-22,2.3660578357719904,2.0902865031635627,1.6755428448231082,0.9582806368092233
2024-04-23,2.346929258741495,2.0564883383114156,1.6711007823725876,0.9515825241137484
2024-04-24,2.3723738106325842,2.0722167386044283,1.6833765637157,0.9557620595882343
2024-04-25,2.369248690492576,2.0837290538188973,1.682882035483061,0.9581123697966141
2024-04-26,2.3781101746852196,2.082151970095156,1.7178925831783225,0.9727651698139835
2024-04-29,2.397169085742278,2.098838980490112,1.7472673966386563,0.9835234026846731
2024-04-30,2.392482538165069,2.0947356784754687,1.7373053838813226,0.9782257057715585
2024-05-06,2.3982147874539907,2.099754543571399,1.7573814882857957,0.992742806585211
2024-05-07,2.4012601395650437,2.1024208985473627,1.7627588548026194,0.9930494867856117
2024-05-08,2.392760908564899,2.0942785984327026,1.7411796529560175,0.9852359266355825
2024-05-09,2.4006004424078045,2.1024673710560955,1.7576000905656644,0.9945557479468711
2024-05-10,2.4320087666972308,2.113956263794107,1.7621021957948833,0.9950225532076579
2024-05-13,2.4251301193879744,2.0923401248648115,1.7514915499462211,0.9945910297398375
2024-05-14,2.423616305330928,2.0923401248648115,1.7554172334201994,0.9925175459070407
2024-05-15,2.4218258670248214,2.086257740780902,1.7438693747211573,0.9841069092606565
2024-05-16,2.448746316545164,2.109448093548136,1.7520191794737399,0.9879879064869648
2024-05-17,2.4721762397067923,2.129631567193951,1.768473311773003,0.9981952005905629
2024-05-20,2.4721762397067923,2.129631567193951,1.775185645748718,1.0017206659031326
2024-05-21,2.482881728203456,2.1388537034957835,1.7730267669442974,0.9977039694731071
2024-05-22,2.473778891638377,2.1302992044830007,1.7685566271078175,0.9999538622707361
2024-05-23,2.439775246774703,2.117912480587755,1.744493508560125,0.9883760062095955
2024-05-24,2.4186732062535223,2.0961032225926166,1.7244631578939789,0.9774359364059252
2024-05-27,2.4386051482070092,2.127076932243425,1.7414083424854812,0.986725903892396
2024-05-28,2.4338515319337013,2.1229305834476286,1.7304983548118658,0.9795229901590938
2024-05-29,2.407794917314346,2.1111660097976896,1.7272732388632481,0.9807035732314323
2024-05-30,2.379864987902669,2.086676915146825,1.7128776954825886,0.9754900098246224
2024-05-31,2.3879404194683533,2.093757491865932,1.7134759913668902,0.971584586741645
2024-06-03,2.3771471428842412,2.084293895737015,1.708795114629505,0.9739810346792885
2024-06-04,2.376929415540141,2.084102991368473,1.7241362110309773,0.9812870798074157
2024-06-05,2.380254300007545,2.086323564850755,1.7166621405014502,0.9756202810601907
2024-06-06,2.4075915759547812,2.120742801704268,1.7052642743560282,0.974930929105308
2024-06-07,2.4075915759547812,2.120742801704268,1.6994182377417513,0.9700077619944527
2024-06-11,2.3708688529921895,2.0788515858681342,1.6870227698517917,0.9615319897302843
2024-06-12,2.382919979659222,2.0933856627498244,1.6901480830721303,0.9618685237555026
2024-06-13,2.384091170456524,2.1065516103142885,1.6850605906837168,0.9569860664057623
2024-06-14,2.384091170456524,2.1065516103142885,1.6988396566762787,0.9611656018802482
2024-06-17,2.3944654046475495,2.115718147236908,1.6950685743056395,0.9597190483686242
2024-06-18,2.4017879288207835,2.122188233314085,1.6987780397781462,0.9622674794144309
2024-06-19,2.410885610369347,2.130226825106941,1.6891301327295545,0.9576971302332398
2024-06-20,2.4302987222579,2.147379995512841,1.6786623615868481,0.9507846127958922
2024-06-21,2.424787562403884,2.142510407130886,1.6683107945402136,0.9487057009949466
2024-06-24,2.3977453219309783,2.1186162390216197,1.653204177031729,0.9436006969511103
2024-06-25,2.393434500664608,2.1148072540327147,1.641228276987488,0.9384685530665307
2024-06-26,2.391789815880783,2.113354032183333,1.6568763373457411,0.9445370214567582
2024-06-27,2.3819155514100343,2.1046292619315556,1.6415585559334769,0.9374426670864295
2024-06-28,2.405575122974919,2.125534548271679,1.6431143517275473,0.9394890110784829
2024-07-01,2.4185083225608057,2.136962153369914,1.6492278202261281,0.9439725127692951
2024-07-02,2.4328257373085203,2.149612832784393,1.6413675250661062,0.9422382769457909
2024-07-03,2.439347928642174,2.155375755287921,1.6404281157368044,0.9399639582914927
2024-07-04,2.4640183153249886,2.1771741845752572,1.6303653356792975,0.9351873463206518
2024-07-05,2.439880954034658,2.155846729516084,1.633352184618705,0.9311842198109982
2024-07-08,2.467266903245196,2.18004459414657,1.614015685273371,0.9232322464731778
2024-07-09,2.4642095712709144,2.1773431758142943,1.631169468161528,0.933558955876047
2024-07-10,2.476296529719644,2.1880230533707796,1.6314924854072215,0.9306169971394608
2024-07-11,2.4808116503714914,2.1920125546104035,1.653801627205132,0.9412558147108794
2024-07-12,2.4631755839072236,2.176429558175414,1.6517078617514436,0.9424038299743258
2024-07-15,2.4964907331396513,2.2058663859834686,1.6551103504927875,0.9434487138429472
2024-07-16,2.5071987203528727,2.2153278226880544,1.6606115074706318,0.9494276207587214
2024-07-17,2.523406203476751,2.22964854166761,1.6747116671369324,0.950323235503254
2024-07-18,2.4943975551645874,2.2032736652668925,1.6745814075484742,0.9555747946871047
2024-07-19,2.458651347574225,2.189172763890077,1.6708067427017101,0.9604843918775885
2024-07-22,2.4445335781137243,2.170144624890402,1.665008698831151,0.9539436902584256
2024-07-23,2.4601629917887866,2.1623730558219205,1.6355342653727512,0.9335779537645673
2024-07-24,2.4575587309317894,2.168689544438777,1.6203501589043672,0.927685894339172
2024-07-25,2.4006238935029156,2.1339218559004673,1.6112736097067775,0.9225564644386667
2024-07-26,2.394125957112004,2.1281458205455146,1.6170894453435338,0.9252758764811568
2024-07-29,2.418726628322402,2.1500134317559856,1.6130861012169786,0.9202414360232534
2024-07-30,2.418726628322402,2.1500134317559856,1.6086025709634604,0.9144443660404601
2024-07-31,2.4336847398148103,2.1633097424038272,1.6545747322823703,0.9341750302609224
2024-08-01,2.445614566970765,2.1731930986779466,1.6508892308804706,0.9279844325873496
2024-08-02,2.4545401675801473,2.1630145178629707,1.6298927093496802,0.9185180561360465
2024-08-05,2.4001788962870414,2.126375433470858,1.5987663229734512,0.9073717235427263
2024-08-06,2.375560585358851,2.115816151367961,1.614129448831189,0.9072794480841987
2024-08-07,2.394275032061077,2.121108999776636,1.6158253141592926,0.9068750644571217
2024-08-08,2.393476940383723,2.121108999776636,1.61476968592452,0.9072685921479013
2024-08-09,2.408389569295771,2.1343246321739984,1.6117729206953055,0.9041990761598212
2024-08-12,2.420282851119454,2.1448645069007832,1.6175394445154512,0.9026331073489261
2024-08-13,2.429180949836805,2.1527500381761535,1.6157937430925309,0.9049481357643393
2024-08-14,2.4262203392946518,2.1501263330717344,1.6088192714229759,0.8981224658173705
2024-08-15,2.4202955033012583,2.144159010538069,1.6182483659435074,0.9069999077245414
2024-08-16,2.4232615517121667,2.14810047930744,1.623295567127505,0.9079986538638992
2024-08-19,2.4410469575962925,2.1717492919236685,1.6263983481772968,0.9110763118042023
2024-08-20,2.4410469575962925,2.1717492919236685,1.6119806119079905,0.9044894724557756
2024-08-21,2.4290437329145482,2.183573698231783,1.605898449582423,0.9014878060695539
2024-08-22,2.4215782964598387,2.174235044894219,1.5971880799629372,0.8991809196063637
2024-08-23,2.411315568940806,2.1650205661137054,1.5956612442861922,0.9029940672308135
2024-08-26,2.417161182441269,2.1702691008194357,1.5947786033862743,0.902188013960734
2024-08-27,2.4205227680370367,2.1732873295586903,1.5895517518261184,0.8970612980443031
2024-08-28,2.408480366206007,2.1624749547847664,1.5782099112839865,0.8919508660323181
2024-08-29,2.3707368852894275,2.1271449936068465,1.5844060530758899,0.889557132078749
2024-08-30,2.362991572478428,2.1194657698032118,1.6048297308250057,0.9014308124039928
2024-09-02,2.3587107906442277,2.1079469340977597,1.5799959205399832,0.8861185142565584
2024-09-03,2.3476629649269247,2.111786545999577,1.5836333136298333,0.8884036888471538
2024-09-04,2.305403701814278,2.096428098392307,1.5728166180821865,0.8826310447210296
2024-09-05,2.297101923924559,2.111087736633446,1.57960509632197,0.8841508758026608
2024-09-06,2.302670655861346,2.116205525085891,1.5719250793349182,0.8769832438623251
2024-09-09,2.2915466430310985,2.105982309988858,1.5562509230716206,0.8665615450168538
2024-09-10,2.2999099519472703,2.113668376813635,1.5584156121112873,0.8673241745417438
2024-09-11,2.3082580824443566,2.12134049433383,1.5625504948013458,0.864710607878153
2024-09-12,2.3054803952211986,2.118787738022959,1.5582544638016118,0.8610033056326025
2024-09-13,2.3277152875198963,2.1392220983655554,1.5512252505155966,0.8574154186863232
2024-09-18,2.3277152875198963,2.1392220983655554,1.5505449024685904,0.8606070639577488
2024-09-19,2.3249491374456004,2.1366799449509797,1.5637940258601135,0.8674001660958254
2024-09-20,2.3415559169987836,2.1519419445577728,1.5655751346552902,0.8687598721170705
2024-09-23,2.354565480320908,2.163898022475887,1.5704490959151085,0.8719379474681244
2024-09-24,2.406363920693506,2.2115019407471785,1.6315056013803013,0.9097030358625855
2024-09-25,2.4045657930074777,2.2098494214282316,1.6432125372905546,0.923169824839468
2024-09-26,2.4781954575148872,2.277516720025267,1.7260834063931394,0.9621942018444236
2024-09-27,2.549076775506985,2.3426582270742364,1.8309525018678108,1.0051728536456948
2024-09-30,2.6261049522123363,2.4118870617845984,1.9814469423770344,1.0904380913092802
2024-10-08,2.7056838901581646,2.5562963406251975,2.1000087525144018,1.1550987618804653
2024-10-09,2.6665495368735024,2.3800565736749273,1.9498529781336087,1.0736466718413298
2024-10-10,2.6187080998879275,2.3289705131930973,1.9403948474142294,1.0849938392561513
2024-10-11,2.627928903056547,2.273023702140156,1.892352901521066,1.0549717474257863
2024-10-14,2.6527373281922784,2.3180672358683334,1.9269890181217397,1.0751013673051768
2024-10-15,2.6077062933001254,2.278717329086618,1.888356540633596,1.0465095450819895
2024-10-16,2.6441812526236044,2.3105905972156586,1.8813234188202324,1.0398874239405964
2024-10-17,2.6366042725175403,2.303969531064845,1.871776562578003,1.0281168750101775
2024-10-18,2.7101578560668824,2.3682435736903256,1.9445635729983346,1.0653011708127298
2024-10-21,2.675975114978457,2.337583922370306,1.9433348912532107,1.068007012934848
2024-10-22,2.692493479885732,2.355401255541352,1.9545985542917979,1.0741351889747113
2024-10-23,2.6821387782918897,2.349741779387899,1.9560677355033655,1.07832286640142
2024-10-24,2.6732868351292103,2.3352347244736174,1.9380435874816802,1.0662782050794926
2024-10-25,2.6897886057164277,2.369956142545501,1.9626512667785725,1.0737660871406007
2024-10-28,2.6792525480010783,2.3826316141930133,1.974819921272643,1.0758667108141409
2024-10-29,2.6592220347768327,2.364818685698383,1.953585823174078,1.065143759736418
2024-10-30,2.6732001585879273,2.3772492868092283,1.9432951062338162,1.055590535794736
2024-10-31,2.7154367355176547,2.414809838367962,1.9492389794339746,1.0560220592625562
2024-11-01,2.66180786930498,2.36711824163253,1.9367271528889016,1.0557452328869734
2024-11-04,2.7110541000938095,2.41012336654439,1.968011705191986,1.0706015817099186
2024-11-05,2.788865312979127,2.477643126514633,2.0104021172463193,1.0976898567559206
2024-11-06,2.7895353806092995,2.476292200152474,2.01102500895685,1.0921831830690818
2024-11-07,2.8810864926416015,2.5576527880067523,2.0893174573559783,1.1251363776997356
2024-11-08,2.8439890401300825,2.521896916983152,2.0595771804884606,1.1138326340301037
2024-11-11,2.8671299440518196,2.537841476162789,2.0770330685366614,1.1211821029034201
2024-11-12,2.8315355238654836,2.506335057677552,2.063705904357278,1.1088633291899843
2024-11-13,2.8247387598724734,2.500318898695663,2.062884165636746,1.1156889991369532
2024-11-14,2.7383678648636613,2.423867658617964,2.022659496905806,1.0963464346391216
2024-11-15,2.660930732342436,2.3553241427877207,1.9821913880115465,1.0771341413768585
2024-11-18,2.609599683853228,2.307533115899372,1.9694479031821015,1.0721268407596984
2024-11-19,2.6609753642614615,2.3100534066982323,1.9891656690978607,1.0793216125407776
2024-11-20,2.688681793181632,2.3236820403660685,2.0077591377065094,1.081731630398793
2024-11-21,2.707777187657083,2.3261991614366533,2.0096005630132288,1.0826896667770354
2024-11-22,2.587862571839876,2.321307340134837,1.9515591343031453,1.049144823618175
2024-11-25,2.5858003050012717,2.3156747734347385,1.948497024982606,1.0443654976632597
2024-11-26,2.562504806758017,2.29481283853893,1.9456506875862332,1.0422187362604556
2024-11-27,2.580056209544031,2.3105307346933066,1.980367470400398,1.0603644337815026
2024-11-28,2.5713102562913392,2.302698427118075,1.9631262517099508,1.051003902709099
2024-11-29,2.57852285481909,2.3091575618120115,1.9886058512422515,1.0629535745884244
2024-12-02,2.5714781243402953,2.3020790396503426,2.000802300342871,1.0713804951392545
2024-12-03,2.603779583479192,2.32007115334518,2.0071387304190753,1.072536652354924
2024-12-04,2.6111348930370424,2.3172699010413873,1.9894002178484183,1.0667477243243537
2024-12-05,2.618448996378883,2.330066349474509,1.9977432506191954,1.0643132806096693
2024-12-06,2.602344333027536,2.3290981243692106,2.0210520246385175,1.0783038685128996
2024-12-09,2.626950404939282,2.339646131304765,2.0151896607256115,1.0765207809760573
2024-12-10,2.632046727456915,2.344185079295501,2.0301177911199386,1.0844103326801677
2024-12-11,2.619861325940911,2.3333323705950586,2.0326562835672664,1.0825621095255413
2024-12-12,2.6615174059344193,2.3704326090384207,2.064377061836708,1.0933284843484539
2024-12-13,2.6268950559513318,2.339596835724123,2.0195500887272972,1.0674587881518312
2024-12-16,2.618916914719819,2.330931516502827,1.9992860300981303,1.0616671461371865
2024-12-17,2.6483124167809073,2.3195564164636484,2.003231526546189,1.0644326959089405
2024-12-18,2.6525317396103594,2.3375663565884826,2.0043251656222463,1.0698226682805825
2024-12-19,2.624683637357232,2.3189619966629524,1.9996415314137153,1.0707915605951224
2024-12-20,2.613655423766615,2.3140593157499376,1.9985806532700507,1.0659823808153894
2024-12-23,2.651105173321047,2.302646865335436,1.995228917930979,1.0675646335307305
2024-12-24,2.658755037448814,2.309291239851887,2.009914576217622,1.08116712171133
2024-12-25,2.6688391443926514,2.3180499030228563,2.0035592681787473,1.081693634621752
2024-12-26,2.6688391443926514,2.3180499030228563,2.0122856671776552,1.0821957216755052
2024-12-27,2.6703368094568445,2.319350716660916,2.01205139087017,1.080445201947555
2024-12-30,2.6637486264316874,2.3128553601611745,2.0117081814368505,1.0853358012495185
2024-12-31,2.646248987521193,2.2824497258989664,1.9722364461185156,1.067928307396692
2025-01-02,2.6561092219996207,2.262573589169067,1.927685682249413,1.0368504757614083
2025-01-03,2.6443006684914026,2.238055255006688,1.8984761555831924,1.0245724118090875
2025-01-06,2.6720208178430203,2.2623888512507992,1.8989687548996055,1.0228924556670702
2025-01-07,2.666494574077068,2.261912047139695,1.903388944517506,1.0302582084448328
2025-01-08,2.6831145060113837,2.276010266063648,1.8989190086862286,1.0283882734176115
2025-01-09,2.669863030726055,2.2647694137920347,1.896960840029199,1.0258534122921767
2025-01-10,2.6757276392504394,2.2697441955905893,1.878591095142858,1.0129891277797982
2025-01-13,2.6435636369235374,2.2424603807069117,1.8754173906601797,1.0102832856576798
2025-01-14,2.655825961554611,2.2513671908243458,1.9283472916535185,1.036888471538449
2025-01-15,2.6651309914837773,2.2624942115368216,1.909487316845331,1.0302364965722381
2025-01-16,2.6898890389456485,2.2699122253451396,1.9173239706367915,1.0314170796445767
2025-01-17,2.6856461638602527,2.277330239153457,1.9257958225675915,1.0346630045974892
2025-01-20,2.69862711621263,2.2736212322492984,1.9437588177713787,1.0393690529823971
2025-01-21,2.69862711621263,2.272105484761132,1.942969248249132,1.0401642503161792
2025-01-22,2.6887915988611724,2.263824484105112,1.9233758523599105,1.0305051809955978
2025-01-23,2.708080886727415,2.280065074179496,1.9322726494412048,1.0323289782935554
2025-01-24,2.712455815462031,2.2837485395658925,1.9500286819075379,1.0402320999180377
2025-01-27,2.7002394168344415,2.273462959109438,1.9287739117735865,1.0359494330487269
2025-02-05,2.723080151686518,2.291935864228797,1.9302080301914122,1.0299786680851757
2025-02-06,2.7248219255888575,2.282445446571535,1.9517820244034136,1.042937942040156
2025-02-07,2.7276602817613456,2.287200541251892,1.9738703538090945,1.0564725806188968
2025-02-10,2.7271577482957077,2.310951325688568,1.9845407980809902,1.0587414713050465
2025-02-11,2.747807757222725,2.335538631839845,1.979529169457031,1.0538780118438265
2025-02-12,2.7413238217956004,2.3252949168071857,1.9888904128429636,1.0638437613648084
2025-02-13,2.7381164637602198,2.3225743139813706,1.9926811117622831,1.0598487768073777
2025-02-14,2.7473985989059044,2.33044777332965,2.0078035418835327,1.0690410408671722
2025-02-17,2.734495651105509,2.3195030032541335,2.006075759614218,1.0713180735055448
2025-02-18,2.738028840706271,2.3224999887811433,1.9926160191668458,1.0619222606401746
2025-02-19,2.7662222775024974,2.3456405653340133,2.013603321182033,1.0693531490357215
2025-02-20,2.7727344821147346,2.3525271797844214,2.017886546850245,1.0662972029680131
2025-02-21,2.7721517979317807,2.376012500951554,2.0315595951158585,1.0797422800723007
2025-02-24,2.7612375929840636,2.3758618152272417,2.0245425952754283,1.0773756859594747
2025-02-25,2.7576139216021947,2.3632350054287254,1.998043755294904,1.065415158143852
2025-02-26,2.762845791421065,2.378079676690161,2.0200401926500744,1.0747214095347688
2025-02-27,2.7534451686063113,2.369988226152671,2.0294243120966167,1.0769414485075801
2025-02-28,2.6888752097305604,2.31441056510335,1.9760978146811936,1.0557533748391965
2025-03-03,2.6918505213904,2.316971521712674,1.9833327871477273,1.0553245653554504
2025-03-04,2.7176169407136563,2.339149595611687,1.9823030374221322,1.0544425205312895
2025-03-05,2.7334158606440524,2.351968571600692,1.990703744843655,1.059151282900272
2025-03-06,2.7660041541024274,2.3663269887256746,2.01181740822408,1.0737172354272624
2025-03-07,2.7562623795150283,2.3620517437268664,2.006266133123119,1.070398032904343
2025-03-10,2.7612582369817265,2.366333075550835,2.000818646172532,1.0662700631272697
2025-03-11,2.765378318141037,2.3657840031561936,1.99986725859347,1.0696951110290884
2025-03-12,2.7699395014411357,2.3704746948411803,2.0022753863505067,1.065843967627598
2025-03-13,2.755679838628054,2.358271478908922,1.9905234666403138,1.0615965825512537
2025-03-14,2.8267825370575923,2.419120153500715,2.038727543488678,1.0873740032893486
2025-03-17,2.8267825370575923,2.419120153500715,2.0343067801864247,1.084722440848717
2025-03-18,2.830420609820858,2.4222335642516812,2.0438175387729034,1.0876888254419723
2025-03-19,2.8246910134447023,2.416522846253371,2.0395425699356924,1.088353751540186
2025-03-20,2.806343700113327,2.4145973482628484,2.0347854219670642,1.0788059555666527
2025-03-21,2.7575920443947233,2.380699184666543,2.0021971690661915,1.062443345582448
2025-03-24,2.7623915292951597,2.386014882556091,2.007852085948337,1.0679120234922461
2025-03-25,2.755025151883706,2.378479110871951,2.00880499807593,1.0672199575532892
2025-03-26,2.745883285152934,2.3740999817480524,2.0041457695240035,1.0637080621610913
2025-03-27,2.761992119732183,2.388027734645404,2.011478357274136,1.0672498113781068
2025-03-28,2.764953489275285,2.390588144775085,2.004953664443493,1.0625709028339423
2025-03-31,2.774249682562954,2.398625664954444,1.9823544647403908,1.055009743202827
2025-04-01,2.7808456161876873,2.4043285314902367,1.9933426696176457,1.0551101606135775
2025-04-02,2.7769067413772235,2.400121524154211,1.9951516297099074,1.0542172598531192
2025-04-03,2.796986318335973,2.4174765991866205,1.987675279619686,1.0480049503069517
2025-04-07,2.687934322586642,2.296875700732935,1.8298369971308646,0.9741682995804181
2025-04-08,2.724817930629625,2.302439837604865,1.84749435774408,0.9908104499242799
2025-04-09,2.750192755979719,2.3112996349597656,1.8684757660643125,1.0005889345441321
2025-04-10,2.7836782184330695,2.348904300940256,1.9169053106126863,1.0137056195754244
2025-04-11,2.797460433016958,2.3605339149158255,1.9226286095424194,1.0178851550499102
2025-04-14,2.797812127470237,2.3608306793221616,1.9313575420865032,1.0202246093219924
2025-04-15,2.797812127470237,2.3608306793221616,1.9292279855779062,1.0207918319935299
2025-04-16,2.841070705157362,2.397332836255747,1.9250325704747155,1.0239373395356917
2025-04-17,2.8742734549648117,2.424550642391234,1.9330378464102833,1.023774500491231
2025-04-18,2.8613516562901284,2.4266858697293148,1.9308982567484783,1.0238559200134614
2025-04-21,2.896583778707069,2.446060773188415,1.9442484446418418,1.0272104043293475
2025-04-22,2.9616193385053284,2.511709299984514,1.9525092201432286,1.0269580038104336
2025-04-23,2.842857660770779,2.4109891275540574,1.949647627863843,1.0277532011442156
2025-04-24,2.846591176933649,2.4385711214981387,1.9415878656086143,1.0270692771574816
2025-04-25,2.8219082662706136,2.417426169730869,1.949845682255895,1.0277830549690334
2025-04-28,2.8191341028174577,2.4150496448058996,1.9423280040349198,1.026325645521112
2025-04-29,2.8317139069353403,2.4258263054252924,1.9432837815131723,1.0245506999364928
2025-04-30,2.7949593006237365,2.3943399710827338,1.9418113371915373,1.0233266931189648
2025-05-06,2.8298807019702177,2.4226596387639114,1.9709417698323677,1.0336316906492393
2025-05-07,2.8571669966332656,2.429026681178534,1.9780541051268115,1.0398982798768936
2025-05-08,2.8422181386783447,2.4275355902671194,1.9929601206878163,1.045670924003018
2025-05-09,2.846845274435249,2.414334705957907,1.984038063556241,1.043841698736912
2025-05-12,2.809038564283386,2.4083629949488143,2.0045759369529548,1.0559053579473596
2025-05-13,2.8063307375759408,2.398014825856864,2.002060664321743,1.0574387589493626
2025-05-14,2.8303973746331947,2.4185798119075326,2.0257752035683283,1.0701809141783956
2025-05-15,2.8230073031589566,2.4122649821114295,2.002341127216167,1.060407857526692
2025-05-16,2.8064373447626805,2.398105921895874,1.9964334689902303,1.0554928323680597
2025-05-19,2.803962532289345,2.3959911900423503,1.9922033145379785,1.052252335383296
2025-05-20,2.8348835259281584,2.421614572788636,2.0049579508011877,1.0579571299075619
2025-05-21,2.851682143127755,2.418023195244246,2.01287424260798,1.0628992949069376
2025-05-22,2.851682143127755,2.418023195244246,2.0078445276884973,1.0622180849042777
2025-05-23,2.8441974130932985,2.4110748527291763,1.9932681297723804,1.053641895229359
2025-05-26,2.8274766758029206,2.4081413567551992,1.9886257215108807,1.047627706520618
2025-05-27,2.821520927060272,2.4150613031826564,1.9854722549010009,1.042007045502657
2025-05-28,2.8295594482199884,2.4219418197159404,1.9881210792674036,1.041149426535165
2025-05-29,2.8455456597918527,2.4356251068329797,2.0011135270757094,1.047245034766136
2025-05-30,2.83368921954272,2.425476668887842,1.9906548179355474,1.0422323061808274
2025-06-03,2.878952412418384,2.464219385457519,2.0062116676333748,1.0454293794204017
2025-06-04,2.887085046351769,2.471180457167851,2.0177165203796164,1.0499698747767747
2025-06-05,2.8789979733928006,2.4642583830581373,2.0216055734285274,1.052363608730344
2025-06-06,2.8537436052051444,2.442642081452364,2.0159932667873677,1.0513920024317298
2025-06-09,2.879453007053839,2.464647865969953,2.0246974802654107,1.0544506624835126
2025-06-10,2.8911581005784486,2.4746667597340584,2.017390807870972,1.0490824019844651
2025-06-11,2.8993252138569185,2.4816573438011034,2.030134651148222,1.0569963795452448
2025-06-12,2.8912038547144623,2.4747059226700077,2.0276778392119295,1.05633688141518
2025-06-13,2.8830366121870203,2.4677152279731995,2.0133550996564757,1.0487322980388751
2025-06-16,2.8775390571550825,2.4630096338050276,2.019437665166716,1.0513431507183917
2025-06-17,2.8661202513727213,2.4532357860518332,2.0137184060302133,1.0504149681649668
2025-06-18,2.877630774470604,2.4622703933442405,2.0161445727844667,1.0516606868550895
2025-06-19,2.8435772724059416,2.4520318000702215,1.9960559564395108,1.0430085056260892
2025-06-20,2.862962668951648,2.465465424818928,1.9983995418706904,1.04397196997248
2025-06-23,2.866102508369242,2.4703785234947655,2.0011763902971995,1.0470279160401887
2025-06-24,2.9171370971934807,2.481558371765663,2.0336601240447467,1.0595475245751258
2025-06-25,2.9264990720635438,2.491767181283068,2.0622876355150117,1.0747566913277353
2025-06-26,2.914947005252815,2.4819311757877145,2.0586155219489024,1.0709435437032855
2025-06-27,2.8878296226085647,2.4588420845386296,2.0512128542855095,1.0643594183389333
2025-06-30,2.892843215703371,2.463110907602065,2.0643332725437715,1.0682458435333901
2025-07-01,2.9065539237988443,2.474784887884711,2.0659826279137787,1.0700587848950502
2025-07-02,2.9065539237988443,2.4739599595887496,2.0600862507926636,1.0703084714298896
2025-07-03,2.9115609073023734,2.4782217338516066,2.0720316320820125,1.0769278785872085
2025-07-04,2.938861540458928,2.508230202981173,2.0762959198929263,1.0807627380842528
2025-07-07,2.93385069384263,2.503953595644462,2.067814526689676,1.0761408232056495
2025-07-08,2.9620169268201093,2.51253612724907,2.08973090314391,1.0851729622050577
2025-07-09,2.969610971284604,2.51216874797972,2.0854099612326027,1.0832596034326472
2025-07-10,2.9856598892322115,2.525745472505838,2.103978466116164,1.088313041779071
2025-07-11,2.9805933674889347,2.5214594034861935,2.114587262358869,1.0896130401506805
2025-07-14,2.9917566385282193,2.5309030716640444,2.111928212244372,1.090389239595942
2025-07-15,2.976795699580687,2.5182467326257476,2.111423226802106,1.0907664833822754
2025-07-16,2.9670169677980343,2.5082954965607946,2.1065044937238206,1.0875476982701064
2025-07-17,2.986073216263821,2.536576165017266,2.1279740649414536,1.0949541608089843
2025-07-18,2.9974042117823068,2.549768225096312,2.136204157798552,1.10148400649185
2025-07-21,3.0100436323127173,2.565339544487036,2.149526019375197,1.108828047397018
2025-07-22,3.0149054476598494,2.5796993855806742,2.1579358847916263,1.1178791842849467
2025-07-23,3.0090888118971924,2.5788394857854806,2.1587196799516413,1.1180990169949685
2025-07-24,3.0289021029481558,2.595819807902783,2.176949154367018,1.1260428483805658
2025-07-25,3.0239770588783217,2.591598962686681,2.1709697813051254,1.1201046512259065
2025-07-28,3.03942860306264,2.604841194720954,2.1818237578832638,1.1224549614342862
2025-07-29,3.0509404059285714,2.6147070024916874,2.191559484901689,1.1268516156347197
2025-07-30,3.044400340749732,2.6082304881478953,2.1855481183243266,1.1266399248769208
2025-07-31,3.025976836365359,2.5601482609785595,2.1632278216272662,1.1061086353545277
2025-08-01,3.00355453432624,2.554511825526543,2.1532684637062443,1.1005015442569384
2025-08-04,2.9992428944154566,2.568062918648492,2.1619904448060656,1.1047814971421748
2025-08-05,3.0309780190801154,2.5851346371075925,2.17719002904827,1.1136697949856431
2025-08-06,3.0316148012585242,2.6008069913354936,2.1861701578210146,1.1163946349962819
2025-08-07,3.019728402865887,2.5906097103258694,2.185640283835413,1.116714885117054
2025-08-08,3.0100791106708793,2.5823316313984948,2.17808259989714,1.114082320564943
2025-08-11,3.056277762027785,2.6219652205304094,2.193717984239788,1.1188426486313379
2025-08-12,3.0794393074709867,2.6418353931175753,2.201983522224324,1.1246288626778338
2025-08-13,3.1416766620460983,2.6952285045491395,2.225893469777096,1.1335171605213021
2025-08-14,3.110508785790179,2.6684897412874538,2.218731035956949,1.1326296877289925
2025-08-15,3.1829650329594608,2.7306495889453988,2.2419086790108804,1.14051109748088
2025-08-18,3.242302335667629,2.7815547605609776,2.2647750878031108,1.1505691224603893
2025-08-19,3.2389972364467647,2.7787193326704975,2.2534055536488955,1.1462158920051457
2025-08-20,3.2730807064917817,2.8079593690845086,2.272757754323961,1.1592511575142077
2025-08-21,3.2484948972268333,2.7868673277745857,2.2700767861623836,1.1637753689661348
2025-08-22,3.3248968717566187,2.852412194961015,2.2977947375075374,1.1881822277466876
2025-08-25,3.394812376726221,2.9123923527476197,2.3410085445777407,1.2129391904728304
2025-08-26,3.3882093068374286,2.906727612516137,2.331065607533751,1.2084258349572006
2025-08-27,3.344443414519262,2.869181075048425,2.2973278647767104,1.1903886967991273
2025-08-28,3.4298915031550834,2.9424865577331123,2.322216784494412,1.2114627831363884
2025-08-29,3.4609409714538875,2.9691237394077947,2.3443801660767187,1.2204135026135667
2025-09-01,3.508365026811859,3.009808596428974,2.362094709722498,1.2277276896939169
2025-09-02,3.4185186475131695,2.9327298424496733,2.342609235182805,1.2187009786626573
2025-09-03,3.3875381910484053,2.9061518656780616,2.3233084284878878,1.2103907594270238
2025-09-04,3.2879904628951913,2.8207503736267086,2.2898445316291545,1.1847110421156049
2025-09-05,3.427393814141853,2.940343802972483,2.3416882721439922,1.2105237446466663
2025-09-08,3.4258165820945288,2.93899070358336,2.3484667605883462,1.212491383100564
2025-09-09,3.387128167316034,2.9058001083936857,2.3384229896797284,1.203993898963801
2025-09-10,3.399912658186694,2.915799258357744,2.335287554672454,1.2064636244714515
2025-09-11,3.5264270842988954,2.989140424841744,2.3774351346483886,1.2343280989627152
2025-09-12,3.5077858080019593,2.974270762466061,2.366988528556312,1.2272635984172044
2025-09-15,3.524311081009258,2.987198759770421,2.3658580346104534,1.2302652648034262
2025-09-16,3.537802331309793,3.004098331864849,2.3729050861089225,1.2276272722831663
2025-09-17,3.580951641061488,3.0206781505479947,2.387657666945894,1.2351395802009435
2025-09-18,3.535140926726156,2.982034952391676,2.351061958725447,1.2207798904636027
2025-09-19,3.532306263838048,2.979643799114962,2.350167000492035,1.221813918395927
2025-09-22,3.572379015934359,3.013446793073789,2.3598157325824145,1.2274291514457392
2025-09-23,3.582859183300696,3.022287239902106,2.3520406136042453,1.2266610939527007
2025-09-24,3.6425885930463875,3.072671422948615,2.3784481528432497,1.2392241262328272
2025-09-25,3.6575521302251217,3.0852937743069586,2.380372482668722,1.2466658705646716
2025-09-26,3.6118005626701475,3.046700468862134,2.3519100444801,1.2348763237457323
2025-09-29,3.677588669479979,3.102195408957854,2.397357534410249,1.2538742122661226
2025-09-30,3.703425393245014,3.1239897348191357,2.4038195160759726,1.259475875395563
2025-10-09,3.789539449944428,3.1966304391906317,2.430378309513057,1.2781453718429578
2025-10-10,3.754549963998976,3.1671153866882746,2.399892580348442,1.2530003093941844
2025-10-13,3.7689659235982185,3.179275834118306,2.3901119521956344,1.2467988557843142
2025-10-14,3.736220915000912,3.1516540894191594,2.3716967740675265,1.231893655248031
2025-10-15,3.8016635498236235,3.206857609862306,2.4010271365754416,1.2501397701798287
2025-10-16,3.8091202790942047,3.2120787113224827,2.4040409571393124,1.2534318328620049
2025-10-17,3.785500429166235,3.203423585090841,2.376628308991171,1.225154832791441
2025-10-20,3.793038120648023,3.2068103192856383,2.3752103614810096,1.2316656805857864
2025-10-21,3.863332217193143,3.264338076494817,2.412398360394538,1.2505685796635746
2025-10-22,3.81801022534996,3.230536182497686,2.3993782304663003,1.246416184029832
2025-10-23,3.806800150869589,3.222232041349996,2.4026215200810377,1.2501533401002003
2025-10-24,3.835740593212996,3.2467284207011597,2.4209320679693542,1.2649011295601718
2025-10-27,3.8705978032678274,3.2762329953201053,2.4415278706672137,1.2799203174275775
2025-10-28,3.8202185057385267,3.233589888173402,2.429834360402463,1.2733931857287863
2025-10-29,3.8673144895907177,3.273453863736387,2.4528799083696797,1.288556214752132
2025-10-30,3.8404990670679746,3.2496650371750873,2.4272918575220164,1.2782620731581547
2025-10-31,3.8346758598740833,3.2101290108275276,2.4199634356937714,1.2594704474274145
2025-11-03,3.8388907868469846,3.215815648806523,2.425319073742029,1.262925349154051
2025-11-04,3.8043633818602185,3.1706047903167764,2.397699443164861,1.2535078244160862
2025-11-05,3.7912041666282352,3.1734602980846427,2.3990069730021273,1.2558309947837227
2025-11-06,3.8340585786144543,3.224530451948669,2.4232957450255665,1.273781285451417
2025-11-07,3.818520028874705,3.211462178267507,2.4200421990607164,1.269816154718804
2025-11-10,3.82695364759197,3.218555043391068,2.441309243817148,1.2742290928236835
2025-11-11,3.804603628160545,3.1997581688048906,2.431522900626108,1.2625915291129073
2025-11-12,3.804603628160545,3.1997581688048906,2.4330071133184177,1.2608925750823694
2025-11-13,3.846814311223281,3.2352583131408523,2.46079678372397,1.2761343096438709
2025-11-14,3.7564934907318395,3.15929644919226,2.425063075475255,1.2560698253822649
2025-11-17,3.7443102401524753,3.149050058405222,2.404773737396681,1.2479034473025714
2025-11-18,3.680355870584882,3.0952629792624697,2.3825790877384385,1.2397994908565875
2025-11-19,3.6870684360568293,3.1009083994695903,2.383983129832147,1.245254598846014
2025-11-20,3.710483280762888,3.120600816326095,2.3811326238603474,1.238920160016501
2025-11-21,3.676476648359333,3.092000465156418,2.326457060132919,1.2087026613327831
2025-11-24,3.684803888785968,3.099003863718494,2.3294769454218245,1.2071936861874495
2025-11-25,3.741015335116923,3.146278968343459,2.35335371174403,1.2186874087422854
2025-11-26,3.7263446867439156,3.133940619447994,2.36138849610005,1.2260775873767173
2025-11-27,3.7263446867439156,3.132895972574845,2.360302185022808,1.225472368928139
2025-11-28,3.742887837406486,3.1471023106755016,2.371592323633554,1.2285283149958477
2025-12-01,3.7676478451511817,3.1502769719173087,2.385532508848235,1.242052097638291
2025-12-02,3.753937336253251,3.1445450269174593,2.372971205849368,1.2360379089295503
2025-12-03,3.736293641090874,3.1454741688467567,2.361903127710781,1.2297197540044835
2025-12-04,3.7240993640424787,3.1398169240961935,2.361092915909273,1.2339318572878615
2025-12-05,3.7460219504386085,3.1583000259304614,2.3797701832513356,1.244236854818136
2025-12-08,3.7292724043336625,3.1441783543018738,2.392909936076867,1.2543355895587605
2025-12-09,3.6957519120005276,3.1159169684355827,2.3772670094279214,1.2479495850318352
2025-12-10,3.7179790642227615,3.1346568520691056,2.380329561295311,1.2462153492083308
2025-12-11,3.712096425389971,3.1286522682374964,2.368790575652029,1.2354544023535672
2025-12-12,3.7446944181486095,3.149010976333915,2.375895262402895,1.2432625345354473
2025-12-15,3.7596933583309573,3.131420809668484,2.364240291818315,1.235421834544675
2025-12-16,3.7124292393498535,3.0842617455938206,2.3451571321224596,1.2206279073554398
2025-12-17,3.7489842979888985,3.140440530137469,2.368916217742508,1.242972138239493
2025-12-18,3.7403066854038456,3.109904997364074,2.3651964027368435,1.235619955382102
2025-12-19,3.7525189549602094,3.120058977055286,2.376564524277663,1.2397967768725133
2025-12-22,3.8184920544205627,3.174912786905693,2.3992744970774087,1.2515863236914526
2025-12-23,3.842655055576308,3.1950032886655646,2.4038292012605993,1.2540587631831777
2025-12-24,3.853458161046779,3.2039856087038587,2.4046293442994515,1.257676503954275
2025-12-25,3.85090676227949,3.200796234575634,2.4148716065393505,1.2599779624493164
2025-12-26,3.8711566162465876,3.221601839600073,2.423602501171543,1.2639675190385982
2025-12-29,3.845593793770167,3.2026063874162856,2.403086033812244,1.2591176294977502
2025-12-30,3.8295258773014123,3.1869369564808236,2.401056001262817,1.2623499845302908
2025-12-31,3.8000446136633728,3.176999577591074,2.39414560985802,1.2565583425156461
2026-01-05,3.8851111297591934,3.247999261866269,2.440961609052186,1.2803898366724384
2026-01-06,3.941717496259292,3.2953228596910367,2.4747668270839562,1.300185636510685
2026-01-07,3.9444410200251117,3.2975997580565166,2.4720169377245362,1.2963806308384582
2026-01-08,3.9589179663775553,3.3097026579469837,2.4583281769861016,1.2857906649803779
2026-01-09,4.032770216502438,3.3714440202610265,2.474617650128417,1.2915633091065022
2026-01-12,4.138325859427239,3.4585659825692345,2.5025461188636626,1.2999766597369606
2026-01-13,4.0926010649264795,3.3986475231028463,2.499871158508268,1.2921359597461881
2026-01-14,4.1191370748074325,3.412485836529129,2.492647910611026,1.2869522501641961
2026-01-15,4.108847044323785,3.4165262405483805,2.477966260708496,1.2895305350348205
2026-01-16,4.110828677393984,3.4193278200814254,2.474705651159666,1.2842219821854086
2026-01-19,4.140081267214122,3.4149735858543515,2.472884837170621,1.284924904060663
2026-01-20,4.138002086029268,3.413258559416897,2.462221593004328,1.280696516872839
2026-01-21,4.208531828233171,3.471435486655216,2.463150940868883,1.281833676199988
2026-01-22,4.218379300873726,3.479558239998545,2.4775598224805737,1.282007371180746
2026-01-23,4.328265834135917,3.570198878264083,2.487637523155094,1.2762510109590677
2026-01-26,4.318308819587656,3.561985768549172,2.4821093242048007,1.277461447856224
2026-01-27,4.336794084891681,3.5772334626562086,2.477938425641302,1.2771167718787826
2026-01-28,4.399334430341543,3.628820282811843,2.4917624981930118,1.2804549722902225
2026-01-29,4.449711003575038,3.6703737345038685,2.537293347615193,1.2901927471489598
2026-01-30,4.299096497685444,3.5461383569684966,2.4861588449159377,1.277293180843615
2026-02-02,4.029358672997107,3.3236433171461677,2.4139503597012935,1.2500556366735238
2026-02-03,4.236722237399581,3.494688533265698,2.4601018059091437,1.2647464324679343
2026-02-04,4.419690088342941,3.6456107827829305,2.484262034256334,1.2752142690426693
2026-02-05,4.277381759831439,3.5282268109361943,2.4663289346024606,1.2675445500485805
2026-02-06,4.212326523940466,3.4745655666634003,2.4451119789309232,1.2602656447611966
2026-02-09,4.358700804695155,3.592986989232745,2.481941012100908,1.2807453685861774
2026-02-10,4.338371043479225,3.580890037134593,2.4859655588126377,1.2821674962411322
2026-02-11,4.374964613667897,3.58088463291023,2.488585651010986,1.279323240931222
2026-02-12,4.358700804695155,3.610594324408562,2.487577345051263,1.2808864957580428
2026-02-13,4.301777473290554,3.5551824257043614,2.4566865364251567,1.2648278519901646
2026-02-24,4.449349854639568,3.620729806004773,2.469035102282954,1.277618858932536
2026-02-25,4.4962140898471326,3.6588663290463836,2.478233520821301,1.2853130037832938
2026-02-26,4.508039626308527,3.668489549008086,2.4815029238172097,1.2828649901482378
2026-02-27,4.543545559638859,3.697383071724691,2.482046302078667,1.278462907979656
2026-03-02,4.592017298841965,3.7368277269249486,2.474748365340598,1.2833535072816193
2026-03-03,4.453948688024456,3.621980961946422,2.442164923448054,1.2636038451726366
2026-03-04,4.3925858976258505,3.531913939802106,2.395307069025743,1.2491437380245454
2026-03-05,4.41243704264921,3.5254805810775123,2.4106808417197088,1.2613756642476022
2026-03-06,4.4227994424169585,3.496530466816839,2.4309842382935187,1.2648359939423874
2026-03-09,4.407635959907628,3.496530466816839,2.414199445266388,1.2526284935759997
2026-03-10,4.463603473053465,3.5231495607663015,2.4417883841793326,1.2687224191368447
2026-03-11,4.467629554922143,3.526327371844923,2.4519405391025253,1.276793807773936
2026-03-12,4.451951901158622,3.5139529037040487,2.444285947300707,1.2721963187520018
2026-03-13,4.389238904237916,3.464453151118639,2.4294265658747722,1.2671971600870648
2026-03-16,4.361308108378522,3.4424072028712334,2.4332332208399685,1.2678539442330554
2026-03-17,4.290964419813142,3.3845895604975955,2.4140890390497183,1.2585938305714022
2026-03-18,4.314728521538847,3.378227550045532,2.420973241651582,1.2642633433027015
2026-03-19,4.180882038508682,3.276339442975356,2.3840389882568758,1.243886750872546
2026-03-20,4.102244628566628,3.2267469407124847,2.359678501426532,1.2394819547198899
2026-03-23,3.850351615151423,2.977814821927721,2.2595325939828217,1.1990381640440535
2026-03-24,3.9541304234069075,3.082545500998691,2.3021233553039306,1.2144318817137183
2026-03-25,4.09869003028415,3.1952407128631597,2.3350681856312994,1.2314621317802108
2026-03-26,4.017906720558631,3.1322639768212506,2.3074821244556403,1.215194511238608
2026-03-27,4.034913733132425,3.1455222370406,2.3287380407819285,1.221990327360759
2026-03-30,4.107193536571046,3.2018698429728345,2.3283684384435115,1.2191080762738085
2026-03-31,4.124200549144838,3.214060813244526,2.301857508629361,1.2077364830023178
2026-04-01,4.260256649735184,3.2847480613708666,2.3565764177549213,1.2283681899354615
2026-04-02,4.141207561718632,3.2372416003036353,2.3231129623602302,1.2155690410408673
2026-04-03,4.179473340009666,3.24386155845232,2.3090061751737756,1.2052233337494775
2026-04-07,4.1837250931531145,3.2325454425545312,2.3056014219397833,1.2051771960202138
2026-04-08,4.294338702933065,3.2884448259391936,2.3904027991273544,1.2472276652680603
2026-04-09,4.233246838247405,3.2416629486281834,2.3610327902236707,1.2392648359939424
2026-04-10,4.2947802769739525,3.2887829669128044,2.390359295978069,1.2583577139569344
2026-04-13,4.29666070761489,3.29022293074414,2.390433689452548,1.2609577107001535
2026-04-14,4.389765270775342,3.3615189416496607,2.423580540369263,1.275919904901998
2026-04-15,4.394796346686339,3.36425104610845,2.420746108133636,1.2715693884308288
2026-04-16,4.4725522505038,3.438120286203488,2.4503827895633914,1.2855084106366463
2026-04-17,4.4433377876402025,3.443408909359806,2.442092316817285,1.2833535072816193
2026-04-20,4.4433377876402025,3.4506734851179486,2.4455169786862943,1.2911616394634995
2026-04-21,4.447373516784291,3.45621898391443,2.4443416702874323,1.2940276066460041
2026-04-22,4.447158501915593,3.495571652487822,2.4513429794493495,1.3026119382731463
2026-04-23,4.414809231522245,3.4701443616644925,2.4548371048205695,1.299002339454272
2026-04-24,4.371866339480235,3.4363902339370376,2.4393348133740314,1.294399422464189
2026-04-27,4.368300953834359,3.433587756582443,2.440429096780677,1.294828231947935
2026-04-28,4.3278698120006895,3.401807923862154,2.43495532022101,1.291370616237224
2026-04-29,4.40091515932953,3.458089356680626,2.452935243863547,1.3055213292008403
2026-04-30,4.405294179388565,3.4660389873856388,2.456477251365086,1.3046962780422406
2026-05-06,4.497007155901598,3.545781398690025,2.485094007750256,1.3236344589129951
2026-05-07,4.553090569546844,3.6008447608570187,2.5041312292605147,1.3299906096151028
2026-05-08,4.5398376291186535,3.583485172110344,2.5043969167060474,1.3222286151624862
2026-05-11,4.640244218092248,3.676750570960816,2.5338643597074366,1.3439214898686975
2026-05-12,4.6088633634900456,3.651885591952594,2.5191869298021925,1.342892889904522
2026-05-13,4.663334264660582,3.695046233411647,2.5291207542202816,1.3565415158143852
2026-05-14,4.618237844021551,3.6593135688061156,2.503111226601793,1.33381461317585
2026-05-15,4.5626105201814005,3.615236622620213,2.4734327637020095,1.3188849867828976
2026-05-18,4.518622031540161,3.5791767617289785,2.447293641995872,1.3118096303010895
2026-05-19,4.542046994060074,3.592811720821279,2.4614501435972445,1.3170639034690146
2026-05-20,4.556284503841733,3.607128867784769,2.4594416848292733,1.316472254940808
2026-05-21,4.516014083504187,3.565585314687539,2.437517595130911,1.2981257225982599
2026-05-22,4.591332080420649,3.6435681817456045,2.455556596279551,1.314952423859177
2026-05-25,4.690237524325227,3.726662893722739,2.480258487023374,1.335714402027889
2026-05-26,4.673469329493701,3.713339600574094,2.4665709781341842,1.3428386102230354
2026-05-27,4.699635197491916,3.7341298844019954,2.465752707195451,1.3320695214160483
2026-05-28,4.73050308056247,3.7586561890614503,2.4542200438251136,1.3337087677969506
2026-05-29,4.731251913273936,3.7592511796274826,2.466779658764572,1.3277135769767303
2026-06-01,4.745501331396022,3.76932007639709,2.4670539055846032,1.3147244491969323
2026-06-02,4.794202605179656,3.789943460653472,2.4781048041728355,1.3338037572395527
2026-06-03,4.8077662270981625,3.7770025881639873,2.4638230392849625,1.3403851686198307
2026-06-04,4.738072374505478,3.716242553791127,2.439391310733763,1.3311413388626236
2026-06-05,4.634643503888697,3.6738212095551845,2.4201422680092213,1.3073044167376826
2026-06-08,4.473925613515088,3.5886487393141633,2.3634904701067625,1.2792743892178842
2026-06-09,4.493920811787781,3.60468739289769,2.3935063089601134,1.3032035868013527
2026-06-10,4.442065531999056,3.5630929631918318,2.390363761861247,1.2887597635577075
2026-06-11,4.345854452683503,3.4859196263239123,2.363294169662928,1.2816545532510815
2026-06-12,4.415029799460207,3.5414069192399866,2.398290539430938,1.2965570398032904
2026-06-15,4.488628315586127,3.5969007410945135,2.4556386850619005,1.3276023036296825
2026-06-16,4.476627643577771,3.619362997088336,2.455290477761637,1.325572243542075
2026-06-17,4.479962189308556,3.6593353497918564,2.4637283440357365,1.3383713924366694
2026-06-18,4.425490075211233,3.6833418162979066,2.456582129947386,1.341142370176572
2026-06-22,4.362576261945978,3.742090476795997,2.4967624503538586,1.373183666158247
2026-06-23,4.317063844061561,3.610137765409831,2.4526125762719713,1.3351146115474595
2026-06-24,4.335721919400556,3.6257405512022682,2.4560191935017692,1.3415277559151284
2026-06-25,4.454104349311403,3.724737669711419,2.480904868398312,1.3624471451601523
2026-06-26,4.301180401937749,3.5968552622254624,2.431537241030848,1.3212271550390544
2026-06-29,4.35477960242044,3.641677508281543,2.468400832222289,1.3371582415554386
2026-06-30,4.432028963872809,3.7050632712869143,2.4729897932580123,1.3514093719298057
2026-07-01,4.452984912315236,3.6802901678735322,2.4897514004206376,1.345859274497777
2026-07-02,4.292282383720775,3.535208011006597,2.452042313078668,1.3060505560953368
2026-07-03,4.30050514690798,3.5419804401464563,2.4619852303804444,1.314157226525395
2026-07-06,4.260922656819372,3.492464622653283,2.4621652620518075,1.314111088796131
2026-07-07,4.1933466944137665,3.433389094469123,2.4215793216072488,1.3006117320103567
2026-07-08,4.165836510099281,3.4108645636598727,2.402930184458113,1.2906432685053004
2026-07-09,4.22362864806456,3.458183068590642,2.4350351830120363,1.3234227681551967
2026-07-10,4.197556866286384,3.4368362595252675,2.4252418220935406,1.2974987922770869
2026-07-13,4.177896178388087,3.4207386658038375,2.3833727539767393,1.2743186542981366
2026-07-14,4.208310615685669,3.444500867421726,2.4146288779750376,1.3017624612578773
2026-07-15,4.272690686297891,3.4755324067678677,2.435158935686318,1.2991244687376173
2026-07-16,4.244614463150175,3.47276416112329,2.4009433521081327,1.2751464194408109
2026-07-17,4.134989704250394,3.3979917270321187,2.319818585347884,1.229190527109987
2026-07-20,4.239728571994361,3.4636435260100753,2.347876402596705,1.2479767248725784
2026-07-21,4.290459426762172,3.5029647611675365,2.3999219333269144,1.2862194744641238
2026-07-22,4.282078313645353,3.496121963931313,2.3874842673583587,1.280251423484647
2026-07-23,4.309009623794066,3.518110152383711,2.39530727192448,1.2831716703486384
2026-07-24,4.206814138889269,3.4346721923044354,2.3413810219368023,1.2617827618587534
