date,open,high,low,close,volume
2018-04-27,3082.41,3088.03,3049.91,3082.23,0.0
2018-05-02,3087.41,3097.6,3064.76,3081.18,0.0
2018-05-03,3074.52,3105.66,3056.16,3100.86,0.0
2018-05-04,3093.12,3104.09,3086.78,3091.03,0.0
2018-05-07,3094.9,3136.84,3091.66,3136.64,0.0
2018-05-08,3135.3,3169.7,3134.06,3161.5,0.0
2018-05-09,3160.14,3165.37,3145.66,3159.15,0.0
2018-05-10,3169.05,3176.14,3155.53,3174.41,0.0
2018-05-11,3179.8,3180.76,3162.21,3163.26,0.0
2018-05-14,3167.04,3183.82,3163.48,3174.03,0.0
2018-05-15,3180.42,3192.81,3164.52,3192.12,0.0
2018-05-16,3180.23,3191.95,3166.81,3169.57,0.0
2018-05-17,3170.01,3172.77,3148.62,3154.28,0.0
2018-05-18,3151.08,3193.45,3144.78,3193.3,0.0
2018-05-21,3206.18,3219.74,3203.34,3213.84,0.0
2018-05-22,3211.25,3214.59,3192.23,3214.35,0.0
2018-05-23,3205.44,3205.44,3168.96,3168.96,0.0
2018-05-24,3167.94,3173.53,3152.07,3154.65,0.0
2018-05-25,3148.41,3156.73,3131.07,3141.3,0.0
2018-05-28,3136.81,3149.66,3115.96,3135.08,0.0
2018-05-29,3129.62,3143.21,3112.15,3120.46,0.0
2018-05-30,3081.14,3085.4,3041.0,3041.44,0.0
2018-05-31,3061.83,3098.08,3054.27,3095.47,1404755.0
2018-06-01,3084.75,3102.09,3059.79,3075.14,1298722.0
2018-06-04,3083.43,3098.4,3076.99,3091.19,0.0
2018-06-05,3088.01,3114.77,3080.05,3114.21,0.0
2018-06-06,3109.17,3117.53,3103.53,3115.18,1201961.0
2018-06-07,3121.18,3128.72,3105.58,3109.5,1277850.0
2018-06-08,3100.6,3100.68,3053.29,3067.15,1346882.0
2018-06-11,3057.34,3063.61,3037.91,3052.78,1085638.0
2018-06-12,3053.03,3081.45,3034.1,3079.8,1132751.0
2018-06-13,3071.46,3071.46,3044.12,3049.8,1196079.0
2018-06-14,3038.07,3066.05,3032.41,3044.16,1154695.0
2018-06-15,3037.45,3048.8,3008.73,3021.9,1445326.0
2018-06-19,2982.65,2984.97,2871.35,2907.82,2305501.0
2018-06-20,2889.98,2925.56,2872.16,2915.73,1443014.0
2018-06-21,2912.0,2940.59,2872.62,2875.81,1543783.0
2018-06-22,2855.58,2891.97,2837.14,2889.76,1261431.0
2018-06-25,2903.45,2908.62,2857.87,2859.34,1219177.0
2018-06-26,2829.99,2850.24,2803.79,2844.51,1259185.0
2018-06-27,2842.4,2854.26,2798.8,2813.18,1294208.0
2018-06-28,2799.9,2825.99,2782.45,2786.9,1183579.0
2018-06-29,2789.81,2848.37,2782.38,2847.42,1256717.0
2018-07-02,2841.58,2845.68,2756.82,2775.56,1370350.0
2018-07-03,2774.57,2786.89,2722.45,2786.89,1424985.0
2018-07-04,2776.63,2793.18,2754.16,2759.13,1232622.0
2018-07-05,2755.34,2777.52,2727.94,2733.88,1292261.0
2018-07-06,2731.35,2768.87,2691.02,2747.23,1362944.0
2018-07-09,2752.45,2815.79,2752.45,2815.11,1215493.0
2018-07-10,2819.71,2828.49,2800.63,2827.63,1170627.0
2018-07-11,2780.7,2794.36,2752.44,2777.77,1268211.0
2018-07-12,2771.04,2844.19,2771.04,2837.66,1469802.0
2018-07-13,2831.43,2835.46,2818.85,2831.18,1176893.0
2018-07-16,2827.08,2837.51,2804.49,2814.04,1077672.0
2018-07-17,2806.89,2806.92,2774.76,2798.13,1054092.0
2018-07-18,2801.78,2818.4,2786.04,2787.26,1209612.0
2018-07-19,2791.02,2805.01,2764.49,2772.55,1144865.0
2018-07-20,2769.75,2837.86,2753.84,2829.27,1459077.0
2018-07-23,2815.2,2863.57,2809.62,2859.54,1733828.0
2018-07-24,2862.27,2911.46,2862.27,2905.56,2295783.0
2018-07-25,2911.45,2912.31,2894.04,2903.65,1678002.0
2018-07-26,2905.79,2915.3,2875.7,2882.23,1684282.0
2018-07-27,2879.69,2889.69,2864.11,2873.59,1463716.0
2018-07-30,2871.94,2896.01,2850.3,2869.05,1516522.0
2018-07-31,2866.9,2884.68,2854.32,2876.4,1189311.0
2018-08-01,2882.51,2897.4,2823.93,2824.53,1495143.0
2018-08-02,2815.34,2815.34,2726.48,2768.02,1741790.0
2018-08-03,2763.4,2777.66,2740.43,2740.44,1270064.0
2018-08-06,2736.53,2760.47,2692.32,2705.16,1297531.0
2018-08-07,2711.74,2779.37,2696.04,2779.37,1495797.0
2018-08-08,2771.13,2779.91,2741.07,2744.07,1476887.0
2018-08-09,2729.58,2801.66,2726.22,2794.38,1516603.0
2018-08-10,2791.4,2806.11,2777.51,2795.31,1215322.0
2018-08-13,2769.02,2789.8,2742.56,2785.87,1275322.0
2018-08-14,2780.74,2789.44,2766.57,2780.96,1095711.0
2018-08-15,2777.25,2777.7,2721.24,2723.26,1161618.0
2018-08-16,2691.43,2732.95,2672.74,2705.19,1202779.0
2018-08-17,2723.89,2730.33,2665.59,2668.97,1124453.0
2018-08-20,2673.07,2698.47,2653.11,2698.47,1107842.0
2018-08-21,2700.34,2739.17,2696.29,2733.83,1135868.0
2018-08-22,2731.96,2731.96,2709.06,2714.61,936646.0
2018-08-23,2714.87,2736.01,2700.8,2724.62,984465.0
2018-08-24,2717.08,2748.82,2705.32,2729.43,1005163.0
2018-08-27,2736.32,2780.9,2736.32,2780.9,1327626.0
2018-08-28,2782.29,2791.39,2769.4,2777.98,1187494.0
2018-08-29,2774.86,2778.54,2762.35,2769.29,1001569.0
2018-08-30,2769.33,2780.53,2736.35,2737.74,1060609.0
2018-08-31,2730.11,2744.63,2710.54,2725.25,1097587.0
2018-09-03,2716.4,2722.85,2692.36,2720.73,1022130.0
2018-09-04,2720.65,2756.61,2712.38,2750.58,1090103.0
2018-09-05,2741.38,2745.47,2704.34,2704.34,1050023.0
2018-09-06,2697.58,2719.41,2683.74,2691.59,990178.0
2018-09-07,2696.68,2728.55,2683.72,2702.3,1075233.0
2018-09-10,2698.01,2703.43,2667.32,2669.48,1035592.0
2018-09-11,2668.49,2680.57,2652.7,2664.8,998659.0
2018-09-12,2659.74,2672.07,2647.17,2656.11,900268.0
2018-09-13,2679.21,2689.06,2653.19,2686.58,1073350.0
2018-09-14,2688.78,2694.92,2675.29,2681.64,1000050.0
2018-09-17,2671.29,2671.29,2647.92,2651.79,882389.0
2018-09-18,2644.3,2700.19,2644.3,2699.95,1157680.0
2018-09-19,2694.8,2746.08,2690.99,2730.85,1415503.0
2018-09-20,2732.17,2743.96,2724.08,2729.24,1113875.0
2018-09-21,2733.87,2797.49,2722.03,2797.48,1580166.0
2018-09-25,2775.07,2790.03,2771.16,2781.14,1119832.0
2018-09-26,2785.32,2827.34,2783.34,2806.81,1395677.0
2018-09-27,2805.79,2810.51,2786.32,2791.77,1239977.0
2018-09-28,2794.26,2821.76,2791.84,2821.35,1342905.0
2018-10-08,2768.21,2771.94,2710.18,2716.51,1495014.0
2018-10-09,2713.73,2734.31,2711.2,2721.01,1167719.0
2018-10-10,2723.72,2743.55,2703.06,2725.84,1134857.0
2018-10-11,2643.07,2661.29,2560.32,2583.46,1971507.0
2018-10-12,2574.04,2615.92,2536.67,2606.91,1700816.0
2018-10-15,2605.91,2611.97,2564.74,2568.1,1185762.0
2018-10-16,2567.76,2597.72,2536.44,2546.33,1194191.0
2018-10-17,2574.31,2582.55,2517.57,2561.61,1299540.0
2018-10-18,2544.91,2544.91,2485.62,2486.42,1254285.0
2018-10-19,2460.08,2553.39,2449.2,2550.47,1473236.0
2018-10-22,2565.64,2675.41,2565.64,2654.88,2118884.0
2018-10-23,2652.65,2659.81,2583.26,2594.83,1783435.0
2018-10-24,2579.97,2640.4,2577.77,2603.3,1600604.0
2018-10-25,2540.93,2606.1,2531.53,2603.8,1620330.0
2018-10-26,2610.9,2626.12,2580.85,2598.85,1589361.0
2018-10-29,2593.59,2595.54,2529.19,2542.1,1342419.0
2018-10-30,2538.57,2586.92,2521.78,2568.05,1666823.0
2018-10-31,2573.01,2612.92,2567.03,2602.78,1805503.0
2018-11-01,2617.03,2636.8,2603.65,2606.24,2009039.0
2018-11-02,2649.25,2676.48,2628.87,2676.48,2250269.0
2018-11-05,2665.43,2673.19,2639.27,2665.43,1937601.0
2018-11-06,2660.72,2660.86,2635.32,2659.36,1636695.0
2018-11-07,2659.84,2675.68,2639.25,2641.34,1732020.0
2018-11-08,2660.09,2662.37,2632.3,2635.63,1596355.0
2018-11-09,2621.24,2621.24,2598.16,2598.87,1524463.0
2018-11-12,2593.2,2631.17,2590.21,2630.52,1750313.0
2018-11-13,2600.5,2666.49,2597.35,2654.88,2492824.0
2018-11-14,2648.31,2658.31,2627.96,2632.24,2384494.0
2018-11-15,2632.14,2668.17,2631.89,2668.17,2078487.0
2018-11-16,2669.78,2695.57,2657.03,2679.11,2421988.0
2018-11-19,2681.9,2703.51,2674.18,2703.51,2316628.0
2018-11-20,2684.29,2690.83,2643.36,2645.85,2158913.0
2018-11-21,2619.82,2653.8,2617.78,2651.51,1825964.0
2018-11-22,2655.9,2658.0,2634.48,2645.43,1493091.0
2018-11-23,2640.67,2642.04,2577.35,2579.48,1914745.0
2018-11-26,2580.84,2595.0,2568.04,2575.81,1343145.0
2018-11-27,2585.83,2592.54,2566.17,2574.68,1236584.0
2018-11-28,2575.45,2601.96,2561.56,2601.74,1459635.0
2018-11-29,2613.78,2617.55,2567.44,2567.44,1571687.0
2018-11-30,2564.56,2590.21,2555.32,2588.19,1393290.0
2018-12-03,2647.13,2665.3,2629.18,2654.8,2074790.0
2018-12-04,2651.56,2666.08,2644.9,2665.96,1679406.0
2018-12-05,2629.83,2660.39,2625.91,2649.81,1545021.0
2018-12-06,2629.82,2633.68,2603.13,2605.18,1416617.0
2018-12-07,2609.34,2614.58,2599.28,2605.89,1090750.0
2018-12-10,2589.19,2599.76,2576.24,2584.58,1131997.0
2018-12-11,2587.01,2596.15,2583.2,2594.09,1013044.0
2018-12-12,2608.11,2610.01,2595.08,2602.15,1035183.0
2018-12-13,2607.14,2645.84,2599.46,2634.05,1507381.0
2018-12-14,2627.28,2629.16,2593.74,2593.74,1459425.0
2018-12-17,2587.26,2598.97,2573.87,2597.97,1173633.0
2018-12-18,2583.63,2599.15,2563.57,2576.65,1170334.0
2018-12-19,2578.68,2579.87,2547.08,2549.56,1076618.0
2018-12-20,2544.51,2554.86,2516.02,2536.27,1205665.0
2018-12-21,2526.55,2527.42,2498.69,2516.25,1156712.0
2018-12-24,2506.74,2529.44,2500.44,2527.01,973399.0
2018-12-25,2503.95,2513.96,2462.84,2504.82,1406706.0
2018-12-26,2501.12,2513.83,2492.08,2498.29,1087996.0
2018-12-27,2527.72,2532.0,2483.09,2483.09,1354068.0
2018-12-28,2483.62,2505.11,2478.33,2493.9,1192453.0
2019-01-02,2497.88,2500.28,2456.42,2465.29,1099320.0
2019-01-03,2461.78,2488.48,2455.93,2464.36,1243975.0
2019-01-04,2446.02,2515.32,2440.91,2514.87,1688777.0
2019-01-07,2528.7,2536.98,2515.51,2533.09,1773050.0
2019-01-08,2530.3,2531.35,2520.16,2526.46,1580992.0
2019-01-09,2536.42,2574.41,2536.16,2544.34,1918879.0
2019-01-10,2543.85,2551.83,2531.66,2535.1,1598743.0
2019-01-11,2539.55,2554.79,2533.36,2553.83,1494441.0
2019-01-14,2553.33,2556.29,2533.01,2535.77,1448255.0
2019-01-15,2537.37,2571.5,2532.43,2570.34,1602655.0
2019-01-16,2569.07,2574.24,2563.01,2570.42,1493015.0
2019-01-17,2573.58,2582.56,2557.71,2559.64,1624681.0
2019-01-18,2567.74,2598.88,2565.9,2596.01,1907672.0
2019-01-21,2599.06,2618.98,2599.06,2610.51,1634251.0
2019-01-22,2609.64,2609.64,2573.06,2579.7,1525378.0
2019-01-23,2575.26,2589.51,2572.41,2581.0,1314268.0
2019-01-24,2584.65,2597.29,2569.7,2591.69,1540420.0
2019-01-25,2596.26,2617.0,2595.63,2601.72,1593940.0
2019-01-28,2615.71,2630.32,2591.1,2596.98,1469818.0
2019-01-29,2592.35,2601.74,2559.98,2594.25,1555811.0
2019-01-30,2584.75,2598.82,2575.41,2575.58,1205026.0
2019-01-31,2581.33,2606.63,2571.58,2584.57,1543039.0
2019-02-01,2597.78,2618.48,2590.55,2618.23,1319869.0
2019-02-11,2613.17,2654.1,2613.17,2653.9,1548989.0
2019-02-12,2654.03,2674.48,2648.83,2671.89,1841012.0
2019-02-13,2674.52,2727.08,2666.52,2721.07,2437940.0
2019-02-14,2715.54,2729.46,2707.49,2719.7,1970373.0
2019-02-15,2712.79,2715.63,2679.78,2682.39,1960043.0
2019-02-18,2699.82,2754.36,2699.82,2754.36,2604360.0
2019-02-19,2759.5,2780.78,2737.59,2755.65,2880463.0
2019-02-20,2761.06,2767.41,2739.98,2761.22,2459725.0
2019-02-21,2759.94,2794.01,2744.98,2751.8,2986500.0
2019-02-22,2749.46,2804.23,2736.33,2804.23,3014814.0
2019-02-25,2838.39,2961.8,2838.39,2961.28,5286586.0
2019-02-26,2969.1,2995.68,2938.62,2941.52,5655580.0
2019-02-27,2939.93,2997.49,2924.64,2953.82,4749765.0
2019-02-28,2950.05,2965.3,2930.2,2940.95,3502066.0
2019-03-01,2954.4,2994.01,2930.83,2994.01,3457862.0
2019-03-04,3015.94,3090.8,3006.94,3027.58,5256494.0
2019-03-05,3019.88,3054.96,3009.45,3054.25,4241425.0
2019-03-06,3060.43,3103.83,3050.11,3102.1,5550064.0
2019-03-07,3103.67,3129.94,3074.98,3106.42,5838171.0
2019-03-08,3038.34,3075.05,2969.58,2969.86,5778555.0
2019-03-11,2969.08,3028.25,2963.58,3026.99,4262130.0
2019-03-12,3049.08,3093.39,3029.9,3060.31,5111732.0
2019-03-13,3062.33,3065.29,3013.93,3026.95,4532146.0
2019-03-14,3013.6,3041.16,2968.82,2990.69,3731418.0
2019-03-15,3000.88,3048.12,2999.43,3021.75,3412061.0
2019-03-18,3027.8,3096.42,3009.51,3096.42,3977972.0
2019-03-19,3099.9,3113.43,3076.36,3090.98,3509089.0
2019-03-20,3084.17,3102.52,3053.45,3090.64,3585575.0
2019-03-21,3094.12,3125.02,3086.85,3101.46,4142512.0
2019-03-22,3100.73,3107.28,3064.88,3104.15,3648483.0
2019-03-25,3058.8,3087.0,3041.95,3043.03,3802788.0
2019-03-26,3057.56,3062.69,2988.49,2997.1,3534980.0
2019-03-27,3012.26,3022.76,2987.77,3022.72,2913904.0
2019-03-28,3009.8,3025.78,2991.78,2994.94,2881064.0
2019-03-29,3000.68,3093.03,2999.99,3090.76,3750830.0
2019-04-01,3111.66,3176.62,3111.66,3170.36,4661247.0
2019-04-02,3183.27,3193.27,3164.91,3176.82,4470690.0
2019-04-03,3159.15,3219.26,3152.33,3216.3,4305486.0
2019-04-04,3233.69,3254.14,3216.85,3246.57,4691177.0
2019-04-08,3271.27,3288.45,3210.52,3244.81,5045184.0
2019-04-09,3240.39,3251.65,3215.7,3239.66,3641700.0
2019-04-10,3224.65,3264.78,3204.88,3241.93,3801344.0
2019-04-11,3241.55,3254.13,3185.55,3189.96,3530319.0
2019-04-12,3184.86,3199.28,3168.04,3188.63,2897890.0
2019-04-15,3233.46,3253.98,3177.27,3177.79,3488098.0
2019-04-16,3164.4,3253.6,3153.21,3253.6,3579188.0
2019-04-17,3250.15,3275.33,3239.8,3263.12,3575418.0
2019-04-18,3261.07,3271.39,3241.83,3250.2,3255399.0
2019-04-19,3250.15,3274.33,3226.81,3270.8,3151980.0
2019-04-22,3278.49,3279.49,3206.88,3215.04,3532174.0
2019-04-23,3211.87,3231.58,3186.76,3198.59,3283612.0
2019-04-24,3203.56,3210.65,3156.61,3201.61,2748722.0
2019-04-25,3190.59,3193.75,3123.03,3123.83,3258791.0
2019-04-26,3108.16,3129.21,3085.8,3086.4,2808739.0
2019-04-29,3090.63,3107.76,3050.03,3062.5,2921149.0
2019-04-30,3052.62,3088.41,3052.62,3078.34,2223025.0
2019-05-06,2984.73,2986.54,2876.47,2906.46,3269723.0
2019-05-07,2914.29,2937.28,2889.07,2926.39,2532818.0
2019-05-08,2873.14,2929.43,2866.7,2893.76,2315305.0
2019-05-09,2871.2,2888.86,2845.04,2850.95,2000411.0
2019-05-10,2878.23,2941.45,2838.38,2939.21,2823068.0
2019-05-13,2905.07,2921.41,2892.17,2903.71,2120299.0
2019-05-14,2872.83,2909.2,2872.83,2883.61,2083454.0
2019-05-15,2902.64,2945.39,2902.64,2938.68,2305197.0
2019-05-16,2933.5,2956.17,2929.06,2955.71,2483857.0
2019-05-17,2955.77,2956.78,2873.8,2882.3,2663016.0
2019-05-20,2874.8,2882.63,2838.45,2870.6,2094724.0
2019-05-21,2867.71,2919.24,2862.5,2905.97,2113870.0
2019-05-22,2905.52,2912.4,2879.64,2891.7,2000269.0
2019-05-23,2880.84,2885.14,2846.96,2852.52,1973403.0
2019-05-24,2847.84,2871.86,2846.02,2852.99,1672055.0
2019-05-27,2851.28,2898.13,2833.04,2892.38,1967209.0
2019-05-28,2890.27,2924.04,2887.08,2909.91,2233106.0
2019-05-29,2894.83,2934.98,2890.66,2914.7,1989588.0
2019-05-30,2903.42,2907.85,2881.38,2905.81,2057588.0
2019-05-31,2904.5,2922.91,2895.58,2898.7,1952306.0
2019-06-03,2901.74,2920.83,2875.9,2890.08,2159436.0
2019-06-04,2887.64,2888.39,2851.97,2862.28,1884635.0
2019-06-05,2882.94,2888.77,2858.57,2861.42,1815610.0
2019-06-06,2862.33,2862.33,2822.19,2827.8,1770644.0
2019-06-10,2833.01,2861.13,2824.36,2852.13,1665859.0
2019-06-11,2854.07,2927.43,2854.07,2925.72,2605258.0
2019-06-12,2917.22,2924.7,2903.88,2909.38,2402558.0
2019-06-13,2905.29,2918.42,2885.92,2910.74,2129578.0
2019-06-14,2913.0,2924.32,2879.66,2881.97,2154358.0
2019-06-17,2880.42,2902.48,2877.39,2887.62,1539650.0
2019-06-18,2891.09,2898.33,2874.31,2890.16,1477053.0
2019-06-19,2944.12,2953.34,2916.21,2917.8,2307570.0
2019-06-20,2917.33,2997.39,2915.09,2987.12,2910115.0
2019-06-21,2990.37,3010.35,2989.25,3001.98,2869738.0
2019-06-24,3004.29,3012.83,2994.42,3008.15,2104939.0
2019-06-25,3004.91,3004.91,2948.99,2982.07,2436992.0
2019-06-26,2964.62,2986.91,2958.46,2976.28,1744495.0
2019-06-27,2982.61,3011.54,2981.05,2996.79,1953970.0
2019-06-28,2992.24,2992.24,2961.22,2978.88,1814315.0
2019-07-01,3024.62,3045.37,3014.69,3044.9,2508404.0
2019-07-02,3042.58,3048.48,3033.78,3043.94,2145206.0
2019-07-03,3031.83,3031.83,3006.32,3015.26,2122962.0
2019-07-04,3015.68,3024.5,2991.91,3005.25,1944151.0
2019-07-05,3004.74,3014.85,2990.92,3011.06,1567554.0
2019-07-08,2997.81,2997.81,2918.72,2933.36,2115413.0
2019-07-09,2928.82,2937.76,2912.81,2928.23,1451106.0
2019-07-10,2935.19,2936.75,2908.16,2915.3,1354835.0
2019-07-11,2928.06,2945.8,2907.89,2917.76,1436925.0
2019-07-12,2915.34,2938.53,2905.81,2930.55,1377948.0
2019-07-15,2921.55,2955.0,2886.7,2942.19,1676434.0
2019-07-16,2938.64,2944.82,2931.29,2937.62,1318118.0
2019-07-17,2933.02,2942.07,2924.46,2931.69,1496316.0
2019-07-18,2921.74,2921.74,2901.18,2901.18,1498888.0
2019-07-19,2909.68,2939.6,2909.68,2924.2,1494696.0
2019-07-22,2925.79,2927.16,2879.69,2886.97,1806750.0
2019-07-23,2886.9,2901.36,2883.05,2899.94,1293105.0
2019-07-24,2907.93,2936.45,2907.79,2923.28,1552458.0
2019-07-25,2923.19,2937.36,2916.15,2937.36,1456844.0
2019-07-26,2928.06,2948.33,2924.45,2944.54,1393434.0
2019-07-29,2943.92,2948.47,2932.98,2941.01,1279918.0
2019-07-30,2946.26,2965.63,2946.26,2952.34,1483165.0
2019-07-31,2944.4,2944.4,2926.49,2932.51,1410523.0
2019-08-01,2920.85,2927.34,2901.75,2908.77,1423898.0
2019-08-02,2861.33,2872.47,2851.44,2867.84,1848884.0
2019-08-05,2854.58,2863.69,2821.5,2821.5,1674194.0
2019-08-06,2776.99,2787.42,2733.92,2777.56,2311237.0
2019-08-07,2789.02,2792.69,2768.68,2768.68,1577168.0
2019-08-08,2784.18,2799.69,2782.24,2794.55,1495396.0
2019-08-09,2805.59,2808.33,2770.48,2774.75,1482403.0
2019-08-12,2781.98,2814.99,2776.62,2814.99,1315634.0
2019-08-13,2798.05,2802.04,2790.61,2797.26,1309165.0
2019-08-14,2824.49,2829.89,2807.72,2808.91,1440146.0
2019-08-15,2762.34,2815.9,2756.83,2815.8,1527722.0
2019-08-16,2817.57,2840.32,2811.8,2823.82,1485823.0
2019-08-19,2835.52,2883.1,2829.85,2883.1,2145467.0
2019-08-20,2879.08,2892.08,2875.0,2880.0,1896772.0
2019-08-21,2875.47,2885.59,2872.56,2880.33,1590197.0
2019-08-22,2887.66,2888.5,2867.55,2883.44,1492062.0
2019-08-23,2885.15,2902.46,2878.74,2897.43,1591568.0
2019-08-26,2851.02,2870.49,2849.24,2863.57,1698954.0
2019-08-27,2879.52,2919.64,2879.41,2902.19,2081418.0
2019-08-28,2901.63,2905.44,2887.01,2893.76,1830979.0
2019-08-29,2896.0,2898.6,2878.59,2890.92,1786131.0
2019-08-30,2907.38,2914.58,2874.1,2886.24,1939600.0
2019-09-02,2886.94,2928.48,2883.68,2924.11,2027868.0
2019-09-03,2925.94,2930.15,2915.2,2930.15,1890012.0
2019-09-04,2927.75,2957.41,2925.88,2957.41,2254959.0
2019-09-05,2972.66,3015.84,2972.66,2985.86,3054387.0
2019-09-06,2996.62,2999.94,2981.6,2999.6,2168260.0
2019-09-09,3023.78,3026.24,3005.69,3024.74,2433778.0
2019-09-10,3027.41,3027.41,3005.38,3021.2,2400129.0
2019-09-11,3029.93,3030.56,3004.22,3008.81,2298374.0
2019-09-12,3016.63,3033.47,3005.19,3031.24,1969687.0
2019-09-16,3041.92,3042.93,3020.05,3030.75,2218790.0
2019-09-17,3023.71,3023.71,2970.57,2978.12,2233381.0
2019-09-18,2984.08,2996.4,2982.4,2985.66,1680467.0
2019-09-19,2992.92,2999.28,2975.4,2999.28,1626906.0
2019-09-20,3004.81,3011.34,2996.19,3006.45,1821453.0
2019-09-23,2998.4,2998.4,2960.83,2977.08,1681395.0
2019-09-24,2979.48,3002.9,2973.76,2985.34,1639028.0
2019-09-25,2977.67,2977.67,2955.43,2955.43,1685431.0
2019-09-26,2964.48,2970.04,2928.26,2929.09,1889325.0
2019-09-27,2929.49,2939.08,2920.93,2932.17,1329058.0
2019-09-30,2927.92,2936.48,2905.19,2905.19,1166468.0
2019-10-08,2905.76,2933.02,2905.76,2913.57,1255358.0
2019-10-09,2902.08,2924.86,2891.54,2924.86,1304241.0
2019-10-10,2923.71,2949.24,2918.23,2947.71,1342398.0
2019-10-11,2954.82,2980.79,2943.01,2973.66,1612037.0
2019-10-14,2993.96,3026.38,2989.81,3007.88,2086148.0
2019-10-15,3005.66,3005.66,2986.3,2991.05,1553769.0
2019-10-16,2992.61,3010.42,2975.92,2978.71,1498855.0
2019-10-17,2979.99,2986.72,2969.57,2977.33,1225276.0
2019-10-18,2982.34,2987.2,2933.24,2938.14,1499907.0
2019-10-21,2933.9,2940.32,2917.69,2939.62,1324751.0
2019-10-22,2945.6,2954.64,2934.39,2954.38,1174820.0
2019-10-23,2952.97,2957.3,2934.63,2941.62,1238129.0
2019-10-24,2944.01,2953.04,2927.06,2940.92,1265403.0
2019-10-25,2940.47,2958.24,2920.52,2954.93,1368607.0
2019-10-28,2958.69,2980.13,2956.96,2980.05,1737315.0
2019-10-29,2979.04,2979.04,2954.18,2954.18,1661101.0
2019-10-30,2949.46,2953.3,2934.83,2939.32,1587981.0
2019-10-31,2944.84,2946.75,2923.52,2929.06,1615715.0
2019-11-01,2924.34,2959.83,2917.15,2958.2,1599074.0
2019-11-04,2964.58,2983.06,2964.58,2975.49,1672484.0
2019-11-05,2977.7,3008.31,2968.03,2991.56,1798916.0
2019-11-06,2992.04,2995.56,2969.72,2978.6,1652635.0
2019-11-07,2978.15,2988.96,2969.12,2978.71,1369527.0
2019-11-08,2993.98,2998.76,2962.84,2964.18,1497421.0
2019-11-11,2949.96,2949.96,2906.77,2909.97,1579161.0
2019-11-12,2913.0,2918.3,2891.51,2914.82,1297292.0
2019-11-13,2913.02,2913.86,2893.97,2905.24,1297658.0
2019-11-14,2907.74,2917.37,2899.62,2909.87,1291454.0
2019-11-15,2911.35,2917.83,2891.2,2891.34,1355195.0
2019-11-18,2889.55,2911.38,2884.09,2909.2,1244332.0
2019-11-19,2904.28,2933.99,2902.86,2933.99,1354176.0
2019-11-20,2928.11,2930.49,2907.42,2911.05,1373575.0
2019-11-21,2902.55,2910.36,2891.53,2903.64,1234586.0
2019-11-22,2906.24,2925.02,2873.99,2885.29,1586234.0
2019-11-25,2885.61,2906.61,2880.65,2906.17,1785874.0
2019-11-26,2912.52,2915.04,2897.93,2907.06,1700047.0
2019-11-27,2905.4,2914.49,2893.42,2903.19,1338622.0
2019-11-28,2902.36,2909.84,2883.43,2889.69,1195225.0
2019-11-29,2885.97,2892.39,2858.58,2871.98,1226130.0
2019-12-02,2874.45,2888.89,2870.24,2875.81,1287558.0
2019-12-03,2869.88,2884.86,2857.32,2884.7,1237787.0
2019-12-04,2876.91,2882.5,2869.42,2878.12,1255437.0
2019-12-05,2886.52,2902.0,2885.08,2899.47,1431631.0
2019-12-06,2902.28,2912.01,2894.75,2912.01,1341289.0
2019-12-09,2914.46,2919.59,2905.25,2914.48,1607965.0
2019-12-10,2908.94,2919.2,2902.79,2917.32,1701240.0
2019-12-11,2922.6,2928.26,2915.0,2924.42,1655411.0
2019-12-12,2926.34,2926.34,2913.48,2915.7,1517608.0
2019-12-13,2937.78,2969.98,2935.85,2967.68,2119786.0
2019-12-16,2970.97,2984.64,2958.71,2984.39,2118621.0
2019-12-17,2985.26,3039.38,2982.5,3022.42,2930323.0
2019-12-18,3021.47,3033.23,3011.72,3017.04,2440897.0
2019-12-19,3017.15,3021.42,3007.99,3017.07,2086243.0
2019-12-20,3019.64,3027.48,3002.26,3004.94,2150758.0
2019-12-23,2999.04,3009.34,2960.44,2962.75,2057166.0
2019-12-24,2965.83,2983.82,2960.68,2982.68,1630303.0
2019-12-25,2980.43,2988.29,2970.66,2981.88,1756540.0
2019-12-26,2981.25,3007.35,2980.4,3007.35,1824404.0
2019-12-27,3006.85,3036.11,3003.63,3005.04,2471028.0
2019-12-30,2998.17,3041.4,2983.34,3040.02,2480665.0
2019-12-31,3036.39,3051.68,3030.51,3050.12,2174290.0
2020-01-02,3066.34,3098.1,3066.34,3085.2,2924702.0
2020-01-03,3089.02,3093.82,3074.52,3083.79,2614967.0
2020-01-06,3070.91,3107.2,3065.31,3083.41,3125758.0
2020-01-07,3085.49,3105.45,3084.33,3104.8,2765831.0
2020-01-08,3094.24,3094.24,3059.13,3066.89,2978726.0
2020-01-09,3082.64,3097.33,3080.13,3094.88,2434356.0
2020-01-10,3102.29,3105.22,3081.4,3092.29,2104425.0
2020-01-13,3091.49,3115.57,3075.38,3115.57,2106210.0
2020-01-14,3120.67,3127.17,3105.6,3106.82,2299738.0
2020-01-15,3103.17,3107.94,3082.04,3090.04,2023130.0
2020-01-16,3095.73,3096.37,3070.88,3074.08,2033755.0
2020-01-17,3081.46,3091.95,3067.25,3075.5,1903043.0
2020-01-20,3082.11,3096.31,3070.48,3095.79,2104933.0
2020-01-21,3085.79,3085.79,3051.23,3052.14,2348307.0
2020-01-22,3038.49,3069.25,3006.27,3060.75,2238529.0
2020-01-23,3037.95,3045.04,2955.35,2976.53,2727632.0
2020-02-03,2716.7,2766.58,2716.7,2746.61,2159121.0
2020-02-04,2685.27,2786.16,2685.27,2783.29,3640462.0
2020-02-05,2792.37,2842.74,2778.86,2818.09,3097618.0
2020-02-06,2826.89,2876.59,2807.61,2866.51,3163921.0
2020-02-07,2858.93,2875.96,2838.77,2875.96,3094796.0
2020-02-10,2860.5,2891.85,2851.05,2890.49,2949298.0
2020-02-11,2894.54,2913.82,2882.24,2901.67,2691683.0
2020-02-12,2895.56,2926.9,2892.42,2926.9,2487334.0
2020-02-13,2927.14,2935.41,2901.24,2906.07,2748048.0
2020-02-14,2899.87,2926.94,2899.57,2917.01,2506506.0
2020-02-17,2924.99,2983.64,2924.99,2983.62,3131980.0
2020-02-18,2981.41,2990.6,2960.78,2984.97,3116659.0
2020-02-19,2979.52,2998.27,2971.82,2975.4,3151412.0
2020-02-20,2981.88,3031.37,2968.45,3030.15,3457329.0
2020-02-21,3022.25,3058.9,3020.14,3039.67,3645573.0
2020-02-24,3027.89,3042.18,3007.36,3031.23,3704300.0
2020-02-25,2982.07,3016.95,2943.72,3013.05,4416228.0
2020-02-26,2978.42,3028.78,2974.94,2987.93,4690496.0
2020-02-27,2992.49,3009.46,2980.48,2991.33,3505237.0
2020-02-28,2924.64,2948.13,2878.54,2880.3,4012169.0
2020-03-02,2899.31,2982.51,2899.31,2970.93,3673334.0
2020-03-03,3006.89,3026.84,2976.62,2992.9,4101080.0
2020-03-04,2981.81,3012.0,2974.36,3011.67,3533383.0
2020-03-05,3036.15,3074.26,3022.93,3071.68,4454258.0
2020-03-06,3039.94,3052.44,3029.46,3034.51,3620615.0
2020-03-09,2987.18,2989.21,2940.71,2943.29,4145607.0
2020-03-10,2918.93,3000.3,2904.8,2996.76,3932966.0
2020-03-11,3001.76,3010.03,2968.52,2968.52,3524710.0
2020-03-12,2936.02,2944.47,2906.28,2923.49,3077785.0
2020-03-13,2804.23,2910.88,2799.98,2887.43,3664504.0
2020-03-16,2897.3,2898.03,2784.66,2789.25,3518787.0
2020-03-17,2796.28,2826.91,2715.22,2779.64,3061497.0
2020-03-18,2792.32,2815.87,2728.76,2728.76,2911599.0
2020-03-19,2719.41,2736.82,2646.8,2702.13,3023027.0
2020-03-20,2727.02,2751.9,2702.49,2745.62,2520195.0
2020-03-23,2677.59,2703.33,2656.5,2660.17,2498203.0
2020-03-24,2703.02,2723.41,2667.13,2722.44,2570219.0
2020-03-25,2775.3,2788.64,2757.8,2781.59,2731445.0
2020-03-26,2761.9,2788.5,2753.43,2764.91,2340840.0
2020-03-27,2792.98,2805.55,2771.76,2772.2,2407641.0
2020-03-30,2739.72,2759.1,2723.05,2747.21,2397066.0
2020-03-31,2767.31,2771.17,2743.12,2750.3,2185987.0
2020-04-01,2743.54,2773.36,2731.08,2734.52,2172534.0
2020-04-02,2720.23,2780.64,2719.9,2780.64,2178646.0
2020-04-03,2773.58,2780.59,2754.07,2763.99,2008374.0
2020-04-07,2806.97,2823.28,2801.84,2820.76,2701982.0
2020-04-08,2805.92,2823.21,2800.3,2815.37,2435153.0
2020-04-09,2825.84,2832.4,2820.43,2825.9,2381848.0
2020-04-10,2827.19,2833.01,2789.98,2796.63,2334548.0
2020-04-13,2784.6,2792.89,2774.08,2783.05,1771246.0
2020-04-14,2794.8,2827.3,2789.43,2827.28,2026966.0
2020-04-15,2826.66,2829.75,2808.7,2811.17,2056211.0
2020-04-16,2798.43,2823.34,2796.84,2819.94,2030038.0
2020-04-17,2835.56,2854.96,2830.02,2838.49,2457368.0
2020-04-20,2840.41,2852.99,2833.26,2852.55,2118471.0
2020-04-21,2842.24,2842.24,2808.02,2827.01,2332359.0
2020-04-22,2814.07,2843.98,2808.48,2843.98,2173200.0
2020-04-23,2850.51,2853.64,2835.9,2838.5,2487790.0
2020-04-24,2834.94,2834.94,2802.5,2808.53,2351851.0
2020-04-27,2812.24,2832.67,2802.96,2815.49,2101310.0
2020-04-28,2819.99,2821.75,2758.25,2810.02,2538727.0
2020-04-29,2801.38,2831.76,2800.74,2822.44,2020618.0
2020-04-30,2832.38,2865.59,2832.38,2860.08,2424553.0
2020-05-06,2831.63,2879.26,2830.65,2878.14,2498266.0
2020-05-07,2876.47,2882.02,2864.58,2871.52,2267370.0
2020-05-08,2882.71,2903.8,2879.2,2895.34,2268221.0
2020-05-11,2901.57,2914.28,2884.38,2894.8,2251204.0
2020-05-12,2894.62,2897.9,2871.23,2891.56,1970830.0
2020-05-13,2882.96,2900.26,2875.54,2898.05,1850613.0
2020-05-14,2887.06,2887.06,2869.18,2870.34,1977762.0
2020-05-15,2880.71,2884.22,2863.37,2868.46,1889836.0
2020-05-18,2872.52,2889.98,2862.27,2875.42,2260229.0
2020-05-19,2897.69,2900.22,2887.58,2898.58,1972224.0
2020-05-20,2896.47,2896.47,2876.18,2883.74,2105200.0
2020-05-21,2890.72,2891.52,2864.21,2867.92,2035320.0
2020-05-22,2863.05,2863.05,2808.02,2813.77,2090637.0
2020-05-25,2816.24,2821.5,2802.47,2817.97,1728856.0
2020-05-26,2827.9,2848.34,2825.9,2846.55,1745624.0
2020-05-27,2847.32,2849.0,2831.93,2836.8,1981493.0
2020-05-28,2838.21,2861.92,2820.15,2846.22,2075460.0
2020-05-29,2835.58,2855.38,2829.63,2852.35,2067928.0
2020-06-01,2871.96,2917.15,2871.96,2915.43,2601961.0
2020-06-02,2916.32,2926.36,2909.13,2921.4,2561080.0
2020-06-03,2930.39,2942.76,2922.66,2923.37,2556640.0
2020-06-04,2931.84,2932.97,2910.75,2919.25,2266059.0
2020-06-05,2923.19,2930.8,2909.12,2930.8,2173607.0
2020-06-08,2941.98,2950.07,2934.21,2937.77,2311244.0
2020-06-09,2939.54,2957.12,2932.94,2956.11,2090486.0
2020-06-10,2951.28,2951.33,2934.84,2943.75,2079260.0
2020-06-11,2939.79,2952.65,2912.19,2920.9,2337229.0
2020-06-12,2876.8,2930.26,2872.62,2919.74,2360086.0
2020-06-15,2908.28,2922.54,2890.03,2890.03,2432050.0
2020-06-16,2912.83,2931.78,2909.13,2931.75,2233131.0
2020-06-17,2932.67,2936.62,2919.04,2935.87,2346544.0
2020-06-18,2929.88,2942.9,2920.11,2939.32,2586914.0
2020-06-19,2938.79,2973.32,2935.82,2967.63,2643140.0
2020-06-22,2966.9,2983.44,2959.04,2965.27,2678838.0
2020-06-23,2960.89,2972.4,2949.85,2970.62,2252122.0
2020-06-24,2972.98,2982.94,2971.22,2979.55,2132007.0
2020-06-29,2973.08,2977.91,2951.77,2961.52,2206227.0
2020-06-30,2965.11,2990.83,2965.11,2984.67,2149572.0
2020-07-01,2991.18,3026.19,2984.98,3025.98,2733131.0
2020-07-02,3023.72,3092.44,3021.67,3090.57,3911280.0
2020-07-03,3104.0,3152.81,3104.0,3152.81,4587939.0
2020-07-06,3187.84,3337.27,3187.84,3332.88,6438789.0
2020-07-07,3380.95,3407.08,3336.24,3345.34,6578402.0
2020-07-08,3337.55,3421.53,3327.71,3403.44,5870817.0
2020-07-09,3403.48,3456.97,3393.64,3450.59,6200018.0
2020-07-10,3418.93,3433.11,3372.51,3383.32,5561200.0
2020-07-13,3379.39,3458.79,3369.04,3443.29,5580069.0
2020-07-14,3435.02,3451.22,3366.08,3414.62,5432115.0
2020-07-15,3422.08,3432.45,3345.75,3361.3,4920305.0
2020-07-16,3356.36,3373.53,3209.73,3210.1,4906131.0
2020-07-17,3214.4,3252.78,3181.27,3214.13,3596524.0
2020-07-20,3243.91,3314.15,3220.68,3314.15,4185553.0
2020-07-21,3330.55,3336.68,3300.57,3320.89,3592520.0
2020-07-22,3315.18,3381.98,3311.79,3333.16,3933353.0
2020-07-23,3306.15,3336.3,3257.83,3325.11,4070425.0
2020-07-24,3310.64,3319.13,3184.96,3196.77,4270540.0
2020-07-27,3210.39,3221.98,3174.66,3205.23,2993190.0
2020-07-28,3226.13,3245.3,3208.49,3227.96,2893779.0
2020-07-29,3221.99,3294.55,3209.99,3294.55,3249241.0
2020-07-30,3299.57,3312.45,3282.16,3286.82,3407041.0
2020-07-31,3280.8,3333.79,3261.61,3310.01,3537590.0
2020-08-03,3332.18,3368.1,3327.68,3367.97,4074609.0
2020-08-04,3376.44,3391.07,3352.5,3371.69,4423286.0
2020-08-05,3363.33,3383.64,3333.88,3377.56,3858230.0
2020-08-06,3380.76,3392.7,3334.33,3386.46,4153025.0
2020-08-07,3370.59,3374.13,3307.71,3354.04,4039296.0
2020-08-10,3341.53,3399.93,3335.04,3379.25,3813796.0
2020-08-11,3379.49,3409.06,3336.09,3340.29,4004527.0
2020-08-12,3327.49,3335.73,3263.27,3319.27,3783290.0
2020-08-13,3328.18,3338.15,3309.46,3320.73,3242913.0
2020-08-14,3315.67,3362.03,3302.74,3360.1,3059984.0
2020-08-17,3373.9,3450.9,3369.37,3438.8,4345983.0
2020-08-18,3441.93,3456.72,3432.64,3451.09,3807293.0
2020-08-19,3444.56,3454.46,3406.16,3408.13,4057222.0
2020-08-20,3385.96,3394.56,3352.78,3363.9,3356010.0
2020-08-21,3380.23,3393.92,3358.0,3380.68,2874883.0
2020-08-24,3391.11,3396.57,3368.03,3385.64,2662278.0
2020-08-25,3392.88,3408.87,3364.16,3373.58,2771134.0
2020-08-26,3371.81,3382.6,3320.14,3329.74,2944510.0
2020-08-27,3333.49,3351.83,3312.99,3350.11,2370994.0
2020-08-28,3346.29,3405.88,3339.65,3403.81,2713255.0
2020-08-31,3416.55,3442.74,3395.47,3395.68,3234739.0
2020-09-01,3389.74,3410.61,3381.71,3410.61,2469992.0
2020-09-02,3420.47,3421.4,3377.21,3404.8,2615463.0
2020-09-03,3404.03,3425.63,3374.26,3384.98,2553463.0
2020-09-04,3336.41,3360.11,3328.55,3355.37,2216366.0
2020-09-07,3349.92,3368.24,3285.63,3292.59,2606166.0
2020-09-08,3301.22,3324.39,3276.44,3316.42,2710663.0
2020-09-09,3281.0,3289.61,3238.56,3254.63,3515097.0
2020-09-10,3282.23,3285.47,3227.64,3234.82,3124728.0
2020-09-11,3225.78,3262.5,3220.54,3260.35,2216988.0
2020-09-14,3275.92,3283.53,3261.15,3278.81,2139241.0
2020-09-15,3277.13,3297.69,3263.75,3295.68,1976844.0
2020-09-16,3293.17,3302.46,3271.08,3283.92,2004434.0
2020-09-17,3277.32,3290.41,3248.5,3270.44,2029320.0
2020-09-18,3270.91,3338.32,3268.53,3338.09,2562608.0
2020-09-21,3348.9,3350.59,3313.07,3316.94,2165031.0
2020-09-22,3290.67,3320.23,3265.7,3274.3,2140151.0
2020-09-23,3278.84,3289.76,3264.89,3279.71,1691781.0
2020-09-24,3262.88,3265.35,3221.24,3223.18,2067360.0
2020-09-25,3234.37,3239.47,3208.03,3219.42,1648224.0
2020-09-28,3224.98,3238.18,3210.89,3217.53,1559828.0
2020-09-29,3231.86,3242.79,3219.79,3224.36,1513499.0
2020-09-30,3232.71,3244.91,3202.34,3218.05,1535045.0
2020-10-09,3262.61,3280.51,3260.19,3272.08,1883256.0
2020-10-12,3287.33,3359.15,3286.11,3358.47,2596224.0
2020-10-13,3353.12,3361.83,3334.5,3359.75,2049261.0
2020-10-14,3353.62,3353.62,3332.96,3340.78,1986594.0
2020-10-15,3342.92,3354.58,3330.0,3332.18,1910313.0
2020-10-16,3334.46,3348.95,3319.11,3336.36,1942954.0
2020-10-19,3351.1,3371.09,3307.84,3312.67,2123035.0
2020-10-20,3307.15,3328.1,3293.77,3328.1,1650848.0
2020-10-21,3332.15,3332.15,3304.17,3325.02,1776321.0
2020-10-22,3315.82,3320.88,3281.37,3312.5,1659500.0
2020-10-23,3308.16,3326.05,3276.62,3278.0,1742090.0
2020-10-26,3258.7,3264.45,3226.6,3251.12,1677318.0
2020-10-27,3240.74,3258.34,3235.54,3254.32,1491156.0
2020-10-28,3256.22,3275.87,3238.38,3269.24,1731820.0
2020-10-29,3235.76,3289.77,3231.12,3272.73,1847036.0
2020-10-30,3278.63,3279.86,3219.42,3224.53,2301888.0
2020-11-02,3228.72,3242.8,3209.91,3225.12,2267791.0
2020-11-03,3239.81,3278.38,3237.85,3271.07,2152979.0
2020-11-04,3273.43,3286.62,3254.11,3277.44,1885141.0
2020-11-05,3305.58,3320.41,3291.6,3320.13,2268015.0
2020-11-06,3326.46,3326.46,3292.15,3312.16,2348641.0
2020-11-09,3329.43,3380.82,3329.43,3373.73,3102198.0
2020-11-10,3387.62,3387.62,3346.17,3360.15,2787011.0
2020-11-11,3354.02,3365.84,3339.04,3342.2,2712047.0
2020-11-12,3344.46,3350.28,3329.49,3338.68,2165013.0
2020-11-13,3327.23,3327.23,3291.64,3310.1,2278984.0
2020-11-16,3325.62,3346.97,3313.65,3346.97,2795938.0
2020-11-17,3347.15,3347.7,3323.95,3339.9,2836325.0
2020-11-18,3337.33,3358.89,3333.99,3347.3,2875313.0
2020-11-19,3339.09,3367.33,3330.45,3363.09,2532630.0
2020-11-20,3359.6,3380.15,3356.31,3377.73,2612712.0
2020-11-23,3384.1,3431.65,3377.99,3414.49,3738720.0
2020-11-24,3407.41,3413.93,3396.24,3402.82,3009941.0
2020-11-25,3417.52,3423.49,3362.33,3362.33,3221102.0
2020-11-26,3360.06,3371.45,3344.28,3369.73,2558868.0
2020-11-27,3373.84,3408.31,3364.49,3408.31,2806499.0
2020-11-30,3418.16,3456.74,3391.76,3391.76,3849900.0
2020-12-01,3388.99,3457.64,3386.91,3451.94,3161890.0
2020-12-02,3453.52,3465.73,3435.87,3449.38,3128111.0
2020-12-03,3448.54,3452.16,3428.8,3442.14,2984599.0
2020-12-04,3436.73,3448.4,3417.05,3444.58,2562767.0
2020-12-07,3446.65,3449.58,3414.31,3416.6,2545225.0
2020-12-08,3417.69,3428.66,3403.03,3410.18,2269073.0
2020-12-09,3416.08,3422.54,3371.92,3371.96,2607474.0
2020-12-10,3365.73,3384.89,3357.75,3373.28,2473083.0
2020-12-11,3381.01,3383.18,3325.17,3347.19,2986172.0
2020-12-14,3349.53,3371.13,3338.63,3369.12,2398079.0
2020-12-15,3366.58,3373.56,3348.42,3367.23,2256674.0
2020-12-16,3371.26,3378.66,3359.17,3366.98,2208140.0
2020-12-17,3367.28,3406.15,3354.01,3404.87,2754636.0
2020-12-18,3400.49,3413.81,3382.75,3394.9,2809926.0
2020-12-21,3394.39,3423.61,3381.12,3420.57,2837598.0
2020-12-22,3410.97,3415.75,3353.86,3356.78,3230377.0
2020-12-23,3362.47,3394.21,3360.2,3382.32,2995235.0
2020-12-24,3382.19,3394.07,3354.02,3363.11,2750445.0
2020-12-25,3351.79,3397.01,3348.35,3396.56,2945469.0
2020-12-28,3396.36,3412.52,3383.65,3397.29,3161815.0
2020-12-29,3399.29,3407.09,3376.09,3379.04,3117692.0
2020-12-30,3375.01,3414.45,3374.42,3414.45,2910235.0
2020-12-31,3419.73,3474.92,3419.73,3473.07,3356739.0
2021-01-04,3474.68,3511.66,3457.21,3502.96,3807908.0
2021-01-05,3492.19,3528.68,3484.72,3528.68,4079959.0
2021-01-06,3530.91,3556.8,3513.13,3550.88,3702309.0
2021-01-07,3552.91,3576.2,3526.62,3576.2,4053482.0
2021-01-08,3577.69,3588.06,3544.89,3570.11,3455579.0
2021-01-11,3571.32,3597.7,3516.99,3531.5,3624792.0
2021-01-12,3518.01,3608.34,3517.47,3608.34,3234062.0
2021-01-13,3613.28,3622.35,3575.59,3598.65,3881278.0
2021-01-14,3584.93,3599.06,3559.6,3565.9,3476668.0
2021-01-15,3566.28,3589.27,3533.79,3566.38,3246127.0
2021-01-18,3554.8,3608.77,3544.26,3596.22,3016526.0
2021-01-19,3596.36,3603.15,3553.02,3566.38,3234395.0
2021-01-20,3564.12,3589.96,3556.44,3583.09,2722717.0
2021-01-21,3590.92,3636.24,3585.8,3621.26,3274670.0
2021-01-22,3616.54,3616.54,3585.03,3606.75,3244631.0
2021-01-25,3605.36,3637.1,3591.02,3624.24,3273411.0
2021-01-26,3610.97,3610.97,3564.74,3569.43,2781399.0
2021-01-27,3567.55,3578.8,3546.49,3573.34,2641072.0
2021-01-28,3534.67,3549.54,3496.88,3505.18,2708625.0
2021-01-29,3521.72,3531.6,3446.55,3483.07,2936627.0
2021-02-01,3477.17,3506.39,3469.88,3505.28,2775679.0
2021-02-02,3510.81,3535.5,3495.57,3533.68,2645406.0
2021-02-03,3531.15,3544.01,3508.51,3517.31,2973517.0
2021-02-04,3503.78,3524.72,3465.77,3501.86,2988349.0
2021-02-05,3509.49,3536.54,3492.96,3496.33,2901462.0
2021-02-08,3504.56,3542.21,3492.13,3532.45,2497996.0
2021-02-09,3539.77,3604.01,3528.68,3603.49,2538218.0
2021-02-10,3612.61,3662.77,3612.5,3655.09,2579408.0
2021-02-18,3721.09,3731.69,3663.66,3675.36,3403091.0
2021-02-19,3661.78,3699.65,3634.01,3696.17,3610598.0
2021-02-22,3707.19,3717.27,3642.44,3642.44,4888215.0
2021-02-23,3617.7,3672.15,3617.7,3636.36,3988732.0
2021-02-24,3638.94,3645.65,3531.59,3564.08,3621590.0
2021-02-25,3595.54,3608.56,3568.47,3585.05,3662323.0
2021-02-26,3514.56,3550.41,3500.7,3509.08,3332801.0
2021-03-01,3531.48,3552.57,3511.99,3551.4,3154875.0
2021-03-02,3566.85,3566.85,3485.36,3508.59,3398305.0
2021-03-03,3500.16,3577.62,3498.72,3576.9,3476568.0
2021-03-04,3546.64,3552.2,3487.38,3503.49,3936161.0
2021-03-05,3463.31,3523.57,3456.67,3501.99,3564092.0
2021-03-08,3524.98,3542.3,3421.22,3421.41,3870480.0
2021-03-09,3415.34,3429.15,3328.31,3359.29,4076525.0
2021-03-10,3389.84,3397.03,3354.82,3357.74,2997492.0
2021-03-11,3369.9,3436.83,3369.9,3436.83,3221120.0
2021-03-12,3447.2,3454.51,3417.24,3453.08,3580270.0
2021-03-15,3441.88,3457.49,3392.51,3419.95,3678133.0
2021-03-16,3424.65,3448.88,3406.17,3446.73,3166687.0
2021-03-17,3435.73,3454.06,3410.28,3445.55,2800598.0
2021-03-18,3449.64,3478.14,3449.38,3463.07,2844039.0
2021-03-19,3423.87,3439.52,3389.29,3404.66,3091617.0
2021-03-22,3406.12,3443.66,3404.23,3443.44,3125591.0
2021-03-23,3445.34,3445.42,3390.05,3411.51,3263894.0
2021-03-24,3394.13,3415.29,3362.18,3367.06,3173987.0
2021-03-25,3355.07,3382.23,3344.97,3363.59,2706761.0
2021-03-26,3373.32,3423.22,3373.32,3418.33,2746150.0
2021-03-29,3429.63,3449.83,3409.89,3435.3,2848242.0
2021-03-30,3432.53,3457.63,3423.32,3456.68,2854231.0
2021-03-31,3452.21,3452.21,3420.83,3441.91,2830493.0
2021-04-01,3444.81,3470.03,3438.83,3466.33,2752443.0
2021-04-02,3472.63,3487.59,3462.83,3484.39,2626549.0
2021-04-06,3491.63,3493.28,3471.76,3482.97,2347467.0
2021-04-07,3483.42,3483.42,3453.19,3479.63,2957870.0
2021-04-08,3467.49,3495.91,3459.32,3482.55,3317553.0
2021-04-09,3475.44,3475.45,3442.14,3450.68,2800852.0
2021-04-12,3445.97,3456.16,3403.9,3412.95,3095772.0
2021-04-13,3411.29,3425.39,3387.9,3396.47,2706261.0
2021-04-14,3397.02,3420.03,3392.98,3416.72,2332423.0
2021-04-15,3409.61,3409.61,3373.09,3398.99,2340051.0
2021-04-16,3407.19,3432.63,3394.13,3426.62,2585797.0
2021-04-19,3427.55,3479.01,3414.36,3477.55,3027358.0
2021-04-20,3467.15,3494.3,3463.46,3472.94,2853001.0
2021-04-21,3456.3,3481.25,3450.11,3472.93,2537779.0
2021-04-22,3482.83,3485.36,3456.32,3465.11,2511145.0
2021-04-23,3462.09,3482.36,3456.33,3474.17,2493604.0
2021-04-26,3484.11,3497.12,3438.57,3441.17,2769708.0
2021-04-27,3440.09,3443.85,3417.26,3442.61,2530324.0
2021-04-28,3432.16,3457.07,3423.33,3457.07,2473811.0
2021-04-29,3458.08,3478.23,3447.59,3474.9,2766314.0
2021-04-30,3468.3,3469.09,3426.9,3446.86,3126604.0
2021-05-06,3446.07,3471.24,3426.85,3441.28,3104242.0
2021-05-07,3446.41,3457.89,3416.78,3418.87,3537854.0
2021-05-10,3423.59,3429.74,3401.93,3427.99,3741709.0
2021-05-11,3406.6,3448.1,3384.7,3441.85,3509341.0
2021-05-12,3429.75,3466.37,3428.39,3462.75,3114445.0
2021-05-13,3432.14,3448.02,3418.38,3429.54,3193253.0
2021-05-14,3436.09,3490.64,3422.56,3490.38,3369823.0
2021-05-17,3490.41,3530.51,3490.14,3517.62,3221360.0
2021-05-18,3520.65,3529.01,3510.86,3529.01,2713086.0
2021-05-19,3521.11,3521.11,3503.82,3510.96,2783211.0
2021-05-20,3500.88,3517.74,3486.07,3506.94,3260093.0
2021-05-21,3510.84,3518.38,3479.67,3486.56,2838263.0
2021-05-24,3486.27,3498.3,3469.87,3497.28,2895092.0
2021-05-25,3502.54,3584.58,3502.44,3581.34,3412411.0
2021-05-26,3586.84,3603.49,3585.37,3593.36,3419803.0
2021-05-27,3585.73,3626.36,3579.26,3608.85,3095515.0
2021-05-28,3610.77,3622.18,3582.36,3600.78,3492088.0
2021-05-31,3600.07,3615.66,3580.65,3615.48,3315238.0
2021-06-01,3608.6,3626.07,3581.91,3624.71,3528114.0
2021-06-02,3626.33,3629.29,3584.6,3597.14,3485584.0
2021-06-03,3595.42,3618.51,3584.21,3584.21,3542330.0
2021-06-04,3565.47,3618.8,3561.89,3591.84,3308930.0
2021-06-07,3597.14,3600.38,3581.9,3599.54,3037187.0
2021-06-08,3598.75,3621.52,3563.25,3580.11,3044915.0
2021-06-09,3576.8,3598.71,3572.64,3591.4,2983233.0
2021-06-10,3587.53,3624.34,3584.13,3610.86,3181748.0
2021-06-11,3614.11,3614.4,3587.15,3589.75,3605550.0
2021-06-15,3587.47,3592.95,3547.19,3556.56,3491686.0
2021-06-16,3556.71,3561.09,3513.56,3518.33,3125973.0
2021-06-17,3508.32,3534.2,3507.35,3525.6,2772299.0
2021-06-18,3520.5,3535.62,3503.18,3525.1,2967086.0
2021-06-21,3515.5,3540.3,3504.01,3529.18,2808983.0
2021-06-22,3539.79,3560.19,3536.81,3557.41,3075364.0
2021-06-23,3559.4,3577.47,3549.85,3566.22,3107095.0
2021-06-24,3568.58,3570.49,3548.82,3566.65,3354408.0
2021-06-25,3567.38,3614.3,3564.52,3607.56,3460878.0
2021-06-28,3612.25,3614.36,3594.22,3606.37,3212750.0
2021-06-29,3601.68,3601.83,3570.53,3573.18,3060712.0
2021-06-30,3572.62,3594.12,3569.5,3591.2,2681628.0
2021-07-01,3600.55,3607.7,3573.94,3588.78,2918832.0
2021-07-02,3569.89,3569.89,3514.34,3518.76,2919455.0
2021-07-05,3516.92,3534.32,3510.58,3534.32,2880948.0
2021-07-06,3533.13,3538.35,3496.93,3530.26,3140702.0
2021-07-07,3508.59,3557.88,3504.47,3553.72,3188392.0
2021-07-08,3557.22,3558.68,3521.06,3525.5,3508779.0
2021-07-09,3512.23,3529.31,3485.05,3524.09,3498843.0
2021-07-12,3545.2,3565.03,3527.39,3547.84,4036396.0
2021-07-13,3547.59,3567.48,3542.82,3566.52,3624167.0
2021-07-14,3560.83,3560.83,3525.49,3528.5,3722217.0
2021-07-15,3519.06,3565.93,3514.26,3564.59,3632592.0
2021-07-16,3559.53,3566.0,3537.73,3539.3,3660148.0
2021-07-19,3530.49,3544.88,3506.34,3539.12,3367609.0
2021-07-20,3515.07,3538.64,3509.19,3536.79,2937806.0
2021-07-21,3543.05,3569.09,3543.05,3562.66,3389787.0
2021-07-22,3563.66,3576.47,3558.29,3574.73,3810671.0
2021-07-23,3571.72,3571.85,3541.51,3550.4,4464212.0
2021-07-26,3538.01,3538.01,3424.74,3467.44,4428822.0
2021-07-27,3467.45,3483.87,3380.28,3381.18,4690754.0
2021-07-28,3355.82,3385.54,3312.72,3361.59,3958254.0
2021-07-29,3403.84,3416.61,3382.57,3411.72,3445694.0
2021-07-30,3398.2,3404.88,3370.45,3397.36,3814410.0
2021-08-02,3385.69,3464.29,3367.64,3464.29,4329279.0
2021-08-03,3446.78,3470.66,3435.46,3447.99,4006981.0
2021-08-04,3442.94,3477.6,3440.78,3477.22,3487442.0
2021-08-05,3461.72,3486.16,3449.39,3466.55,3484369.0
2021-08-06,3465.48,3466.39,3436.93,3458.23,3368244.0
2021-08-09,3441.75,3502.84,3438.7,3494.63,3499101.0
2021-08-10,3488.66,3529.93,3477.06,3529.93,3451130.0
2021-08-11,3527.11,3544.09,3524.04,3532.62,3837836.0
2021-08-12,3522.72,3538.4,3513.45,3524.74,3810746.0
2021-08-13,3514.47,3540.08,3500.8,3516.3,3781873.0
2021-08-16,3514.34,3537.85,3510.9,3517.34,3910997.0
2021-08-17,3512.11,3531.72,3438.12,3446.98,4228858.0
2021-08-18,3442.35,3487.44,3437.69,3485.29,3892038.0
2021-08-19,3475.3,3480.46,3446.01,3465.55,3823830.0
2021-08-20,3442.51,3453.15,3394.97,3427.33,3911369.0
2021-08-23,3436.8,3481.25,3436.67,3477.13,3847274.0
2021-08-24,3482.27,3522.7,3481.14,3514.47,4302365.0
2021-08-25,3517.92,3540.39,3510.07,3540.38,4500470.0
2021-08-26,3537.31,3537.32,3499.45,3501.66,5029031.0
2021-08-27,3494.42,3530.19,3493.38,3522.16,4553459.0
2021-08-30,3535.07,3539.49,3512.99,3528.15,5127857.0
2021-08-31,3519.02,3543.94,3496.39,3543.94,5242051.0
2021-09-01,3543.87,3582.32,3514.67,3567.1,6672763.0
2021-09-02,3559.9,3597.37,3557.68,3597.04,5726840.0
2021-09-03,3602.74,3613.95,3569.4,3581.73,6145324.0
2021-09-06,3580.14,3626.29,3580.14,3621.86,5217133.0
2021-09-07,3621.71,3681.93,3615.14,3676.59,5477219.0
2021-09-08,3673.4,3695.32,3661.0,3675.19,5864362.0
2021-09-09,3666.82,3693.45,3662.16,3693.13,6048103.0
2021-09-10,3691.19,3722.87,3681.64,3703.11,6352004.0
2021-09-13,3699.25,3716.83,3692.82,3715.37,5574840.0
2021-09-14,3709.63,3723.85,3655.63,3662.6,5649524.0
2021-09-15,3651.16,3677.53,3638.32,3656.22,4749700.0
2021-09-16,3664.84,3677.92,3606.73,3607.09,5467415.0
2021-09-17,3595.27,3620.96,3569.27,3613.97,5168502.0
2021-09-22,3563.21,3629.45,3560.5,3628.49,4722961.0
2021-09-23,3651.27,3670.95,3632.28,3642.22,5349955.0
2021-09-24,3637.87,3651.43,3607.79,3613.07,5073048.0
2021-09-27,3625.96,3640.81,3559.92,3582.83,5108028.0
2021-09-28,3577.89,3610.92,3568.82,3602.22,4441688.0
2021-09-29,3573.52,3573.52,3518.05,3536.29,4525112.0
2021-09-30,3541.93,3572.43,3541.93,3568.17,3956296.0
2021-10-08,3609.09,3612.55,3571.73,3592.17,4071611.0
2021-10-11,3600.36,3614.7,3586.75,3591.71,3943612.0
2021-10-12,3581.3,3583.64,3515.14,3546.94,4053937.0
2021-10-13,3543.49,3569.13,3515.65,3561.76,3250507.0
2021-10-14,3555.11,3569.69,3547.18,3558.28,2949692.0
2021-10-15,3551.99,3578.77,3542.69,3572.37,3202930.0
2021-10-18,3571.05,3571.05,3539.48,3568.14,3409506.0
2021-10-19,3562.3,3596.79,3560.62,3593.15,3341977.0
2021-10-20,3583.24,3596.05,3574.3,3587.0,3442450.0
2021-10-21,3590.05,3610.96,3576.35,3594.78,3523109.0
2021-10-22,3594.75,3607.58,3578.76,3582.6,3531572.0
2021-10-25,3574.26,3611.09,3564.21,3609.86,3211968.0
2021-10-26,3612.83,3625.02,3589.71,3597.64,3372783.0
2021-10-27,3589.86,3589.86,3553.13,3562.31,3506209.0
2021-10-28,3548.7,3552.04,3509.49,3518.42,3781717.0
2021-10-29,3519.33,3547.34,3502.8,3547.34,3588094.0
2021-11-01,3530.4,3556.59,3519.29,3544.48,3822513.0
2021-11-02,3543.38,3559.05,3477.66,3505.63,4175632.0
2021-11-03,3501.11,3512.61,3480.49,3498.54,3066077.0
2021-11-04,3505.89,3527.95,3503.01,3526.87,3194408.0
2021-11-05,3520.21,3525.87,3491.46,3491.57,3545336.0
2021-11-08,3491.97,3507.27,3484.24,3498.63,2981837.0
2021-11-09,3507.11,3514.95,3489.04,3507.0,2873160.0
2021-11-10,3498.94,3498.94,3448.44,3492.46,3070307.0
2021-11-11,3486.45,3534.2,3482.83,3532.79,3220880.0
2021-11-12,3534.15,3543.65,3527.39,3539.1,3086834.0
2021-11-15,3542.9,3550.44,3521.29,3533.3,3130176.0
2021-11-16,3530.46,3549.77,3517.81,3521.79,3103999.0
2021-11-17,3518.56,3537.51,3513.52,3537.37,2767357.0
2021-11-18,3531.49,3537.98,3513.11,3520.71,3124269.0
2021-11-19,3519.28,3561.91,3517.65,3560.37,3179900.0
2021-11-22,3562.76,3585.19,3562.75,3582.08,3300094.0
2021-11-23,3580.51,3598.37,3577.36,3589.09,3600116.0
2021-11-24,3590.02,3602.74,3575.29,3592.7,3367752.0
2021-11-25,3593.39,3597.15,3579.53,3584.18,3064515.0
2021-11-26,3576.11,3576.11,3554.88,3564.09,3010001.0
2021-11-29,3528.67,3563.68,3526.36,3562.7,3336183.0
2021-11-30,3570.75,3582.12,3546.36,3563.89,3491879.0
2021-12-01,3561.89,3576.89,3558.69,3576.89,3298735.0
2021-12-02,3573.25,3586.87,3567.14,3573.84,3540415.0
2021-12-03,3576.45,3608.47,3573.21,3607.43,3775510.0
2021-12-06,3615.24,3626.13,3586.81,3589.31,4186767.0
2021-12-07,3611.22,3614.22,3572.57,3595.09,4038426.0
2021-12-08,3602.82,3637.72,3591.99,3637.57,3610367.0
2021-12-09,3641.16,3688.4,3638.7,3673.04,4319182.0
2021-12-10,3654.37,3667.85,3651.35,3666.35,4199888.0
2021-12-13,3686.94,3708.94,3678.06,3681.08,4240920.0
2021-12-14,3669.81,3671.68,3654.66,3661.53,3621719.0
2021-12-15,3655.05,3668.4,3645.24,3647.63,3774777.0
2021-12-16,3648.93,3675.02,3644.66,3675.02,3813295.0
2021-12-17,3670.26,3673.65,3631.66,3632.36,4084878.0
2021-12-20,3620.04,3643.95,3589.36,3593.6,4238514.0
2021-12-21,3591.45,3627.09,3591.45,3625.13,4081843.0
2021-12-22,3632.68,3635.9,3616.55,3622.62,3948252.0
2021-12-23,3625.47,3643.55,3618.05,3643.34,3829257.0
2021-12-24,3645.39,3648.96,3612.07,3618.05,3903476.0
2021-12-27,3613.05,3632.19,3601.94,3615.97,3292353.0
2021-12-28,3619.64,3631.08,3607.36,3630.11,3162022.0
2021-12-29,3630.92,3630.92,3596.32,3597.0,3051318.0
2021-12-30,3596.49,3628.92,3595.5,3619.19,3078393.0
2021-12-31,3626.24,3642.84,3624.94,3639.78,3296819.0
2022-01-04,3649.15,3651.89,3610.09,3632.33,4050278.0
2022-01-05,3628.26,3628.26,3583.47,3595.18,4239020.0
2022-01-06,3581.22,3594.49,3559.88,3586.08,3715405.0
2022-01-07,3588.99,3607.23,3577.1,3579.54,4363070.0
2022-01-10,3572.74,3593.52,3555.13,3593.52,3562226.0
2022-01-11,3589.9,3602.15,3562.75,3567.44,3597619.0
2022-01-12,3578.16,3599.5,3572.1,3597.43,3431330.0
2022-01-13,3601.03,3601.07,3555.16,3555.26,3693684.0
2022-01-14,3544.07,3548.42,3519.32,3521.26,3769370.0
2022-01-17,3522.09,3546.09,3519.43,3541.67,3128867.0
2022-01-18,3541.89,3579.31,3531.33,3569.91,3771464.0
2022-01-19,3567.63,3578.73,3541.66,3558.18,3332353.0
2022-01-20,3556.23,3576.26,3540.55,3555.06,3795098.0
2022-01-21,3546.75,3547.0,3514.89,3522.57,3265349.0
2022-01-24,3508.24,3531.61,3500.14,3524.11,2802683.0
2022-01-25,3509.28,3519.83,3433.06,3433.06,3273538.0
2022-01-26,3442.69,3462.12,3417.76,3455.67,2751228.0
2022-01-27,3456.1,3456.36,3392.02,3394.25,2806065.0
2022-01-28,3407.59,3417.05,3356.56,3361.44,2908553.0
2022-02-07,3407.76,3434.03,3407.76,3429.58,3204852.0
2022-02-08,3428.54,3453.19,3390.46,3452.63,3660939.0
2022-02-09,3450.82,3484.74,3444.08,3479.95,3502499.0
2022-02-10,3481.91,3488.86,3464.22,3485.91,3556663.0
2022-02-11,3472.28,3500.15,3459.33,3462.95,3613561.0
2022-02-14,3451.85,3457.26,3415.45,3428.88,3152744.0
2022-02-15,3428.04,3447.49,3421.64,3446.09,2755593.0
2022-02-16,3457.07,3475.06,3453.8,3465.83,2749939.0
2022-02-17,3464.21,3480.97,3454.28,3468.04,2972627.0
2022-02-18,3451.63,3490.76,3447.03,3490.76,2951500.0
2022-02-21,3488.41,3492.2,3471.69,3490.61,3015417.0
2022-02-22,3473.29,3473.39,3437.67,3457.15,3262795.0
2022-02-23,3458.51,3490.76,3458.18,3489.15,3256049.0
2022-02-24,3474.37,3486.98,3400.21,3429.96,4883549.0
2022-02-25,3445.34,3480.18,3440.93,3451.41,3775426.0
2022-02-28,3450.32,3462.31,3425.52,3462.31,3458384.0
2022-03-01,3471.36,3491.13,3465.72,3488.83,3260017.0
2022-03-02,3478.29,3486.62,3467.0,3484.19,3293677.0
2022-03-03,3495.93,3500.29,3473.34,3481.11,4125943.0
2022-03-04,3459.98,3474.88,3437.7,3447.65,3935266.0
2022-03-07,3438.56,3438.56,3360.74,3372.86,3935890.0
2022-03-08,3372.55,3383.63,3287.34,3293.53,4159268.0
2022-03-09,3303.71,3321.48,3147.68,3256.39,4662856.0
2022-03-10,3312.18,3326.58,3291.24,3296.09,3783364.0
2022-03-11,3259.32,3315.66,3217.42,3309.75,3840671.0
2022-03-14,3271.89,3297.8,3223.53,3223.53,3379687.0
2022-03-15,3192.36,3196.92,3063.97,3063.97,4650372.0
2022-03-16,3107.67,3177.79,3023.3,3170.71,4446672.0
2022-03-17,3215.01,3260.17,3202.93,3215.04,4208135.0
2022-03-18,3207.15,3260.78,3197.36,3251.07,3730356.0
2022-03-21,3255.62,3267.5,3223.39,3253.69,3542285.0
2022-03-22,3249.54,3279.11,3239.53,3259.86,3611962.0
2022-03-23,3264.79,3279.89,3251.98,3271.03,3498754.0
2022-03-24,3256.06,3266.89,3236.66,3250.26,3290067.0
2022-03-25,3247.16,3257.11,3211.64,3212.24,3400200.0
2022-03-28,3185.17,3230.22,3159.83,3214.5,3449949.0
2022-03-29,3216.01,3229.18,3196.46,3203.94,3162736.0
2022-03-30,3217.59,3266.6,3216.3,3266.6,3667537.0
2022-03-31,3256.14,3272.04,3246.06,3252.2,3984399.0
2022-04-01,3234.67,3287.23,3226.3,3282.72,3782105.0
2022-04-06,3269.43,3288.11,3255.69,3283.43,4296428.0
2022-04-07,3267.81,3290.26,3236.48,3236.7,4026267.0
2022-04-08,3239.88,3257.09,3208.35,3251.85,4138268.0
2022-04-11,3239.86,3239.86,3156.51,3167.13,4241602.0
2022-04-12,3165.12,3214.54,3140.9,3213.33,4183219.0
2022-04-13,3199.8,3225.47,3183.53,3186.82,3911569.0
2022-04-14,3203.63,3240.0,3200.23,3225.64,3712423.0
2022-04-15,3210.7,3229.87,3200.13,3211.24,4078421.0
2022-04-18,3185.94,3204.03,3166.98,3195.52,3473651.0
2022-04-19,3192.09,3207.83,3174.71,3194.03,3399441.0
2022-04-20,3189.89,3191.83,3142.05,3151.05,3620470.0
2022-04-21,3138.43,3160.9,3069.68,3079.81,3919347.0
2022-04-22,3058.4,3105.66,3049.36,3086.92,3420006.0
2022-04-25,3034.27,3043.82,2928.51,2928.51,4336061.0
2022-04-26,2930.45,2957.68,2878.26,2886.43,4016152.0
2022-04-27,2866.82,2959.18,2863.65,2958.28,4230602.0
2022-04-28,2945.81,2991.51,2936.79,2975.48,3753718.0
2022-04-29,2986.06,3048.49,2968.33,3047.06,4239328.0
2022-05-05,3044.85,3082.23,3042.12,3067.76,3830729.0
2022-05-06,3011.32,3030.69,2992.72,3001.56,3432642.0
2022-05-09,2990.2,3015.94,2983.61,3004.14,2920616.0
2022-05-10,2965.78,3043.78,2957.4,3035.84,3706610.0
2022-05-11,3035.39,3100.9,3034.67,3058.7,4239919.0
2022-05-12,3044.8,3072.16,3032.95,3054.99,3444405.0
2022-05-13,3068.03,3086.1,3059.25,3084.28,3317379.0
2022-05-16,3100.55,3102.58,3063.4,3073.75,3381085.0
2022-05-17,3076.5,3093.7,3057.64,3093.7,3303565.0
2022-05-18,3095.89,3105.84,3071.31,3085.98,3150379.0
2022-05-19,3046.71,3096.96,3042.67,3096.96,3366007.0
2022-05-20,3107.09,3146.57,3107.09,3146.57,3723366.0
2022-05-23,3150.49,3150.51,3127.9,3146.86,3533763.0
2022-05-24,3149.06,3153.13,3070.93,3070.93,4163122.0
2022-05-25,3070.17,3107.63,3069.95,3107.46,3422592.0
2022-05-26,3111.48,3133.28,3079.48,3123.11,3703055.0
2022-05-27,3135.03,3151.05,3112.54,3130.24,3594639.0
2022-05-30,3141.96,3150.89,3123.15,3149.06,3493623.0
2022-05-31,3149.94,3188.6,3142.0,3186.43,3745233.0
2022-06-01,3179.69,3190.61,3160.04,3182.16,3656644.0
2022-06-02,3170.31,3197.28,3163.76,3195.46,3617706.0
2022-06-06,3196.96,3237.07,3181.65,3236.37,4220278.0
2022-06-07,3235.42,3253.09,3222.64,3241.76,4022032.0
2022-06-08,3245.02,3266.63,3216.01,3263.79,4341833.0
2022-06-09,3259.49,3270.56,3223.48,3238.95,4227284.0
2022-06-10,3214.18,3286.62,3210.81,3284.83,4398657.0
2022-06-13,3256.28,3272.99,3229.31,3255.55,4385783.0
2022-06-14,3224.21,3289.13,3195.82,3288.91,4503882.0
2022-06-15,3289.1,3358.55,3288.85,3305.41,5505841.0
2022-06-16,3306.84,3319.69,3277.53,3285.38,4332209.0
2022-06-17,3265.51,3323.28,3262.89,3316.79,3953007.0
2022-06-20,3315.78,3333.9,3292.93,3315.43,4134604.0
2022-06-21,3313.79,3329.39,3279.83,3306.72,3944569.0
2022-06-22,3309.12,3311.02,3266.54,3267.2,3755298.0
2022-06-23,3269.05,3320.15,3262.29,3320.15,4006142.0
2022-06-24,3324.74,3356.71,3322.95,3349.75,3908197.0
2022-06-27,3364.0,3393.31,3364.0,3379.19,4141177.0
2022-06-28,3377.68,3412.1,3358.87,3409.21,4120565.0
2022-06-29,3399.68,3414.65,3358.47,3361.52,4405736.0
2022-06-30,3358.93,3417.01,3358.93,3398.62,3812432.0
2022-07-01,3400.26,3404.05,3378.36,3387.64,3504893.0
2022-07-04,3381.82,3405.62,3364.09,3405.43,3577379.0
2022-07-05,3411.13,3424.84,3372.06,3404.03,4116997.0
2022-07-06,3391.03,3391.03,3333.1,3355.35,3846300.0
2022-07-07,3353.13,3375.86,3332.31,3364.4,3344002.0
2022-07-08,3380.37,3386.31,3354.12,3356.08,3229211.0
2022-07-11,3341.1,3341.1,3297.01,3313.58,3426692.0
2022-07-12,3307.22,3319.25,3277.08,3281.47,3346005.0
2022-07-13,3279.6,3297.02,3266.48,3284.29,3318457.0
2022-07-14,3277.45,3299.25,3261.49,3281.74,3559264.0
2022-07-15,3261.38,3288.92,3228.06,3228.06,3801564.0
2022-07-18,3235.09,3278.47,3226.23,3278.1,3483460.0
2022-07-19,3278.72,3283.93,3256.02,3279.43,3156519.0
2022-07-20,3291.55,3308.35,3287.74,3304.72,3015151.0
2022-07-21,3297.66,3300.53,3272.0,3272.0,3323587.0
2022-07-22,3276.2,3293.64,3246.73,3269.97,3006901.0
2022-07-25,3269.71,3273.18,3243.03,3250.39,2712457.0
2022-07-26,3254.19,3282.41,3246.04,3277.44,2594687.0
2022-07-27,3271.78,3282.57,3265.73,3275.76,2491315.0
2022-07-28,3287.5,3305.71,3277.11,3282.58,2880551.0
2022-07-29,3282.81,3294.8,3246.37,3253.24,3073310.0
2022-08-01,3246.62,3264.3,3225.55,3259.96,2922048.0
2022-08-02,3231.26,3231.26,3155.19,3186.27,3941762.0
2022-08-03,3188.89,3217.55,3159.46,3163.67,3248857.0
2022-08-04,3179.43,3191.0,3155.7,3189.04,2608989.0
2022-08-05,3195.23,3228.89,3184.45,3227.03,2746837.0
2022-08-08,3218.85,3237.97,3214.08,3236.93,2542681.0
2022-08-09,3235.74,3248.77,3227.54,3247.43,2596055.0
2022-08-10,3242.36,3253.17,3217.81,3230.02,2575836.0
2022-08-11,3243.47,3281.67,3237.9,3281.67,3006054.0
2022-08-12,3275.77,3288.22,3272.84,3276.89,2999329.0
2022-08-15,3268.37,3286.89,3261.82,3276.09,2871068.0
2022-08-16,3278.68,3295.02,3271.57,3277.88,3035923.0
2022-08-17,3282.1,3296.0,3263.35,3292.53,3261248.0
2022-08-18,3286.37,3289.14,3270.56,3277.54,3016948.0
2022-08-19,3275.62,3286.49,3258.06,3258.08,3335355.0
2022-08-22,3249.7,3278.17,3247.19,3277.79,3145379.0
2022-08-23,3274.43,3284.6,3262.63,3276.22,3165664.0
2022-08-24,3279.17,3281.88,3212.39,3215.2,3661406.0
2022-08-25,3223.46,3248.35,3199.12,3246.25,3361962.0
2022-08-26,3250.63,3266.27,3232.28,3236.22,3099276.0
2022-08-29,3203.1,3240.73,3199.0,3240.73,2970151.0
2022-08-30,3240.18,3243.75,3212.63,3227.22,2943189.0
2022-08-31,3216.53,3232.02,3184.39,3202.14,3444088.0
2022-09-01,3196.54,3214.56,3181.63,3184.98,2746605.0
2022-09-02,3189.64,3198.28,3173.79,3186.48,2504569.0
2022-09-05,3183.95,3199.91,3172.04,3199.91,2806756.0
2022-09-06,3207.93,3244.64,3203.82,3243.45,3188697.0
2022-09-07,3232.14,3253.77,3227.82,3246.29,3010145.0
2022-09-08,3245.56,3253.7,3233.8,3235.59,2816804.0
2022-09-09,3241.18,3266.2,3236.51,3262.05,2838277.0
2022-09-13,3272.05,3278.17,3259.66,3263.8,2761898.0
2022-09-14,3224.68,3250.8,3221.96,3237.54,2551934.0
2022-09-15,3248.97,3254.18,3174.39,3199.92,3252061.0
2022-09-16,3189.83,3191.83,3126.4,3126.4,3164759.0
2022-09-19,3122.75,3135.56,3101.22,3115.6,2491137.0
2022-09-20,3127.84,3140.03,3114.04,3122.41,2199425.0
2022-09-21,3116.01,3129.82,3091.3,3117.18,2329725.0
2022-09-22,3098.77,3125.68,3092.82,3108.91,2211407.0
2022-09-23,3106.81,3124.66,3072.24,3088.37,2430577.0
2022-09-26,3067.57,3102.65,3048.51,3051.23,2626986.0
2022-09-27,3056.39,3094.04,3048.37,3093.86,2327353.0
2022-09-28,3089.1,3089.1,3044.86,3045.07,2300987.0
2022-09-29,3067.47,3076.76,3026.08,3041.2,2300304.0
2022-09-30,3042.17,3054.61,3021.93,3024.39,2041153.0
2022-10-10,3026.94,3029.45,2968.28,2974.15,2434048.0
2022-10-11,2978.06,2986.91,2953.5,2979.79,2086360.0
2022-10-12,2976.72,3025.51,2934.09,3025.51,2480136.0
2022-10-13,3008.3,3036.25,3004.5,3016.36,2496833.0
2022-10-14,3035.03,3084.27,3035.03,3071.99,2773041.0
2022-10-17,3060.52,3087.19,3052.71,3084.94,2626086.0
2022-10-18,3094.93,3099.92,3074.22,3080.96,2456348.0
2022-10-19,3073.26,3081.39,3044.38,3044.38,2308953.0
2022-10-20,3029.3,3070.26,3013.69,3035.05,2447361.0
2022-10-21,3038.04,3055.42,3026.96,3038.93,2452541.0
2022-10-24,3034.75,3064.42,2965.17,2977.56,2980854.0
2022-10-25,2969.16,3001.72,2944.26,2976.28,2555542.0
2022-10-26,2977.56,3028.35,2977.56,2999.5,2686895.0
2022-10-27,3005.04,3017.26,2981.69,2982.9,2656083.0
2022-10-28,2967.02,2974.24,2908.98,2915.93,2925313.0
2022-10-31,2893.2,2926.02,2885.09,2893.48,3019942.0
2022-11-01,2899.5,2969.2,2896.76,2969.2,3198096.0
2022-11-02,2960.65,3019.05,2954.95,3003.37,3250782.0
2022-11-03,2981.2,3003.72,2977.72,2997.81,2593486.0
2022-11-04,2997.0,3081.59,2997.0,3070.8,3298067.0
2022-11-07,3062.86,3088.19,3054.46,3077.82,3205671.0
2022-11-08,3077.31,3078.28,3047.46,3064.49,2565220.0
2022-11-09,3064.46,3073.92,3046.19,3048.17,2356373.0
2022-11-10,3031.69,3047.98,3022.85,3036.13,2703718.0
2022-11-11,3099.65,3117.74,3070.3,3087.29,4096045.0
2022-11-14,3100.87,3121.41,3075.22,3083.4,3617882.0
2022-11-15,3081.13,3135.59,3074.5,3134.08,3314706.0
2022-11-16,3133.65,3145.75,3115.35,3119.98,3034298.0
2022-11-17,3110.96,3115.44,3087.17,3115.43,2870284.0
2022-11-18,3116.73,3126.71,3096.89,3097.24,2999543.0
2022-11-21,3078.06,3085.24,3056.17,3085.04,2560455.0
2022-11-22,3084.23,3118.12,3076.32,3088.94,3275659.0
2022-11-23,3084.74,3108.24,3075.32,3096.91,3261554.0
2022-11-24,3104.1,3113.24,3084.86,3089.31,2674829.0
2022-11-25,3085.46,3111.42,3077.97,3101.69,3114320.0
2022-11-28,3055.29,3080.18,3034.7,3078.55,3058113.0
2022-11-29,3096.11,3152.0,3096.11,3149.75,3914497.0
2022-11-30,3141.4,3158.57,3137.37,3151.34,3727183.0
2022-12-01,3187.99,3198.41,3164.53,3165.47,3870131.0
2022-12-02,3160.58,3170.9,3149.84,3156.14,3078125.0
2022-12-05,3181.92,3213.44,3177.06,3211.81,4473984.0
2022-12-06,3200.28,3224.82,3195.08,3212.53,3735903.0
2022-12-07,3204.94,3226.08,3188.67,3199.62,3541131.0
2022-12-08,3196.02,3206.72,3187.26,3197.35,3209693.0
2022-12-09,3197.12,3212.11,3182.91,3206.95,3733432.0
2022-12-12,3195.87,3196.72,3176.58,3179.04,3333818.0
2022-12-13,3179.44,3187.2,3171.48,3176.33,2858212.0
2022-12-14,3178.55,3189.84,3168.59,3176.53,2656236.0
2022-12-15,3177.2,3179.1,3158.45,3168.65,2430233.0
2022-12-16,3156.13,3175.35,3151.61,3167.86,2597718.0
2022-12-19,3165.31,3170.26,3096.1,3107.12,2785135.0
2022-12-20,3098.95,3100.75,3061.51,3073.77,2188368.0
2022-12-21,3078.33,3085.8,3060.55,3068.41,1890679.0
2022-12-22,3085.8,3096.24,3044.6,3054.43,2236395.0
2022-12-23,3038.84,3061.87,3031.54,3045.87,1920203.0
2022-12-26,3048.2,3071.84,3047.35,3065.56,2065039.0
2022-12-27,3077.75,3098.08,3074.31,3095.57,2222183.0
2022-12-28,3088.62,3098.65,3079.43,3087.4,2245542.0
2022-12-29,3076.73,3086.0,3064.46,3073.7,2155707.0
2022-12-30,3084.52,3096.31,3082.2,3089.26,2175453.0
2023-01-03,3087.51,3119.86,3073.05,3116.51,2813704.0
2023-01-04,3117.57,3129.09,3109.45,3123.52,2733136.0
2023-01-05,3132.76,3159.43,3130.23,3155.22,2570030.0
2023-01-06,3155.07,3170.74,3151.84,3157.64,2573803.0
2023-01-09,3169.37,3183.58,3165.43,3176.08,2581152.0
2023-01-10,3178.02,3178.16,3165.14,3169.51,2329842.0
2023-01-11,3172.38,3184.76,3160.89,3161.84,2377429.0
2023-01-12,3167.27,3171.59,3153.4,3163.45,2166713.0
2023-01-13,3170.35,3195.31,3167.51,3195.31,2202269.0
2023-01-16,3198.52,3251.37,3197.32,3227.59,3067495.0
2023-01-17,3229.44,3231.26,3211.76,3224.24,2265922.0
2023-01-18,3227.59,3234.82,3220.37,3224.41,2121097.0
2023-01-19,3221.52,3240.28,3210.38,3240.28,2264650.0
2023-01-20,3247.2,3267.06,3247.2,3264.81,2732192.0
2023-01-30,3308.87,3310.49,3266.76,3269.32,3533258.0
2023-01-31,3266.14,3277.25,3252.01,3255.67,3001630.0
2023-02-01,3262.2,3284.92,3245.41,3284.92,3395094.0
2023-02-02,3291.78,3295.76,3272.41,3285.67,3334131.0
2023-02-03,3275.66,3275.66,3235.35,3263.41,2933428.0
2023-02-06,3244.7,3250.35,3226.21,3238.7,2670531.0
2023-02-07,3245.23,3250.03,3233.83,3248.09,2509465.0
2023-02-08,3251.5,3257.11,3230.44,3232.11,2345305.0
2023-02-09,3227.73,3270.38,3225.77,3270.38,2547545.0
2023-02-10,3266.44,3269.99,3247.23,3260.67,2606269.0
2023-02-13,3256.99,3285.09,3252.63,3284.16,2972132.0
2023-02-14,3288.97,3293.73,3279.19,3293.28,2709742.0
2023-02-15,3294.02,3296.2,3274.55,3280.49,2699391.0
2023-02-16,3281.74,3308.83,3231.34,3249.03,3808635.0
2023-02-17,3244.73,3262.47,3223.26,3224.02,2784512.0
2023-02-20,3230.47,3291.04,3225.84,3290.34,3250077.0
2023-02-21,3291.63,3308.79,3282.44,3306.52,3244094.0
2023-02-22,3292.05,3307.03,3286.72,3291.15,2554040.0
2023-02-23,3293.52,3307.44,3275.36,3287.48,2623243.0
2023-02-24,3287.26,3288.39,3253.97,3267.16,2342063.0
2023-02-27,3257.0,3276.58,3251.72,3258.03,2428553.0
2023-02-28,3265.74,3280.42,3246.14,3279.61,2516250.0
2023-03-01,3279.14,3315.16,3272.04,3312.35,3183987.0
2023-03-02,3308.01,3320.74,3306.46,3310.65,3285200.0
2023-03-03,3314.77,3330.6,3302.62,3328.39,3439969.0
2023-03-06,3332.02,3333.06,3308.73,3322.03,3405304.0
2023-03-07,3320.21,3342.86,3284.41,3285.1,3899580.0
2023-03-08,3271.88,3283.25,3263.69,3283.25,2604435.0
2023-03-09,3285.94,3289.06,3260.0,3276.09,2640219.0
2023-03-10,3255.51,3262.15,3229.5,3230.08,2811354.0
2023-03-13,3228.12,3268.7,3228.12,3268.7,2949281.0
2023-03-14,3261.92,3262.0,3216.99,3245.31,3199060.0
2023-03-15,3261.03,3273.12,3256.86,3263.31,3051688.0
2023-03-16,3244.47,3257.43,3224.72,3226.89,3273896.0
2023-03-17,3245.26,3279.92,3240.16,3250.55,3430010.0
2023-03-20,3253.93,3267.99,3231.65,3234.91,3925174.0
2023-03-21,3240.84,3256.0,3237.89,3255.65,3018108.0
2023-03-22,3263.41,3279.39,3255.74,3265.75,2908405.0
2023-03-23,3258.78,3286.65,3252.99,3286.65,3061184.0
2023-03-24,3282.74,3282.74,3260.84,3265.65,3245133.0
2023-03-27,3261.82,3261.82,3229.7,3251.4,3378612.0
2023-03-28,3256.6,3264.1,3241.74,3245.38,2956827.0
2023-03-29,3253.62,3254.56,3229.58,3240.06,2969005.0
2023-03-30,3243.07,3263.74,3220.98,3261.25,2998983.0
2023-03-31,3263.41,3278.42,3260.04,3272.86,2836137.0
2023-04-03,3277.34,3299.73,3276.42,3296.4,3576768.0
2023-04-04,3297.18,3312.56,3290.99,3312.56,3858716.0
2023-04-06,3302.75,3314.53,3296.06,3312.63,3271554.0
2023-04-07,3312.48,3328.85,3308.06,3327.65,2830322.0
2023-04-10,3331.51,3332.72,3309.92,3315.36,3408198.0
2023-04-11,3317.08,3317.45,3298.25,3313.57,3205661.0
2023-04-12,3316.86,3330.71,3315.4,3327.18,3430253.0
2023-04-13,3321.27,3334.47,3309.25,3318.36,3478621.0
2023-04-14,3326.37,3340.08,3316.81,3338.15,3382993.0
2023-04-17,3337.06,3385.61,3336.39,3385.61,4028099.0
2023-04-18,3379.23,3396.17,3375.78,3393.33,3483995.0
2023-04-19,3391.35,3394.96,3364.64,3370.13,3461234.0
2023-04-20,3367.05,3371.37,3344.02,3367.03,3503550.0
2023-04-21,3364.0,3367.61,3301.26,3301.26,3873951.0
2023-04-24,3300.81,3303.09,3264.93,3275.41,3542556.0
2023-04-25,3276.4,3288.57,3229.45,3264.87,3808957.0
2023-04-26,3255.22,3277.98,3239.99,3264.1,3579178.0
2023-04-27,3256.23,3299.3,3253.11,3285.88,3415905.0
2023-04-28,3283.12,3324.88,3283.12,3323.27,4015548.0
2023-05-04,3306.48,3352.75,3302.03,3350.46,4833649.0
2023-05-05,3350.65,3364.14,3321.19,3334.5,4365045.0
2023-05-08,3340.99,3400.18,3340.99,3395.0,5341037.0
2023-05-09,3402.39,3418.95,3356.12,3357.67,5730133.0
2023-05-10,3347.7,3349.72,3305.25,3319.15,4517397.0
2023-05-11,3323.66,3333.25,3307.29,3309.55,3542583.0
2023-05-12,3304.46,3319.13,3271.43,3272.36,3473150.0
2023-05-15,3269.88,3310.74,3235.87,3310.74,3880459.0
2023-05-16,3310.16,3317.9,3282.49,3290.99,3224794.0
2023-05-17,3281.97,3298.52,3269.89,3284.23,2857441.0
2023-05-18,3288.41,3313.86,3284.17,3297.32,3099675.0
2023-05-19,3288.89,3302.34,3268.22,3283.54,2854041.0
2023-05-22,3278.6,3308.53,3276.54,3296.47,2738900.0
2023-05-23,3294.79,3298.23,3246.24,3246.24,2752791.0
2023-05-24,3237.7,3237.7,3204.38,3204.75,2887203.0
2023-05-25,3197.36,3207.02,3168.57,3201.26,2835889.0
2023-05-26,3198.88,3220.77,3179.82,3212.5,2617005.0
2023-05-29,3219.76,3230.97,3208.96,3221.45,2973895.0
2023-05-30,3214.67,3230.63,3186.63,3224.21,3035325.0
2023-05-31,3214.66,3216.36,3190.27,3204.56,2945733.0
2023-06-01,3196.15,3225.09,3189.52,3204.63,3123308.0
2023-06-02,3212.45,3233.99,3211.74,3230.07,2946671.0
2023-06-05,3231.81,3244.18,3221.63,3232.44,2780602.0
2023-06-06,3228.41,3247.35,3189.27,3195.34,3082859.0
2023-06-07,3197.47,3210.33,3188.01,3197.76,2580634.0
2023-06-08,3194.83,3225.53,3180.54,3213.59,2935307.0
2023-06-09,3213.03,3231.41,3206.1,3231.41,3141555.0
2023-06-12,3225.3,3239.44,3210.71,3228.83,3137844.0
2023-06-13,3223.9,3235.09,3215.5,3233.67,2806285.0
2023-06-14,3238.12,3248.46,3226.77,3228.99,3035373.0
2023-06-15,3230.45,3252.98,3229.15,3252.98,3132558.0
2023-06-16,3256.3,3276.55,3255.5,3273.33,3262818.0
2023-06-19,3271.16,3271.16,3251.78,3255.81,3277530.0
2023-06-20,3252.54,3252.84,3237.79,3240.36,2982606.0
2023-06-21,3230.11,3236.36,3197.9,3197.9,2943774.0
2023-06-26,3177.23,3181.08,3144.25,3150.62,3081298.0
2023-06-27,3153.31,3194.41,3148.27,3189.44,2876043.0
2023-06-28,3183.49,3192.66,3157.12,3189.38,2762319.0
2023-06-29,3185.42,3196.5,3179.53,3182.38,2503401.0
2023-06-30,3178.92,3212.99,3177.99,3202.06,2653799.0
2023-07-03,3209.16,3246.86,3209.16,3243.98,3123714.0
2023-07-04,3241.23,3246.96,3233.99,3245.35,2792487.0
2023-07-05,3240.05,3241.84,3218.6,3222.95,2640164.0
2023-07-06,3215.86,3229.48,3199.72,3205.57,2461190.0
2023-07-07,3197.47,3212.05,3189.21,3196.61,2556885.0
2023-07-10,3208.73,3216.53,3192.66,3203.7,2365604.0
2023-07-11,3211.12,3221.68,3200.38,3221.37,2276005.0
2023-07-12,3220.38,3224.33,3193.44,3196.13,2714234.0
2023-07-13,3202.7,3238.47,3202.7,3236.48,2766205.0
2023-07-14,3240.97,3248.38,3234.0,3237.7,2733275.0
2023-07-17,3219.02,3219.02,3195.89,3209.63,2502084.0
2023-07-18,3206.79,3210.25,3190.0,3197.82,2350303.0
2023-07-19,3195.01,3204.36,3181.56,3198.84,2173559.0
2023-07-20,3201.91,3209.06,3165.67,3169.52,2389329.0
2023-07-21,3163.42,3185.64,3157.33,3167.75,2253314.0
2023-07-24,3157.47,3178.73,3151.13,3164.16,2165952.0
2023-07-25,3201.46,3231.75,3201.46,3231.52,3486177.0
2023-07-26,3228.09,3229.89,3212.88,3223.03,3172061.0
2023-07-27,3225.48,3245.6,3210.47,3216.67,3271189.0
2023-07-28,3206.74,3280.28,3200.99,3275.93,4110684.0
2023-07-31,3287.21,3322.13,3281.01,3291.04,4590310.0
2023-08-01,3288.76,3305.34,3279.57,3290.95,4598908.0
2023-08-02,3281.86,3290.82,3252.3,3261.69,4053415.0
2023-08-03,3254.57,3280.86,3247.27,3280.46,3846913.0
2023-08-04,3296.09,3315.05,3281.73,3288.08,4709277.0
2023-08-07,3276.78,3276.78,3258.54,3268.83,3603415.0
2023-08-08,3260.72,3274.52,3246.67,3260.62,3165207.0
2023-08-09,3251.15,3257.08,3240.29,3244.49,2712185.0
2023-08-10,3242.21,3257.03,3234.12,3254.56,2874121.0
2023-08-11,3254.48,3254.48,3189.25,3189.25,3301378.0
2023-08-14,3159.71,3180.51,3141.66,3178.43,2998403.0
2023-08-15,3180.56,3186.23,3147.35,3176.18,2732519.0
2023-08-16,3164.7,3176.63,3149.72,3150.13,2817283.0
2023-08-17,3137.35,3167.45,3123.25,3163.74,2946926.0
2023-08-18,3165.1,3179.12,3131.95,3131.95,2943904.0
2023-08-21,3125.99,3134.96,3092.98,3092.98,2657534.0
2023-08-22,3103.78,3126.78,3074.53,3120.33,3093163.0
2023-08-23,3116.27,3116.38,3077.61,3078.4,2722441.0
2023-08-24,3085.91,3106.18,3072.95,3082.24,3000246.0
2023-08-25,3068.62,3085.05,3053.04,3064.07,2933477.0
2023-08-28,3219.04,3219.04,3089.12,3098.64,4856078.0
2023-08-29,3091.94,3145.76,3090.44,3135.89,3988758.0
2023-08-30,3144.41,3153.69,3126.9,3137.14,3475119.0
2023-08-31,3134.55,3139.98,3113.95,3119.88,3134482.0
2023-09-01,3126.02,3143.85,3123.19,3133.25,2923110.0
2023-09-04,3145.94,3177.06,3143.38,3177.06,3663911.0
2023-09-05,3169.74,3169.74,3150.08,3154.37,2940618.0
2023-09-06,3147.14,3162.15,3136.9,3158.08,2670022.0
2023-09-07,3152.2,3152.27,3120.82,3122.35,2692647.0
2023-09-08,3114.23,3126.04,3104.67,3116.72,2281251.0
2023-09-11,3119.61,3155.1,3113.82,3142.78,2904429.0
2023-09-12,3140.34,3147.51,3134.32,3137.06,2346721.0
2023-09-13,3137.77,3143.76,3106.97,3123.07,2497010.0
2023-09-14,3124.85,3135.03,3111.86,3126.55,2639901.0
2023-09-15,3133.59,3141.96,3107.45,3117.74,2920264.0
2023-09-18,3110.44,3128.7,3098.5,3125.93,2594443.0
2023-09-19,3123.99,3131.13,3113.53,3124.96,2536528.0
2023-09-20,3118.67,3122.13,3108.16,3108.57,2281245.0
2023-09-21,3103.18,3113.49,3084.7,3084.7,2286591.0
2023-09-22,3084.76,3132.56,3078.8,3132.43,2859784.0
2023-09-25,3131.21,3131.21,3112.15,3115.61,2580719.0
2023-09-26,3114.02,3120.29,3102.27,3102.27,2226443.0
2023-09-27,3104.04,3125.45,3103.84,3107.32,2404958.0
2023-09-28,3117.75,3121.84,3105.94,3110.48,2363300.0
2023-10-09,3100.0,3103.36,3072.64,3096.92,2644222.0
2023-10-10,3104.37,3109.98,3073.19,3075.24,2553274.0
2023-10-11,3085.7,3095.66,3071.94,3078.96,2599187.0
2023-10-12,3101.71,3109.99,3092.18,3107.9,2748280.0
2023-10-13,3092.0,3094.92,3080.55,3088.1,2550852.0
2023-10-16,3091.06,3091.13,3063.69,3073.81,2638824.0
2023-10-17,3076.43,3084.07,3064.89,3083.5,2590196.0
2023-10-18,3076.58,3076.58,3057.06,3058.71,2686472.0
2023-10-19,3043.2,3043.2,3004.77,3005.39,3040389.0
2023-10-20,2995.36,3006.27,2977.17,2983.06,2671136.0
2023-10-23,2969.79,2973.66,2923.51,2939.29,2789041.0
2023-10-24,2944.31,2964.76,2929.09,2962.24,3109854.0
2023-10-25,2986.41,2993.3,2972.42,2974.11,3323920.0
2023-10-26,2960.1,2990.33,2956.01,2988.3,2918145.0
2023-10-27,2978.4,3029.21,2974.88,3017.78,3218037.0
2023-10-30,3009.61,3028.26,3002.35,3021.55,3606042.0
2023-10-31,3019.65,3023.0,3006.61,3018.77,3198600.0
2023-11-01,3038.18,3038.33,3013.93,3023.08,2801104.0
2023-11-02,3028.66,3038.64,3009.12,3009.41,2687946.0
2023-11-03,3012.47,3040.98,3012.47,3030.8,2684863.0
2023-11-06,3047.13,3058.99,3037.69,3058.41,3729496.0
2023-11-07,3052.92,3064.58,3042.47,3057.27,3268535.0
2023-11-08,3051.15,3062.99,3037.29,3052.37,3356778.0
2023-11-09,3047.65,3063.47,3045.83,3053.28,3156218.0
2023-11-10,3043.56,3044.0,3027.09,3038.97,2855465.0
2023-11-13,3044.03,3048.62,3028.17,3046.53,2904306.0
2023-11-14,3046.82,3059.53,3044.43,3056.07,2948447.0
2023-11-15,3077.03,3080.13,3064.35,3072.83,3042501.0
2023-11-16,3066.86,3071.45,3050.93,3050.93,2710795.0
2023-11-17,3043.62,3055.86,3033.75,3054.37,2676064.0
2023-11-20,3056.93,3072.51,3043.51,3068.32,2875570.0
2023-11-21,3074.83,3089.77,3063.34,3067.93,3307331.0
2023-11-22,3060.5,3067.96,3043.61,3043.61,2890565.0
2023-11-23,3041.68,3062.87,3034.3,3061.86,2765921.0
2023-11-24,3060.33,3060.33,3037.2,3040.97,2877884.0
2023-11-27,3038.19,3038.36,3015.01,3031.7,3105179.0
2023-11-28,3028.6,3039.69,3020.23,3038.55,2689207.0
2023-11-29,3038.46,3038.98,3017.66,3021.69,2779564.0
2023-11-30,3021.1,3030.91,3013.77,3029.67,2829454.0
2023-12-01,3027.35,3035.76,3010.23,3031.64,2860897.0
2023-12-04,3033.3,3038.98,3022.35,3022.91,2881621.0
2023-12-05,3017.01,3017.01,2972.3,2972.3,2939433.0
2023-12-06,2966.95,2985.31,2959.6,2968.93,2941042.0
2023-12-07,2965.65,2976.01,2949.14,2966.21,2962437.0
2023-12-08,2965.39,2980.83,2962.33,2969.56,3691387.0
2023-12-11,2956.29,2995.67,2930.42,2991.44,3602163.0
2023-12-12,2986.33,3003.75,2980.45,3003.44,2876388.0
2023-12-13,2997.34,2997.34,2968.76,2968.76,2827541.0
2023-12-14,2979.7,2986.18,2958.07,2958.99,2714577.0
2023-12-15,2966.3,2976.31,2940.03,2942.56,2893276.0
2023-12-18,2936.58,2951.15,2924.33,2930.8,2930870.0
2023-12-19,2928.76,2940.5,2914.13,2932.39,2659270.0
2023-12-20,2932.12,2937.1,2902.04,2902.11,2655625.0
2023-12-21,2892.02,2924.26,2882.02,2918.71,2825418.0
2023-12-22,2919.29,2935.7,2906.51,2914.78,2966284.0
2023-12-25,2909.88,2920.63,2903.99,2918.81,2298142.0
2023-12-26,2917.97,2917.97,2892.84,2898.88,2281409.0
2023-12-27,2900.15,2917.96,2890.17,2914.61,2479009.0
2023-12-28,2913.11,2961.65,2909.39,2954.7,3392131.0
2023-12-29,2950.84,2975.03,2950.02,2974.93,2906727.0
2024-01-02,2972.78,2976.27,2962.28,2962.28,3041418.0
2024-01-03,2957.11,2971.28,2953.29,2967.25,2854559.0
2024-01-04,2965.51,2966.68,2936.63,2954.35,2649809.0
2024-01-05,2949.82,2967.97,2916.72,2929.18,3010402.0
2024-01-08,2923.46,2924.46,2887.54,2887.54,2702751.0
2024-01-09,2887.11,2900.73,2878.41,2893.25,2629560.0
2024-01-10,2886.98,2903.16,2870.42,2877.7,2440465.0
2024-01-11,2873.8,2896.18,2867.72,2886.65,2670508.0
2024-01-12,2880.04,2904.17,2878.88,2881.98,2616029.0
2024-01-15,2872.56,2904.46,2869.22,2886.29,2446112.0
2024-01-16,2881.56,2896.68,2861.13,2893.99,2862867.0
2024-01-17,2887.29,2887.49,2833.62,2833.62,2612513.0
2024-01-18,2822.67,2849.26,2760.98,2845.78,3903969.0
2024-01-19,2836.97,2849.88,2822.84,2832.28,2666644.0
2024-01-22,2826.5,2828.32,2735.37,2756.34,3501658.0
2024-01-23,2746.89,2784.84,2724.16,2770.98,3087494.0
2024-01-24,2782.14,2823.7,2743.4,2820.77,3690706.0
2024-01-25,2823.83,2906.79,2821.71,2906.11,4420090.0
2024-01-26,2897.91,2924.31,2890.48,2910.22,4211091.0
2024-01-29,2910.61,2923.9,2883.33,2883.36,4105813.0
2024-01-30,2866.28,2881.35,2829.25,2830.53,3356612.0
2024-01-31,2815.5,2834.01,2782.59,2788.55,3771040.0
2024-02-01,2773.42,2805.01,2752.78,2770.74,3528892.0
2024-02-02,2773.29,2791.68,2666.33,2730.15,4262302.0
2024-02-05,2716.08,2739.74,2635.09,2702.19,4789903.0
2024-02-06,2680.48,2802.93,2669.67,2789.49,5028493.0
2024-02-07,2791.51,2829.7,2770.53,2829.7,5471174.0
2024-02-08,2832.49,2867.47,2827.9,2865.9,5311089.0
2024-02-19,2886.59,2910.54,2867.71,2910.54,4589677.0
2024-02-20,2902.88,2927.31,2887.47,2922.73,3501387.0
2024-02-21,2906.02,2994.61,2898.05,2950.96,4442455.0
2024-02-22,2945.45,2988.36,2944.5,2988.36,3541325.0
2024-02-23,2992.91,3009.14,2979.97,3004.88,3800833.0
2024-02-26,3002.12,3009.48,2967.06,2977.02,4090266.0
2024-02-27,2966.42,3015.48,2961.15,3015.48,3729847.0
2024-02-28,3016.26,3031.49,2957.85,2957.85,5441091.0
2024-02-29,2943.62,3015.17,2943.62,3015.17,4096964.0
2024-03-01,3013.82,3032.23,3003.76,3027.02,3791322.0
2024-03-04,3026.61,3040.34,3007.68,3039.31,3877600.0
2024-03-05,3027.1,3052.54,3022.18,3047.79,3835100.0
2024-03-06,3041.75,3060.56,3034.35,3039.93,3409827.0
2024-03-07,3040.21,3063.69,3023.12,3027.4,3771544.0
2024-03-08,3026.17,3049.19,3016.9,3046.02,3192044.0
2024-03-11,3042.62,3068.46,3035.45,3068.46,3616088.0
2024-03-12,3068.18,3075.13,3044.86,3055.94,4157439.0
2024-03-13,3053.34,3061.95,3031.9,3043.83,3650475.0
2024-03-14,3042.41,3060.0,3020.64,3038.23,3640723.0
2024-03-15,3031.52,3056.45,3023.22,3054.64,3602685.0
2024-03-18,3057.21,3085.31,3055.92,3084.93,4066535.0
2024-03-19,3077.98,3090.05,3062.63,3062.76,3841237.0
2024-03-20,3058.65,3081.75,3056.65,3079.69,3491877.0
2024-03-21,3084.41,3090.05,3069.27,3077.11,3668780.0
2024-03-22,3070.55,3073.21,3027.76,3048.03,3947405.0
2024-03-25,3040.5,3065.26,3026.31,3026.31,3874854.0
2024-03-26,3026.92,3036.49,3006.26,3031.48,3459288.0
2024-03-27,3026.81,3030.45,2993.14,2993.14,3431980.0
2024-03-28,2988.59,3033.37,2984.12,3010.66,3532000.0
2024-03-29,3008.38,3041.3,3008.17,3041.17,3348228.0
2024-04-01,3049.02,3078.49,3049.02,3077.38,3753936.0
2024-04-02,3076.88,3085.54,3063.98,3074.96,3673043.0
2024-04-03,3074.89,3079.02,3057.4,3069.3,3632114.0
2024-04-08,3057.33,3077.35,3045.47,3047.05,4029367.0
2024-04-09,3044.61,3051.59,3033.21,3048.54,3334900.0
2024-04-10,3045.96,3049.61,3013.59,3027.33,3489917.0
2024-04-11,3013.57,3050.34,3009.9,3034.25,3408944.0
2024-04-12,3035.58,3043.56,3014.83,3019.47,3342298.0
2024-04-15,3013.67,3066.94,2995.54,3057.38,4612392.0
2024-04-16,3043.55,3052.43,3005.34,3007.07,4480705.0
2024-04-17,3008.06,3071.38,3002.06,3071.38,4133584.0
2024-04-18,3060.03,3102.55,3057.76,3074.22,4163213.0
2024-04-19,3060.3,3080.32,3055.06,3065.26,3755439.0
2024-04-22,3059.06,3078.42,3042.54,3044.6,3572164.0
2024-04-23,3038.61,3044.94,3016.52,3021.98,3255951.0
2024-04-24,3029.4,3045.64,3019.12,3044.82,3052641.0
2024-04-25,3037.93,3060.26,3034.65,3052.9,2922801.0
2024-04-26,3054.98,3092.43,3054.98,3088.64,4393826.0
2024-04-29,3086.68,3119.69,3080.59,3113.04,5069254.0
2024-04-30,3110.16,3123.29,3104.29,3104.82,4402132.0
2024-05-06,3132.51,3142.38,3126.77,3140.72,4506569.0
2024-05-07,3139.66,3151.22,3133.69,3147.74,3791026.0
2024-05-08,3141.49,3144.99,3126.17,3128.48,3340003.0
2024-05-09,3128.16,3158.46,3128.16,3154.32,3608815.0
2024-05-10,3158.59,3163.14,3137.15,3154.55,3842875.0
2024-05-13,3139.48,3157.37,3126.17,3148.02,3970306.0
2024-05-14,3148.85,3155.81,3137.61,3145.77,3435262.0
2024-05-15,3141.25,3142.97,3117.93,3119.9,3210280.0
2024-05-16,3127.18,3137.88,3116.16,3122.4,3674174.0
2024-05-17,3121.71,3154.03,3116.78,3154.03,3839152.0
2024-05-20,3156.15,3174.27,3155.99,3171.15,4268673.0
2024-05-21,3164.68,3165.22,3148.34,3157.97,3357836.0
2024-05-22,3157.19,3166.92,3152.46,3158.54,3540981.0
2024-05-23,3149.88,3150.63,3110.28,3116.39,3539437.0
2024-05-24,3110.75,3130.42,3087.79,3088.87,3065323.0
2024-05-27,3094.14,3125.51,3091.99,3124.04,3193968.0
2024-05-28,3122.39,3130.31,3106.36,3109.57,3100670.0
2024-05-29,3108.03,3128.14,3100.98,3111.02,2899703.0
2024-05-30,3103.71,3121.22,3085.38,3091.68,3023808.0
2024-05-31,3094.76,3107.6,3086.81,3086.81,2760728.0
2024-06-03,3085.98,3097.2,3061.28,3078.49,3575634.0
2024-06-04,3071.32,3095.32,3063.59,3091.2,3092876.0
2024-06-05,3086.05,3092.35,3064.74,3065.4,2905423.0
2024-06-06,3069.44,3077.67,3040.83,3048.79,3698671.0
2024-06-07,3053.92,3065.02,3031.04,3051.28,3163425.0
2024-06-11,3042.13,3043.2,3013.86,3028.05,3104819.0
2024-06-12,3025.3,3042.04,3021.31,3037.47,2794521.0
2024-06-13,3038.09,3040.4,3022.82,3028.92,2978625.0
2024-06-14,3020.96,3037.9,3011.58,3032.63,3487468.0
2024-06-17,3017.72,3026.62,3012.05,3015.89,2957634.0
2024-06-18,3015.07,3031.98,3012.52,3030.25,2736260.0
2024-06-19,3029.1,3030.23,3015.33,3018.05,2612962.0
2024-06-20,3015.72,3028.51,3001.77,3005.44,2955159.0
2024-06-21,2998.24,3011.91,2985.93,2998.14,2550013.0
2024-06-24,2982.83,2990.64,2960.13,2963.1,2986539.0
2024-06-25,2962.77,2971.65,2935.54,2950.0,2732099.0
2024-06-26,2943.45,2976.67,2933.33,2972.53,2823884.0
2024-06-27,2962.7,2963.06,2944.9,2945.85,2705485.0
2024-06-28,2940.3,2985.47,2939.98,2967.4,3152014.0
2024-07-01,2965.25,2996.41,2961.86,2994.73,2977822.0
2024-07-02,2992.86,3004.99,2989.47,2997.01,2813647.0
2024-07-03,2995.66,2998.54,2978.07,2982.38,2462846.0
2024-07-04,2984.83,2995.57,2955.29,2957.57,2742688.0
2024-07-05,2954.37,2957.11,2920.2,2949.93,2723246.0
2024-07-08,2939.84,2947.61,2917.23,2922.45,2775334.0
2024-07-09,2919.57,2963.78,2904.04,2959.37,3150620.0
2024-07-10,2949.03,2958.86,2935.33,2939.36,3015495.0
2024-07-11,2957.25,2971.36,2947.4,2970.39,3283724.0
2024-07-12,2965.61,2977.14,2963.3,2971.3,3037130.0
2024-07-15,2963.85,2977.31,2959.13,2974.01,2689926.0
2024-07-16,2963.9,2977.36,2959.67,2976.3,2607836.0
2024-07-17,2970.81,2972.79,2957.95,2962.85,2823080.0
2024-07-18,2951.14,2978.09,2937.9,2977.13,2780227.0
2024-07-19,2963.51,2986.24,2955.12,2982.31,2809324.0
2024-07-22,2978.19,2978.6,2946.56,2964.22,2787496.0
2024-07-23,2960.5,2960.5,2915.37,2915.37,2962960.0
2024-07-24,2909.15,2922.03,2894.29,2901.95,3061189.0
2024-07-25,2891.89,2897.77,2872.85,2886.74,2746395.0
2024-07-26,2886.0,2899.12,2875.4,2890.9,2783875.0
2024-07-29,2889.47,2898.95,2878.58,2891.85,2568997.0
2024-07-30,2885.22,2885.22,2865.15,2879.3,2624788.0
2024-07-31,2877.54,2940.59,2876.3,2938.75,4127234.0
2024-08-01,2940.12,2947.88,2928.83,2932.39,3466211.0
2024-08-02,2913.02,2931.26,2902.72,2905.34,3122050.0
2024-08-05,2889.36,2919.03,2860.7,2860.7,3555406.0
2024-08-06,2878.65,2888.2,2845.34,2867.28,2973008.0
2024-08-07,2864.01,2886.94,2857.72,2869.83,2630972.0
2024-08-08,2864.76,2886.4,2850.87,2869.9,2891286.0
2024-08-09,2879.87,2887.85,2862.19,2862.19,2842539.0
2024-08-12,2858.89,2869.27,2851.3,2858.2,2442414.0
2024-08-13,2860.41,2867.95,2845.31,2867.95,2316746.0
2024-08-14,2866.24,2866.24,2850.4,2850.65,2178852.0
2024-08-15,2844.2,2889.09,2839.39,2877.36,2719000.0
2024-08-16,2877.94,2888.68,2873.06,2879.43,2636534.0
2024-08-19,2877.95,2905.15,2877.77,2893.67,2616877.0
2024-08-20,2895.55,2896.52,2855.33,2866.66,2636580.0
2024-08-21,2858.94,2863.89,2848.15,2856.58,2292000.0
2024-08-22,2856.2,2861.61,2845.5,2848.77,2453994.0
2024-08-23,2844.77,2860.73,2839.34,2854.37,2266926.0
2024-08-26,2855.47,2860.65,2844.38,2855.52,2273515.0
2024-08-27,2850.88,2853.78,2843.16,2848.73,2306930.0
2024-08-28,2844.33,2852.56,2830.96,2837.43,2287306.0
2024-08-29,2829.45,2831.43,2815.38,2823.11,2775105.0
2024-08-30,2819.65,2867.96,2817.01,2842.21,3975170.0
2024-09-02,2832.35,2839.28,2810.37,2811.04,3407142.0
2024-09-03,2809.17,2814.9,2794.91,2802.98,2757361.0
2024-09-04,2786.5,2800.61,2781.94,2784.28,2574535.0
2024-09-05,2785.26,2796.02,2777.47,2788.31,2420409.0
2024-09-06,2791.76,2804.09,2765.64,2765.81,2536454.0
2024-09-09,2754.72,2756.56,2726.97,2736.49,2614688.0
2024-09-10,2737.88,2750.12,2718.63,2744.19,2621590.0
2024-09-11,2732.73,2732.73,2710.62,2721.8,2422649.0
2024-09-12,2722.14,2734.68,2716.56,2717.12,2400843.0
2024-09-13,2718.99,2728.78,2703.37,2704.09,2512700.0
2024-09-18,2705.35,2724.11,2689.7,2717.28,2478171.0
2024-09-19,2723.21,2747.74,2697.78,2736.02,3152084.0
2024-09-20,2734.23,2741.16,2717.95,2736.81,2856446.0
2024-09-23,2735.39,2760.48,2731.36,2748.92,2576422.0
2024-09-24,2770.75,2863.15,2761.37,2863.13,4776195.0
2024-09-25,2901.42,2952.45,2889.05,2896.31,5682598.0
2024-09-26,2893.75,3000.95,2889.01,3000.95,5763193.0
2024-09-27,3049.1,3087.53,3017.45,3087.53,4922872.0
2024-09-30,3194.72,3358.59,3153.7,3336.5,11023379.0
2024-10-08,3674.4,3674.4,3372.19,3489.78,13134602.0
2024-10-09,3427.22,3437.16,3249.16,3258.86,9927573.0
2024-10-10,3277.69,3379.81,3228.12,3301.93,8345003.0
2024-10-11,3287.87,3297.75,3187.99,3217.74,6060274.0
2024-10-14,3241.43,3294.62,3203.9,3284.32,6314669.0
2024-10-15,3265.75,3285.21,3201.29,3201.29,5660546.0
2024-10-16,3169.17,3236.85,3167.74,3202.95,5158140.0
2024-10-17,3220.73,3241.57,3169.38,3169.38,5286118.0
2024-10-18,3165.97,3313.98,3152.82,3261.56,6930146.0
2024-10-21,3276.06,3300.66,3239.1,3268.11,6681503.0
2024-10-22,3263.82,3294.96,3255.14,3285.87,5749138.0
2024-10-23,3285.25,3331.08,3277.07,3302.8,6504441.0
2024-10-24,3287.82,3292.94,3266.88,3280.26,5198271.0
2024-10-25,3280.76,3319.36,3276.13,3299.7,5956517.0
2024-10-28,3300.46,3322.2,3279.72,3322.2,6723731.0
2024-10-29,3328.09,3340.46,3284.21,3286.41,7253262.0
2024-10-30,3273.64,3291.68,3244.81,3266.24,6690181.0
2024-10-31,3267.98,3295.74,3252.39,3279.82,7846491.0
2024-11-01,3275.58,3305.32,3258.73,3272.01,8520553.0
2024-11-04,3275.68,3310.21,3263.84,3310.21,6650775.0
2024-11-05,3306.81,3386.99,3302.05,3386.99,8211249.0
2024-11-06,3395.22,3421.0,3367.08,3383.81,8958559.0
2024-11-07,3359.99,3470.66,3356.26,3470.66,9595567.0
2024-11-08,3502.13,3509.82,3443.19,3452.3,9640346.0
2024-11-11,3432.37,3471.12,3416.73,3470.07,8180254.0
2024-11-12,3469.89,3489.42,3402.04,3421.97,8179265.0
2024-11-13,3406.92,3442.3,3404.53,3439.28,6736623.0
2024-11-14,3429.51,3441.77,3376.15,3379.84,6315567.0
2024-11-15,3369.81,3391.32,3330.73,3330.73,6302856.0
2024-11-18,3344.69,3386.9,3309.01,3323.85,7439507.0
2024-11-19,3324.88,3346.76,3284.13,3346.01,6250242.0
2024-11-20,3337.68,3375.25,3333.0,3367.99,5661543.0
2024-11-21,3362.94,3378.52,3348.86,3370.4,5303318.0
2024-11-22,3368.04,3372.0,3267.19,3267.19,6306878.0
2024-11-25,3274.88,3285.46,3232.92,3263.76,5388974.0
2024-11-26,3256.86,3285.33,3252.87,3259.76,4722193.0
2024-11-27,3250.59,3309.88,3227.36,3309.78,5112023.0
2024-11-28,3308.28,3319.26,3290.36,3295.7,5119530.0
2024-11-29,3295.21,3357.5,3293.69,3326.46,5802271.0
2024-12-02,3328.48,3369.3,3323.01,3363.98,6684778.0
2024-12-03,3366.29,3386.62,3348.37,3378.81,6630301.0
2024-12-04,3376.57,3388.02,3352.94,3364.65,6210289.0
2024-12-05,3353.06,3377.06,3353.06,3368.86,5438857.0
2024-12-06,3370.94,3418.26,3364.21,3404.08,6981866.0
2024-12-09,3402.63,3426.65,3385.96,3402.53,6949052.0
2024-12-10,3490.29,3494.87,3417.77,3422.66,7946680.0
2024-12-11,3416.09,3437.81,3416.09,3432.49,6815446.0
2024-12-12,3432.28,3464.12,3425.98,3461.5,7000967.0
2024-12-13,3442.93,3442.93,3390.75,3391.88,7774641.0
2024-12-16,3390.08,3401.93,3376.54,3386.33,6255790.0
2024-12-17,3381.81,3396.21,3357.77,3361.49,5689415.0
2024-12-18,3371.3,3396.46,3371.3,3382.21,5125250.0
2024-12-19,3355.9,3377.53,3346.47,3370.03,5139091.0
2024-12-20,3364.48,3390.62,3362.82,3368.07,4909646.0
2024-12-23,3367.9,3384.99,3348.28,3351.26,5567472.0
2024-12-24,3353.54,3394.9,3352.95,3393.53,4719927.0
2024-12-25,3395.11,3406.21,3374.01,3393.35,4713156.0
2024-12-26,3389.34,3401.1,3380.26,3398.08,4221773.0
2024-12-27,3397.29,3418.95,3388.32,3400.14,5004881.0
2024-12-30,3395.4,3412.84,3394.96,3407.33,4552624.0
2024-12-31,3406.97,3413.45,3351.76,3351.76,5027311.0
2025-01-02,3347.94,3351.72,3242.09,3262.56,5613752.0
2025-01-03,3267.08,3273.57,3205.78,3211.43,5175920.0
2025-01-06,3209.78,3219.49,3185.46,3206.92,4309784.0
2025-01-07,3203.31,3230.85,3190.46,3229.64,4096605.0
2025-01-08,3218.86,3246.29,3175.72,3230.17,4728644.0
2025-01-09,3220.72,3228.97,3205.91,3211.39,3829436.0
2025-01-10,3211.71,3220.11,3168.52,3168.52,4036633.0
2025-01-13,3148.83,3172.7,3140.98,3160.76,3727420.0
2025-01-14,3165.16,3245.22,3159.43,3240.94,4692127.0
2025-01-15,3234.72,3245.9,3222.24,3227.12,4047232.0
2025-01-16,3239.03,3265.28,3217.1,3236.03,4306555.0
2025-01-17,3226.76,3256.51,3219.77,3241.82,3835993.0
2025-01-20,3256.15,3268.26,3238.12,3244.38,4033379.0
2025-01-21,3256.83,3258.61,3229.07,3242.62,3845837.0
2025-01-22,3235.49,3235.5,3203.38,3213.62,3648175.0
2025-01-23,3237.6,3273.52,3229.57,3230.16,4582468.0
2025-01-24,3222.88,3260.01,3221.71,3252.63,3986530.0
2025-01-27,3256.61,3274.39,3250.6,3250.6,3874676.0
2025-02-05,3270.16,3271.02,3220.28,3229.49,4063882.0
2025-02-06,3226.58,3271.43,3225.85,3270.66,4608427.0
2025-02-07,3269.23,3324.43,3262.51,3303.67,6005585.0
2025-02-10,3308.04,3325.36,3299.24,3322.17,5465897.0
2025-02-11,3323.67,3324.17,3304.44,3318.06,5119435.0
2025-02-12,3312.26,3346.39,3310.39,3346.39,5134378.0
2025-02-13,3343.23,3359.18,3332.48,3332.48,5686312.0
2025-02-14,3328.48,3349.08,3322.53,3346.72,5323330.0
2025-02-17,3355.42,3357.12,3333.19,3355.83,5895466.0
2025-02-18,3348.98,3366.01,3314.3,3324.49,5626792.0
2025-02-19,3320.78,3352.09,3320.58,3351.54,5029130.0
2025-02-20,3347.59,3355.56,3338.03,3350.78,5043571.0
2025-02-21,3356.69,3381.06,3339.03,3379.11,6081902.0
2025-02-24,3374.08,3384.81,3355.87,3373.03,5981882.0
2025-02-25,3345.65,3369.56,3337.84,3346.04,5275786.0
2025-02-26,3351.21,3380.21,3351.21,3380.21,5539920.0
2025-02-27,3378.45,3388.78,3353.57,3388.06,5758150.0
2025-02-28,3374.66,3383.19,3318.72,3320.9,5683195.0
2025-03-03,3328.4,3349.02,3304.59,3316.93,5024179.0
2025-03-04,3300.5,3327.82,3297.53,3324.21,4299961.0
2025-03-05,3324.7,3342.71,3314.15,3341.96,4609527.0
2025-03-06,3353.57,3387.05,3348.68,3381.1,5399927.0
2025-03-07,3373.18,3390.94,3363.93,3372.55,5176636.0
2025-03-10,3373.26,3375.8,3347.19,3366.16,4503808.0
2025-03-11,3335.44,3379.83,3334.83,3379.83,4484683.0
2025-03-12,3385.69,3392.41,3370.22,3371.92,5021951.0
2025-03-13,3371.09,3377.12,3341.12,3358.73,5190135.0
2025-03-14,3361.69,3421.23,3360.61,3419.56,5826634.0
2025-03-17,3430.81,3436.35,3422.46,3426.13,5156851.0
2025-03-18,3434.57,3437.07,3423.3,3429.76,4549161.0
2025-03-19,3424.17,3439.05,3414.59,3426.43,4403163.0
2025-03-20,3425.22,3427.05,3404.66,3408.95,4516307.0
2025-03-21,3401.76,3414.71,3355.84,3364.83,5208626.0
2025-03-24,3364.83,3373.69,3340.24,3370.03,5133103.0
2025-03-25,3370.0,3379.99,3361.05,3369.98,4563574.0
2025-03-26,3365.67,3382.34,3365.67,3368.7,4285338.0
2025-03-27,3362.71,3394.03,3351.17,3373.75,4147763.0
2025-03-28,3372.04,3375.05,3346.08,3351.31,4122843.0
2025-03-31,3343.34,3361.74,3317.74,3335.75,4725720.0
2025-04-01,3340.71,3357.62,3338.78,3348.44,4225887.0
2025-04-02,3344.17,3361.13,3343.12,3350.13,3501274.0
2025-04-03,3319.61,3358.43,3319.61,3342.01,4005178.0
2025-04-07,3193.1,3217.78,3040.69,3096.58,6621996.0
2025-04-08,3094.26,3145.55,3085.12,3145.55,6622424.0
2025-04-09,3110.01,3186.81,3070.08,3186.81,6847972.0
2025-04-10,3227.84,3239.94,3201.57,3223.64,5912083.0
2025-04-11,3219.51,3249.85,3211.35,3238.23,4755318.0
2025-04-14,3251.98,3272.72,3244.73,3262.81,4713732.0
2025-04-15,3260.69,3268.98,3246.34,3267.66,3966629.0
2025-04-16,3267.67,3276.0,3233.79,3276.0,4295349.0
2025-04-17,3261.72,3285.92,3258.15,3280.34,3820127.0
2025-04-18,3270.35,3283.09,3262.39,3276.73,3588362.0
2025-04-21,3273.14,3298.64,3270.01,3291.43,3793076.0
2025-04-22,3289.17,3311.15,3288.33,3299.76,4031676.0
2025-04-23,3308.15,3312.19,3293.06,3296.36,4116332.0
2025-04-24,3295.15,3313.51,3286.24,3297.29,3928447.0
2025-04-25,3300.39,3305.26,3288.75,3295.06,4110432.0
2025-04-28,3292.06,3296.93,3279.88,3288.41,4106659.0
2025-04-29,3281.45,3294.98,3277.63,3286.65,3889617.0
2025-04-30,3284.08,3292.2,3277.55,3279.03,4357943.0
2025-05-06,3295.25,3316.45,3286.99,3316.11,4743696.0
2025-05-07,3354.97,3356.69,3324.81,3342.67,5111596.0
2025-05-08,3331.21,3359.73,3327.9,3352.0,4283778.0
2025-05-09,3350.41,3351.22,3335.13,3342.0,3989092.0
2025-05-12,3352.97,3372.47,3344.27,3369.24,4182399.0
2025-05-13,3386.23,3386.23,3370.25,3374.87,4262407.0
2025-05-14,3374.24,3417.31,3368.08,3403.95,4649344.0
2025-05-15,3398.43,3402.87,3378.02,3380.82,4241009.0
2025-05-16,3374.71,3380.29,3356.66,3367.46,3954010.0
2025-05-19,3365.88,3373.6,3356.65,3367.58,4030748.0
2025-05-20,3371.69,3387.8,3369.96,3380.48,4055445.0
2025-05-21,3380.21,3394.75,3380.21,3387.57,4124962.0
2025-05-22,3381.87,3390.59,3376.23,3380.19,3942172.0
2025-05-23,3376.87,3389.47,3348.37,3348.37,4002270.0
2025-05-26,3346.56,3362.31,3336.36,3346.84,3475621.0
2025-05-27,3346.5,3351.57,3332.49,3340.69,3440712.0
2025-05-28,3341.85,3348.23,3336.73,3339.93,3415554.0
2025-05-29,3340.4,3368.63,3337.42,3363.45,3932338.0
2025-05-30,3358.81,3361.28,3341.65,3347.49,3856022.0
2025-06-03,3340.07,3367.0,3340.07,3361.98,3980608.0
2025-06-04,3363.39,3379.64,3363.39,3376.2,3864946.0
2025-06-05,3378.22,3387.76,3371.15,3384.1,4062521.0
2025-06-06,3384.29,3391.45,3379.76,3385.36,3801229.0
2025-06-09,3388.78,3402.05,3383.07,3399.77,4273479.0
2025-06-10,3402.01,3406.45,3365.67,3384.82,4816186.0
2025-06-11,3385.46,3413.51,3385.46,3402.32,4240903.0
2025-06-12,3397.97,3408.2,3388.87,3402.66,4094906.0
2025-06-13,3397.48,3401.55,3370.59,3377.0,5100652.0
2025-06-16,3369.37,3389.76,3368.88,3388.73,4053833.0
2025-06-17,3388.18,3393.31,3376.42,3387.4,3900124.0
2025-06-18,3386.14,3391.71,3369.99,3388.81,3786849.0
2025-06-19,3384.29,3386.92,3353.94,3362.11,4153277.0
2025-06-20,3358.91,3370.8,3357.71,3359.9,3502237.0
2025-06-23,3349.46,3389.45,3347.65,3381.58,3845614.0
2025-06-24,3380.08,3423.78,3380.08,3420.57,4609638.0
2025-06-25,3419.09,3459.01,3417.41,3455.97,5093841.0
2025-06-26,3451.72,3462.75,3446.19,3448.45,4965411.0
2025-06-27,3450.69,3462.63,3421.04,3424.23,5231294.0
2025-06-30,3423.47,3447.46,3420.11,3444.43,4573480.0
2025-07-01,3445.85,3459.59,3441.04,3457.75,4443567.0
2025-07-02,3458.17,3461.33,3447.96,3454.79,4981168.0
2025-07-03,3456.15,3463.62,3446.97,3461.15,4385435.0
2025-07-04,3459.59,3497.22,3455.49,3472.32,5001952.0
2025-07-07,3467.98,3474.8,3462.79,3473.13,4366313.0
2025-07-08,3474.63,3499.89,3474.63,3497.48,4934848.0
2025-07-09,3498.72,3512.67,3491.2,3493.05,5239201.0
2025-07-10,3491.5,3526.59,3491.5,3509.68,5641598.0
2025-07-11,3511.37,3555.22,3506.8,3510.18,6641852.0
2025-07-14,3513.25,3532.12,3513.25,3519.65,5720847.0
2025-07-15,3519.81,3527.04,3483.38,3505.0,5720747.0
2025-07-16,3502.9,3511.81,3489.14,3503.78,4708786.0
2025-07-17,3500.37,3517.28,3499.19,3516.83,4722111.0
2025-07-18,3519.48,3536.01,3518.23,3534.48,4934841.0
2025-07-21,3542.82,3560.63,3542.57,3559.79,6336497.0
2025-07-22,3561.63,3584.72,3547.25,3581.86,7161552.0
2025-07-23,3588.88,3613.02,3577.59,3582.3,7676724.0
2025-07-24,3578.91,3608.73,3577.11,3605.73,7732658.0
2025-07-25,3604.45,3610.03,3586.22,3593.66,6971895.0
2025-07-28,3594.23,3606.27,3582.15,3597.94,5941879.0
2025-07-29,3595.81,3611.35,3585.94,3609.71,6106421.0
2025-07-30,3608.35,3636.17,3593.73,3615.72,6372219.0
2025-07-31,3604.7,3606.37,3562.61,3573.21,6545093.0
2025-08-01,3568.26,3581.75,3550.04,3559.95,5095631.0
2025-08-04,3547.16,3583.31,3547.16,3583.31,4585736.0
2025-08-05,3588.81,3617.6,3586.97,3617.6,4997978.0
2025-08-06,3615.81,3634.31,3613.99,3633.99,5124673.0
2025-08-07,3637.78,3645.12,3622.52,3639.67,5355012.0
2025-08-08,3634.85,3645.37,3625.45,3635.13,5264076.0
2025-08-11,3637.05,3656.85,3629.63,3647.55,5513933.0
2025-08-12,3647.96,3669.04,3647.96,3665.92,5366237.0
2025-08-13,3668.66,3688.63,3666.55,3683.46,6135289.0
2025-08-14,3685.52,3704.77,3662.57,3666.44,6478296.0
2025-08-15,3659.81,3702.26,3658.38,3696.77,6785217.0
2025-08-18,3712.5,3745.94,3702.38,3728.03,7760167.0
2025-08-19,3728.49,3746.67,3718.15,3727.29,6960998.0
2025-08-20,3716.68,3767.43,3704.99,3766.21,6798364.0
2025-08-21,3770.68,3787.98,3757.99,3771.1,6915530.0
2025-08-22,3772.28,3825.76,3772.28,3825.76,6981363.0
2025-08-25,3848.16,3883.56,3839.97,3883.56,8854748.0
2025-08-26,3871.47,3888.6,3859.76,3868.38,7345653.0
2025-08-27,3869.61,3887.2,3800.35,3800.35,8586335.0
2025-08-28,3796.71,3845.09,3761.42,3843.6,7883519.0
2025-08-29,3842.82,3867.61,3839.21,3857.93,7394624.0
2025-09-01,3869.75,3879.05,3853.66,3875.53,7477095.0
2025-09-02,3877.09,3885.31,3828.68,3858.13,7626188.0
2025-09-03,3865.29,3868.39,3794.88,3813.56,6456685.0
2025-09-04,3807.76,3808.4,3732.84,3765.88,7102279.0
2025-09-05,3761.88,3817.16,3745.31,3812.51,6262234.0
2025-09-08,3811.67,3833.14,3803.6,3826.84,6600669.0
2025-09-09,3816.66,3834.67,3791.72,3807.29,6002394.0
2025-09-10,3806.58,3827.0,3794.06,3812.22,5345398.0
2025-09-11,3806.06,3875.31,3796.43,3875.31,6170129.0
2025-09-12,3875.51,3892.74,3866.54,3870.6,7006418.0
2025-09-15,3876.1,3879.74,3855.97,3860.5,6447939.0
2025-09-16,3865.98,3876.69,3838.65,3861.87,6734397.0
2025-09-17,3854.07,3882.67,3848.95,3876.34,6634347.0
2025-09-18,3876.06,3899.96,3801.0,3831.66,8760274.0
2025-09-19,3830.44,3843.17,3811.9,3820.09,6822926.0
2025-09-22,3822.01,3831.74,3806.2,3828.58,5683257.0
2025-09-23,3830.14,3838.61,3774.53,3821.83,7019029.0
2025-09-24,3804.48,3854.92,3804.33,3853.64,6020567.0
2025-09-25,3852.43,3866.11,3840.46,3853.3,5899505.0
2025-09-26,3839.86,3856.61,3828.11,3828.11,5512753.0
2025-09-29,3828.17,3881.0,3809.54,3862.53,6084664.0
2025-09-30,3869.7,3887.57,3866.28,3882.78,5697346.0
2025-10-09,3898.31,3936.58,3885.74,3933.97,7252185.0
2025-10-10,3915.48,3933.01,3886.31,3897.03,7189177.0
2025-10-13,3800.11,3895.83,3800.11,3889.5,7095061.0
2025-10-14,3910.78,3918.44,3851.12,3865.23,8008396.0
2025-10-15,3867.54,3912.29,3857.67,3912.21,6450130.0
2025-10-16,3900.68,3931.05,3899.17,3916.23,5954515.0
2025-10-17,3912.04,3921.06,3835.36,3839.76,6175630.0
2025-10-20,3865.55,3877.72,3850.37,3863.89,5492617.0
2025-10-21,3870.75,3919.32,3868.15,3916.33,5994157.0
2025-10-22,3896.07,3918.59,3893.33,3913.76,5431173.0
2025-10-23,3904.16,3926.22,3877.53,3922.41,5651893.0
2025-10-24,3929.12,3950.31,3928.96,3950.31,5678584.0
2025-10-27,3969.22,3999.07,3963.1,3996.94,6375895.0
2025-10-28,3986.89,4010.73,3976.83,3988.22,5773577.0
2025-10-29,3990.27,4016.33,3986.94,4016.33,6129175.0
2025-10-30,4007.82,4025.7,3984.83,3986.9,6684856.0
2025-10-31,3985.06,3986.74,3951.73,3954.79,6756154.0
2025-11-03,3954.08,3977.31,3937.02,3976.52,6412459.0
2025-11-04,3973.46,3985.88,3938.52,3960.19,6154938.0
2025-11-05,3922.58,3979.75,3922.58,3969.25,6149916.0
2025-11-06,3973.35,4008.8,3973.35,4007.76,6273675.0
2025-11-07,3994.32,4012.01,3993.69,3997.56,5965070.0
2025-11-10,4001.79,4018.7,3990.84,4018.6,6340500.0
2025-11-11,4023.88,4024.94,3991.52,4002.76,5819949.0
2025-11-12,3996.56,4020.38,3980.68,4000.14,5861932.0
2025-11-13,3996.51,4030.4,3994.77,4029.5,6130311.0
2025-11-14,4007.13,4034.08,3990.31,3990.49,6220171.0
2025-11-17,3988.56,3992.4,3958.95,3972.03,5920180.0
2025-11-18,3962.44,3966.89,3926.59,3939.81,5944110.0
2025-11-19,3937.92,3960.05,3930.07,3946.74,5311496.0
2025-11-20,3960.7,3967.97,3927.51,3931.05,5347495.0
2025-11-21,3896.66,3912.01,3834.75,3834.89,6316463.0
2025-11-24,3848.66,3854.33,3816.58,3836.77,5046017.0
2025-11-25,3850.57,3882.03,3845.14,3870.02,4787276.0
2025-11-26,3867.43,3879.92,3861.18,3864.18,4575898.0
2025-11-27,3867.2,3895.59,3864.13,3875.26,4440219.0
2025-11-28,3870.94,3888.89,3856.25,3888.6,4499320.0
2025-12-01,3894.21,3914.46,3890.95,3914.01,5375541.0
2025-12-02,3908.46,3908.77,3888.33,3897.71,4555845.0
2025-12-03,3894.16,3901.7,3869.95,3878.0,4856173.0
2025-12-04,3879.74,3888.86,3859.05,3875.79,4450403.0
2025-12-05,3873.12,3907.78,3863.31,3902.81,5003688.0
2025-12-08,3909.23,3936.31,3904.74,3924.08,5473498.0
2025-12-09,3916.51,3923.9,3902.13,3909.52,5245383.0
2025-12-10,3901.13,3906.12,3876.47,3900.5,4973315.0
2025-12-11,3903.89,3904.96,3862.82,3873.32,5256586.0
2025-12-12,3869.41,3891.81,3850.6,3889.35,5739471.0
2025-12-15,3865.4,3896.98,3863.63,3867.92,5009228.0
2025-12-16,3861.51,3862.43,3815.84,3824.81,5124948.0
2025-12-17,3822.51,3881.75,3818.0,3870.28,5123137.0
2025-12-18,3857.26,3888.29,3856.42,3876.37,4611726.0
2025-12-19,3878.23,3902.67,3871.78,3890.45,5135119.0
2025-12-22,3900.54,3920.01,3900.52,3917.36,5229390.0
2025-12-23,3919.11,3937.13,3910.74,3919.98,5211570.0
2025-12-24,3920.35,3947.04,3912.31,3940.95,4748964.0
2025-12-25,3937.72,3964.07,3936.08,3959.62,4693131.0
2025-12-26,3957.83,3977.71,3945.52,3963.68,5554896.0
2025-12-29,3964.65,3983.98,3956.95,3965.28,5636872.0
2025-12-30,3947.87,3979.99,3947.42,3965.12,5259326.0
2025-12-31,3968.73,3977.54,3955.49,3968.84,4907515.0
2026-01-05,3986.97,4025.26,3983.58,4023.42,5969505.0
2026-01-06,4026.02,4083.67,4025.09,4083.67,7024723.0
2026-01-07,4083.84,4098.78,4069.44,4085.77,6833844.0
2026-01-08,4077.72,4093.87,4067.12,4082.98,6661313.0
2026-01-09,4086.76,4121.72,4083.62,4120.43,7298380.0
2026-01-12,4134.89,4168.36,4119.88,4165.29,8394561.0
2026-01-13,4169.7,4179.7,4126.23,4138.76,8683827.0
2026-01-14,4138.65,4190.87,4103.62,4126.09,9525513.0
2026-01-15,4106.22,4133.07,4096.85,4112.6,6802508.0
2026-01-16,4127.06,4140.23,4091.81,4101.91,7635885.0
2026-01-19,4090.72,4126.52,4090.06,4114.0,6889059.0
2026-01-20,4116.37,4128.93,4080.29,4113.65,7343625.0
2026-01-21,4103.53,4135.96,4103.53,4116.94,6669895.0
2026-01-22,4126.07,4140.84,4109.92,4122.58,7096954.0
2026-01-23,4130.11,4143.75,4120.2,4136.16,7821155.0
2026-01-26,4144.78,4160.99,4124.7,4132.61,8874397.0
2026-01-27,4125.22,4158.8,4101.83,4139.9,7549909.0
2026-01-28,4150.22,4170.15,4138.02,4151.24,8230267.0
2026-01-29,4155.92,4170.21,4138.3,4157.98,9059084.0
2026-01-30,4131.99,4152.85,4064.78,4117.95,8043427.0
2026-02-02,4079.71,4103.41,4013.66,4015.75,7329537.0
2026-02-03,4043.91,4069.42,4002.78,4067.74,6376842.0
2026-02-04,4064.68,4104.62,4062.68,4102.2,6742542.0
2026-02-05,4075.03,4088.9,4048.94,4075.92,5967222.0
2026-02-06,4040.3,4095.03,4029.97,4065.58,5567098.0
2026-02-09,4103.54,4123.16,4093.06,4123.09,5726326.0
2026-02-10,4127.77,4134.34,4117.56,4128.37,5246210.0
2026-02-11,4124.43,4142.56,4122.43,4131.98,5006853.0
2026-02-12,4136.99,4140.59,4124.13,4134.02,5293701.0
2026-02-13,4115.92,4123.84,4079.77,4082.07,5007995.0
2026-02-24,4129.13,4131.55,4105.94,4117.41,5663222.0
2026-02-25,4123.78,4167.84,4122.7,4147.23,7247872.0
2026-02-26,4151.07,4152.19,4127.15,4146.63,6517028.0
2026-02-27,4128.9,4166.23,4128.36,4162.88,6820476.0
2026-03-02,4151.8,4188.77,4131.37,4182.59,8615792.0
2026-03-03,4189.41,4197.23,4116.01,4122.68,9211392.0
2026-03-04,4087.63,4106.04,4055.41,4082.47,7651695.0
2026-03-05,4109.78,4125.62,4090.62,4108.57,6897465.0
2026-03-06,4085.9,4129.46,4085.9,4124.19,6467658.0
2026-03-09,4098.7,4106.53,4052.55,4096.6,7978036.0
2026-03-10,4098.59,4123.96,4098.59,4123.14,6749222.0
2026-03-11,4123.67,4135.84,4112.8,4133.43,7077272.0
2026-03-12,4133.2,4141.65,4103.16,4129.1,7861512.0
2026-03-13,4117.57,4134.08,4086.85,4095.45,7920548.0
2026-03-16,4092.25,4096.13,4048.09,4084.79,7322271.0
2026-03-17,4086.3,4108.4,4049.58,4049.91,6787712.0
2026-03-18,4053.31,4065.37,4023.03,4062.98,6238731.0
2026-03-19,4028.54,4042.02,3994.17,4006.55,6672554.0
2026-03-20,4004.57,4022.7,3955.71,3957.05,6667984.0
2026-03-23,3904.95,3906.62,3794.68,3813.28,8047389.0
2026-03-24,3849.63,3881.42,3807.99,3881.28,6806220.0
2026-03-25,3892.27,3933.06,3891.82,3931.84,6883436.0
2026-03-26,3924.96,3937.1,3880.57,3889.08,6159740.0
2026-03-27,3852.09,3924.11,3852.09,3913.72,5613430.0
2026-03-30,3884.28,3924.29,3872.78,3923.29,5955895.0
2026-03-31,3924.07,3948.81,3891.86,3891.86,6067050.0
2026-04-01,3939.57,3955.94,3929.92,3948.55,5646116.0
2026-04-02,3940.8,3952.58,3900.12,3919.29,5442128.0
2026-04-03,3927.59,3929.53,3871.3,3880.1,4926991.0
2026-04-07,3884.15,3902.61,3875.68,3890.16,4736151.0
2026-04-08,3930.25,3995.0,3926.25,3995.0,6441354.0
2026-04-09,3967.63,3979.13,3955.25,3966.17,5415698.0
2026-04-10,3985.46,4011.02,3979.81,3986.22,5464155.0
2026-04-13,3971.2,3991.26,3966.2,3988.56,5457818.0
2026-04-14,4006.73,4026.63,3992.41,4026.63,5702590.0
2026-04-15,4039.47,4050.62,4020.9,4027.21,5694586.0
2026-04-16,4030.14,4057.83,4028.91,4055.55,5458770.0
2026-04-17,4043.38,4058.6,4038.43,4051.43,5487914.0
2026-04-20,4053.37,4083.19,4051.69,4082.13,5898414.0
2026-04-21,4075.85,4086.64,4062.13,4085.08,5766895.0
2026-04-22,4074.81,4106.84,4074.68,4106.26,5824663.0
2026-04-23,4110.79,4114.84,4070.46,4093.25,6711661.0
2026-04-24,4081.03,4092.61,4061.15,4079.9,6050318.0
2026-04-27,4074.81,4092.83,4071.08,4086.34,5899509.0
2026-04-28,4076.14,4090.2,4062.87,4078.64,6005075.0
2026-04-29,4061.82,4112.15,4061.82,4107.51,6142215.0
2026-04-30,4107.3,4118.76,4100.97,4112.16,6569127.0
2026-05-06,4135.45,4166.15,4129.91,4160.17,7011775.0
2026-05-07,4168.45,4180.21,4163.14,4180.09,6855742.0
2026-05-08,4163.85,4183.06,4154.25,4179.95,6970191.0
2026-05-11,4201.35,4229.58,4186.08,4225.02,7627363.0
2026-05-12,4229.28,4230.18,4199.34,4214.49,7189840.0
2026-05-13,4192.31,4245.07,4192.31,4242.57,7050187.0
2026-05-14,4256.16,4258.86,4177.92,4177.92,7642350.0
2026-05-15,4174.18,4191.81,4114.09,4135.39,7331624.0
2026-05-18,4120.14,4145.66,4108.6,4131.53,6272331.0
2026-05-19,4122.96,4170.29,4107.99,4169.54,6176111.0
2026-05-20,4152.7,4169.85,4139.97,4162.18,6241520.0
2026-05-21,4174.38,4199.53,4074.22,4077.28,7272187.0
2026-05-22,4096.17,4120.09,4067.75,4112.9,5894596.0
2026-05-25,4126.34,4153.88,4119.8,4152.57,6159309.0
2026-05-26,4137.32,4150.29,4104.46,4145.37,6547778.0
2026-05-27,4138.81,4153.56,4077.62,4093.73,6604674.0
2026-05-28,4080.3,4110.78,4055.83,4098.64,6211800.0
2026-05-29,4110.52,4112.96,4055.89,4068.57,7315977.0
2026-06-01,4067.16,4093.04,4045.69,4057.74,6760258.0
2026-06-02,4061.46,4089.57,4032.58,4075.1,6422447.0
2026-06-03,4068.34,4107.05,4059.91,4083.97,6684526.0
2026-06-04,4053.67,4080.72,4043.43,4057.78,6211948.0
2026-06-05,4044.83,4078.93,4015.06,4027.74,6629186.0
2026-06-08,3938.71,4007.49,3927.85,3959.34,6592936.0
2026-06-09,3977.54,4010.87,3955.91,4010.03,5765701.0
2026-06-10,3985.12,4006.31,3963.44,3993.23,5986947.0
2026-06-11,3979.71,3997.48,3958.44,3987.01,5685452.0
2026-06-12,4017.86,4060.27,4008.18,4031.51,7431311.0
2026-06-15,4053.58,4097.17,4051.07,4096.47,6789078.0
2026-06-16,4094.21,4103.93,4077.87,4091.89,6156683.0
2026-06-17,4074.29,4109.96,4073.73,4108.08,6080774.0
2026-06-18,4094.23,4117.45,4080.29,4090.48,6581161.0
2026-06-22,4093.95,4164.42,4070.17,4163.1,7436994.0
2026-06-23,4153.59,4175.35,4085.59,4106.25,7090039.0
2026-06-24,4090.1,4117.28,4075.49,4110.81,6445275.0
2026-06-25,4103.48,4133.1,4093.01,4120.28,6704599.0
2026-06-26,4098.69,4099.78,4007.86,4027.26,6601087.0
2026-06-29,4026.69,4075.33,3992.55,4073.9,6591999.0
2026-06-30,4058.17,4097.42,4052.17,4094.4,5984122.0
2026-07-01,4090.76,4143.31,4087.54,4112.45,6723318.0
2026-07-02,4054.09,4093.68,4019.21,4028.9,6562336.0
2026-07-03,4031.34,4073.88,4027.26,4043.64,6020097.0
2026-07-06,4059.19,4060.07,4005.41,4041.24,5903649.0
2026-07-07,4019.49,4028.51,3971.71,3990.24,5144531.0
2026-07-08,3996.81,4016.03,3967.91,3970.88,4962294.0
2026-07-09,3977.55,4040.54,3938.88,4036.59,5530640.0
2026-07-10,4031.54,4074.83,3995.81,3996.16,6274501.0
2026-07-13,3966.02,3983.05,3900.67,3913.79,5909074.0
2026-07-14,3909.27,3967.13,3869.3,3967.13,5799821.0
2026-07-15,3963.73,3981.67,3943.7,3955.58,5762095.0
2026-07-16,3912.38,3940.45,3867.6,3882.41,5352819.0
2026-07-17,3865.32,3869.21,3745.17,3764.15,6504510.0
2026-07-20,3791.66,3831.66,3741.11,3796.28,7092341.0
2026-07-21,3812.16,3864.6,3743.36,3864.37,7350219.0
2026-07-22,3839.67,3884.44,3839.67,3867.03,6142552.0
2026-07-23,3868.09,3878.83,3851.71,3876.78,5621226.0
2026-07-24,3853.63,3861.04,3808.64,3814.2,5082039.0
