date,open,high,low,close,volume
2018-04-27,6528.73,6549.29,6462.7,6517.05,0.0
2018-05-02,6516.6,6551.25,6442.78,6486.81,0.0
2018-05-03,6471.17,6546.03,6393.12,6545.27,0.0
2018-05-04,6524.02,6565.72,6511.53,6531.29,0.0
2018-05-07,6538.13,6646.68,6538.13,6646.58,0.0
2018-05-08,6647.34,6678.46,6637.65,6678.14,0.0
2018-05-09,6666.77,6685.69,6642.2,6674.91,0.0
2018-05-10,6682.12,6703.67,6651.67,6703.21,0.0
2018-05-11,6705.31,6707.82,6635.55,6636.77,0.0
2018-05-14,6625.03,6639.84,6573.46,6591.73,0.0
2018-05-15,6592.65,6661.42,6568.73,6661.13,0.0
2018-05-16,6638.67,6670.65,6616.74,6622.64,0.0
2018-05-17,6616.44,6631.07,6576.53,6591.26,0.0
2018-05-18,6583.87,6621.15,6555.42,6620.77,0.0
2018-05-21,6654.05,6705.83,6653.98,6697.14,0.0
2018-05-22,6691.8,6724.74,6675.97,6724.4,0.0
2018-05-23,6702.49,6707.83,6652.29,6652.29,0.0
2018-05-24,6649.01,6666.73,6625.54,6628.5,0.0
2018-05-25,6622.51,6630.02,6536.35,6541.45,0.0
2018-05-28,6526.84,6543.06,6463.57,6490.4,0.0
2018-05-29,6481.82,6522.83,6436.31,6436.77,0.0
2018-05-30,6345.94,6351.51,6222.1,6232.42,0.0
2018-05-31,6274.76,6315.84,6231.16,6315.17,795669.0
2018-06-01,6285.05,6324.89,6209.11,6243.73,783038.0
2018-06-04,6252.26,6265.58,6192.91,6215.61,0.0
2018-06-05,6210.98,6316.48,6210.98,6316.42,0.0
2018-06-06,6308.79,6331.75,6295.9,6320.47,658084.0
2018-06-07,6334.4,6340.68,6268.77,6274.88,687868.0
2018-06-08,6261.68,6261.68,6159.99,6205.96,722053.0
2018-06-11,6187.62,6197.94,6133.47,6151.94,627440.0
2018-06-12,6152.02,6199.32,6086.6,6199.15,642672.0
2018-06-13,6180.98,6180.98,6091.4,6092.34,674697.0
2018-06-14,6069.26,6125.31,6040.09,6060.13,639689.0
2018-06-15,6054.89,6069.75,5900.13,5928.07,811977.0
2018-06-19,5821.04,5829.58,5463.37,5522.53,1028307.0
2018-06-20,5485.06,5612.48,5458.53,5588.27,803677.0
2018-06-21,5578.24,5623.96,5454.83,5456.91,841038.0
2018-06-22,5413.38,5545.15,5384.05,5541.37,754751.0
2018-06-25,5579.44,5592.62,5508.64,5512.43,700365.0
2018-06-26,5434.39,5563.36,5411.5,5558.71,780294.0
2018-06-27,5557.59,5583.63,5489.92,5508.92,760995.0
2018-06-28,5494.95,5547.57,5439.87,5443.85,698085.0
2018-06-29,5441.96,5608.54,5435.49,5608.54,837417.0
2018-07-02,5601.74,5625.5,5495.09,5538.09,884453.0
2018-07-03,5531.58,5602.06,5450.21,5601.59,854299.0
2018-07-04,5574.18,5580.17,5478.66,5500.67,787536.0
2018-07-05,5484.07,5507.81,5352.66,5352.66,780627.0
2018-07-06,5345.88,5442.08,5251.5,5374.58,869130.0
2018-07-09,5378.81,5487.8,5378.81,5487.55,778237.0
2018-07-10,5487.34,5525.03,5474.14,5524.8,756892.0
2018-07-11,5441.24,5442.01,5317.7,5396.31,833851.0
2018-07-12,5385.81,5552.72,5385.81,5541.36,948344.0
2018-07-13,5539.14,5570.52,5533.65,5561.69,845971.0
2018-07-16,5552.22,5573.88,5533.13,5566.96,743184.0
2018-07-17,5557.91,5575.79,5507.15,5575.47,758610.0
2018-07-18,5573.02,5612.9,5544.52,5544.52,850517.0
2018-07-19,5533.12,5559.66,5460.47,5480.77,748773.0
2018-07-20,5469.79,5552.16,5438.07,5541.21,765840.0
2018-07-23,5509.24,5582.41,5493.77,5582.31,943191.0
2018-07-24,5578.72,5674.31,5572.98,5672.22,1196902.0
2018-07-25,5669.99,5702.28,5662.85,5685.59,1092340.0
2018-07-26,5681.07,5695.23,5649.39,5663.18,1156845.0
2018-07-27,5655.31,5669.01,5617.91,5630.23,1027614.0
2018-07-30,5618.9,5634.45,5523.85,5549.04,936794.0
2018-07-31,5536.71,5562.55,5513.99,5542.54,721240.0
2018-08-01,5553.76,5578.33,5456.21,5456.21,842681.0
2018-08-02,5431.13,5431.13,5207.48,5325.8,1032506.0
2018-08-03,5313.05,5335.6,5255.63,5255.63,788799.0
2018-08-06,5234.67,5264.86,5113.34,5144.64,791121.0
2018-08-07,5149.37,5279.86,5108.26,5279.64,857773.0
2018-08-08,5263.17,5278.25,5187.61,5191.79,905760.0
2018-08-09,5166.38,5329.84,5155.06,5307.97,966100.0
2018-08-10,5299.49,5344.72,5296.5,5342.05,772533.0
2018-08-13,5278.16,5369.6,5256.58,5369.18,789393.0
2018-08-14,5357.72,5376.26,5334.93,5351.02,776330.0
2018-08-15,5347.69,5350.61,5237.0,5242.09,773609.0
2018-08-16,5175.42,5244.66,5127.14,5178.24,720440.0
2018-08-17,5210.23,5233.5,5073.4,5084.21,737896.0
2018-08-20,5071.14,5103.63,4994.32,5103.63,693350.0
2018-08-21,5097.2,5171.56,5085.9,5162.03,701622.0
2018-08-22,5151.44,5156.25,5098.61,5102.36,649697.0
2018-08-23,5095.36,5151.31,5087.51,5133.33,639845.0
2018-08-24,5122.68,5147.56,5100.14,5116.14,612301.0
2018-08-27,5121.19,5229.36,5121.19,5229.36,789860.0
2018-08-28,5229.62,5244.15,5212.39,5233.5,757231.0
2018-08-29,5229.07,5229.11,5190.14,5203.71,656493.0
2018-08-30,5193.69,5206.95,5112.18,5114.27,678190.0
2018-08-31,5096.55,5107.69,5047.62,5057.98,592571.0
2018-09-03,5049.73,5055.28,4973.74,5054.11,632505.0
2018-09-04,5047.81,5123.26,5042.82,5113.15,716023.0
2018-09-05,5100.34,5115.72,5032.5,5032.5,751366.0
2018-09-06,5016.83,5071.11,4991.78,5012.51,663055.0
2018-09-07,5018.23,5084.4,4989.04,5022.28,746841.0
2018-09-10,5016.79,5019.47,4921.79,4923.64,702593.0
2018-09-11,4917.07,4950.63,4884.9,4925.3,621994.0
2018-09-12,4922.35,4956.46,4902.41,4919.81,583364.0
2018-09-13,4955.79,4978.36,4888.12,4958.16,669572.0
2018-09-14,4958.7,4965.66,4907.09,4907.93,675690.0
2018-09-17,4885.23,4885.23,4812.93,4831.56,604708.0
2018-09-18,4815.76,4917.39,4813.6,4917.35,721346.0
2018-09-19,4904.24,5001.86,4895.85,4970.01,878568.0
2018-09-20,4961.66,4984.75,4944.65,4951.58,789542.0
2018-09-21,4957.27,5015.24,4931.35,5011.69,868096.0
2018-09-25,4980.3,5014.02,4965.99,4995.7,663251.0
2018-09-26,4996.35,5042.51,4987.91,5017.06,798881.0
2018-09-27,5012.45,5018.4,4945.64,4945.69,883145.0
2018-09-28,4947.72,4987.27,4935.42,4987.27,699924.0
2018-10-08,4906.1,4916.87,4813.09,4817.43,724033.0
2018-10-09,4826.32,4860.91,4790.67,4818.73,625610.0
2018-10-10,4823.35,4842.98,4775.67,4812.43,641409.0
2018-10-11,4662.96,4671.99,4428.6,4456.61,1079284.0
2018-10-12,4415.29,4446.95,4251.67,4427.68,984983.0
2018-10-15,4435.08,4468.22,4352.27,4358.87,682210.0
2018-10-16,4358.06,4391.39,4237.51,4261.17,681995.0
2018-10-17,4311.05,4334.63,4192.82,4292.2,712479.0
2018-10-18,4260.01,4260.01,4143.17,4149.44,715915.0
2018-10-19,4080.12,4243.97,4066.27,4241.23,772310.0
2018-10-22,4279.76,4491.31,4279.76,4452.74,1118744.0
2018-10-23,4448.91,4469.57,4352.66,4379.06,930781.0
2018-10-24,4358.87,4424.91,4340.66,4377.55,752409.0
2018-10-25,4245.3,4353.78,4223.32,4345.33,809695.0
2018-10-26,4374.46,4412.23,4342.21,4359.47,826175.0
2018-10-29,4341.91,4345.02,4275.72,4296.7,662114.0
2018-10-30,4284.36,4358.47,4226.59,4336.65,762109.0
2018-10-31,4342.11,4424.5,4337.53,4400.61,861625.0
2018-11-01,4428.86,4493.6,4425.15,4428.74,1018415.0
2018-11-02,4490.63,4564.18,4483.98,4564.18,1158265.0
2018-11-05,4557.92,4620.71,4529.44,4598.2,1223829.0
2018-11-06,4585.58,4603.78,4543.71,4603.11,1035875.0
2018-11-07,4604.87,4650.36,4589.32,4592.84,1142289.0
2018-11-08,4617.91,4628.27,4568.67,4572.38,1024573.0
2018-11-09,4553.21,4596.76,4542.58,4561.21,885886.0
2018-11-12,4560.86,4697.35,4556.3,4697.35,1185462.0
2018-11-13,4648.56,4816.84,4639.58,4790.45,1734636.0
2018-11-14,4784.86,4848.06,4776.79,4791.23,1586452.0
2018-11-15,4790.34,4871.09,4788.21,4871.09,1403314.0
2018-11-16,4880.87,4946.79,4867.08,4923.99,1571881.0
2018-11-19,4924.29,4942.49,4877.95,4942.49,1480618.0
2018-11-20,4899.32,4923.64,4808.41,4811.88,1464045.0
2018-11-21,4754.23,4848.73,4746.68,4847.04,1239538.0
2018-11-22,4858.48,4878.1,4831.09,4850.13,1165416.0
2018-11-23,4840.94,4841.4,4624.48,4642.12,1340234.0
2018-11-26,4631.42,4677.96,4610.58,4633.73,923792.0
2018-11-27,4662.33,4693.83,4636.96,4671.64,935903.0
2018-11-28,4669.66,4728.58,4607.61,4728.58,1086189.0
2018-11-29,4746.63,4758.25,4617.35,4617.35,1105095.0
2018-11-30,4604.27,4654.53,4549.44,4648.18,959318.0
2018-12-03,4762.96,4820.21,4742.47,4802.29,1293859.0
2018-12-04,4793.32,4846.17,4782.95,4846.17,1191271.0
2018-12-05,4750.55,4846.75,4734.98,4816.99,1169476.0
2018-12-06,4796.41,4814.71,4724.53,4730.91,1084925.0
2018-12-07,4738.17,4755.33,4711.36,4731.9,879463.0
2018-12-10,4698.55,4711.32,4660.73,4676.62,814841.0
2018-12-11,4691.59,4720.47,4685.3,4720.47,793154.0
2018-12-12,4733.07,4740.99,4706.39,4718.82,808691.0
2018-12-13,4727.46,4791.0,4698.37,4763.72,957569.0
2018-12-14,4755.02,4756.21,4638.92,4641.89,990045.0
2018-12-17,4623.13,4634.03,4569.57,4627.23,757496.0
2018-12-18,4602.4,4634.75,4553.36,4596.61,723462.0
2018-12-19,4601.37,4604.94,4525.06,4533.4,691203.0
2018-12-20,4523.97,4560.34,4509.57,4550.6,703822.0
2018-12-21,4536.57,4543.87,4484.56,4517.78,696407.0
2018-12-24,4511.22,4558.35,4501.06,4558.32,660819.0
2018-12-25,4512.29,4522.88,4403.06,4514.62,930359.0
2018-12-26,4509.32,4531.11,4487.79,4494.5,767104.0
2018-12-27,4553.72,4561.92,4424.65,4424.65,809967.0
2018-12-28,4429.04,4454.97,4396.37,4430.02,715289.0
2019-01-02,4436.75,4444.44,4399.59,4408.53,662722.0
2019-01-03,4404.31,4446.03,4375.86,4376.86,804950.0
2019-01-04,4338.06,4497.91,4326.33,4497.89,1034708.0
2019-01-07,4523.23,4598.63,4516.0,4594.15,1145536.0
2019-01-08,4586.84,4596.8,4567.29,4585.03,1074110.0
2019-01-09,4588.69,4654.77,4578.45,4594.74,1231739.0
2019-01-10,4592.74,4619.82,4571.09,4582.48,1064829.0
2019-01-11,4585.22,4621.61,4575.64,4621.61,1041242.0
2019-01-14,4621.7,4625.56,4580.54,4594.19,1017381.0
2019-01-15,4583.55,4644.17,4569.14,4644.17,1015622.0
2019-01-16,4644.23,4669.63,4632.07,4637.2,1022196.0
2019-01-17,4632.27,4639.79,4590.31,4595.49,1034401.0
2019-01-18,4596.25,4627.66,4576.77,4626.41,1091752.0
2019-01-21,4629.79,4668.48,4624.65,4655.11,1000761.0
2019-01-22,4651.03,4651.1,4589.37,4603.2,971210.0
2019-01-23,4590.69,4609.68,4580.63,4609.67,851729.0
2019-01-24,4613.93,4651.02,4591.8,4635.75,990568.0
2019-01-25,4634.06,4651.32,4606.87,4607.94,999272.0
2019-01-28,4629.43,4640.62,4565.79,4570.4,904880.0
2019-01-29,4557.81,4558.05,4419.4,4490.05,967180.0
2019-01-30,4464.8,4492.66,4422.36,4423.14,744890.0
2019-01-31,4408.11,4441.42,4328.92,4355.74,945722.0
2019-02-01,4369.27,4482.99,4369.27,4482.99,777127.0
2019-02-11,4497.53,4611.83,4497.53,4611.83,926726.0
2019-02-12,4611.85,4685.13,4604.1,4675.79,1123310.0
2019-02-13,4679.69,4766.18,4672.78,4759.83,1363059.0
2019-02-14,4758.51,4801.09,4741.52,4780.04,1228356.0
2019-02-15,4772.98,4805.8,4763.76,4773.51,1252124.0
2019-02-18,4805.33,4942.88,4805.33,4942.88,1648519.0
2019-02-19,4964.22,4988.26,4897.23,4963.75,1923581.0
2019-02-20,4958.89,4971.13,4906.63,4967.04,1652161.0
2019-02-21,4957.63,5046.62,4930.97,4947.66,1909443.0
2019-02-22,4935.44,5059.51,4932.2,5059.51,1785990.0
2019-02-25,5129.47,5324.52,5120.47,5324.25,2798120.0
2019-02-26,5335.38,5438.88,5273.9,5323.76,3010797.0
2019-02-27,5312.56,5391.87,5245.41,5310.27,2494620.0
2019-02-28,5306.2,5370.21,5291.98,5330.34,2004664.0
2019-03-01,5344.42,5364.37,5286.0,5364.37,1789386.0
2019-03-04,5418.71,5562.2,5418.27,5482.3,2732023.0
2019-03-05,5470.7,5654.31,5451.29,5654.31,2680624.0
2019-03-06,5694.9,5776.98,5625.34,5776.97,3227714.0
2019-03-07,5775.3,5928.61,5750.05,5877.3,3292605.0
2019-03-08,5736.93,5913.03,5633.29,5633.32,3287038.0
2019-03-11,5682.57,5876.34,5645.18,5876.34,2642617.0
2019-03-12,5922.57,6046.62,5897.17,6006.18,3182469.0
2019-03-13,6014.51,6039.97,5822.57,5866.63,2931490.0
2019-03-14,5810.02,5860.93,5622.34,5688.95,2329739.0
2019-03-15,5723.65,5816.32,5704.27,5777.11,2003435.0
2019-03-18,5801.32,5916.34,5743.6,5916.34,2123337.0
2019-03-19,5916.17,5968.34,5895.18,5941.91,2083255.0
2019-03-20,5935.27,5948.85,5811.2,5926.17,2144453.0
2019-03-21,5929.75,6034.48,5914.67,5990.64,2470205.0
2019-03-22,5981.7,6022.07,5889.68,6014.55,2222649.0
2019-03-25,5914.85,6039.66,5890.4,5961.44,2203476.0
2019-03-26,5982.36,6006.94,5774.74,5788.36,2092387.0
2019-03-27,5822.69,5842.07,5696.13,5826.53,1742234.0
2019-03-28,5797.87,5872.2,5744.23,5747.86,1718316.0
2019-03-29,5748.92,5911.22,5699.69,5911.21,1925948.0
2019-04-01,5961.79,6137.73,5961.79,6137.73,2440753.0
2019-04-02,6181.08,6234.75,6135.8,6174.94,2615049.0
2019-04-03,6142.37,6237.16,6114.6,6237.02,2369946.0
2019-04-04,6262.69,6283.29,6198.03,6260.07,2433956.0
2019-04-08,6303.43,6322.48,6130.76,6230.21,2603233.0
2019-04-09,6212.73,6261.15,6164.97,6245.43,2085477.0
2019-04-10,6203.4,6289.93,6159.23,6235.71,2304149.0
2019-04-11,6232.89,6249.5,6106.66,6106.95,2169639.0
2019-04-12,6097.07,6130.38,6047.83,6101.2,1773210.0
2019-04-15,6178.5,6215.38,6049.24,6052.05,1918182.0
2019-04-16,6019.13,6179.8,5978.73,6179.8,1980015.0
2019-04-17,6181.76,6267.59,6175.58,6234.11,2220853.0
2019-04-18,6229.7,6255.79,6188.12,6202.84,2122305.0
2019-04-19,6198.61,6255.26,6147.16,6255.25,2071211.0
2019-04-22,6270.37,6274.46,6171.31,6192.14,2145880.0
2019-04-23,6175.13,6175.82,6061.75,6078.27,2130034.0
2019-04-24,6081.96,6153.39,6017.86,6153.39,1821764.0
2019-04-25,6130.01,6140.3,5899.65,5899.91,2125118.0
2019-04-26,5861.79,5926.04,5830.35,5834.38,1725015.0
2019-04-29,5831.24,5849.64,5613.83,5622.48,1798245.0
2019-04-30,5595.81,5718.32,5595.81,5682.24,1345020.0
2019-05-06,5480.13,5496.84,5212.99,5246.83,1678141.0
2019-05-07,5273.22,5353.61,5214.9,5312.5,1442446.0
2019-05-08,5198.84,5376.9,5166.4,5292.75,1456363.0
2019-05-09,5243.72,5308.02,5229.82,5237.82,1210584.0
2019-05-10,5292.45,5445.54,5192.7,5445.53,1724818.0
2019-05-13,5385.76,5440.91,5366.78,5405.61,1350459.0
2019-05-14,5333.85,5422.62,5328.01,5368.23,1303832.0
2019-05-15,5412.93,5491.4,5403.48,5486.39,1468175.0
2019-05-16,5488.27,5539.35,5478.07,5527.28,1657136.0
2019-05-17,5527.38,5530.9,5306.47,5330.99,1757549.0
2019-05-20,5326.19,5330.18,5200.68,5313.15,1354977.0
2019-05-21,5305.44,5425.31,5287.31,5418.05,1426029.0
2019-05-22,5418.24,5451.11,5351.7,5395.43,1420233.0
2019-05-23,5380.41,5380.41,5251.34,5267.83,1436000.0
2019-05-24,5230.9,5279.65,5186.87,5200.77,1181468.0
2019-05-27,5204.42,5360.0,5179.19,5354.63,1281554.0
2019-05-28,5353.85,5414.64,5332.93,5354.53,1393894.0
2019-05-29,5336.84,5411.08,5329.91,5376.51,1227288.0
2019-05-30,5357.49,5357.49,5270.89,5341.98,1333422.0
2019-05-31,5336.69,5384.48,5319.21,5334.25,1279405.0
2019-06-03,5341.27,5354.69,5235.52,5255.07,1401410.0
2019-06-04,5244.73,5249.53,5131.01,5160.98,1191139.0
2019-06-05,5206.15,5222.87,5148.29,5158.47,1085971.0
2019-06-06,5149.38,5149.38,5011.76,5030.8,1126926.0
2019-06-10,5043.33,5112.43,5022.0,5098.94,985241.0
2019-06-11,5103.85,5289.79,5096.02,5289.62,1552356.0
2019-06-12,5276.7,5315.96,5251.05,5264.89,1500315.0
2019-06-13,5256.91,5306.98,5237.96,5294.11,1351681.0
2019-06-14,5297.74,5307.08,5170.98,5173.07,1327383.0
2019-06-17,5168.35,5192.13,5140.27,5160.67,957647.0
2019-06-18,5160.11,5183.02,5125.1,5160.88,920080.0
2019-06-19,5268.94,5292.28,5231.97,5234.28,1308788.0
2019-06-20,5228.49,5329.97,5199.87,5317.31,1480372.0
2019-06-21,5350.29,5423.19,5350.29,5406.04,1674781.0
2019-06-24,5412.55,5427.67,5374.52,5403.8,1308582.0
2019-06-25,5397.06,5397.06,5289.84,5351.69,1345447.0
2019-06-26,5323.7,5384.06,5303.24,5351.39,1076866.0
2019-06-27,5361.98,5415.36,5360.49,5397.57,1214092.0
2019-06-28,5389.98,5389.98,5289.43,5321.43,1195273.0
2019-07-01,5418.21,5481.41,5392.45,5481.41,1492143.0
2019-07-02,5482.44,5501.12,5462.73,5483.52,1330528.0
2019-07-03,5465.95,5465.95,5408.58,5428.51,1212954.0
2019-07-04,5435.48,5450.29,5381.05,5404.38,1140814.0
2019-07-05,5404.71,5433.69,5379.89,5424.25,969050.0
2019-07-08,5410.2,5410.2,5221.95,5244.27,1234871.0
2019-07-09,5239.86,5270.46,5203.85,5260.34,908832.0
2019-07-10,5267.27,5271.24,5196.82,5214.64,869867.0
2019-07-11,5236.66,5271.61,5180.96,5206.4,888254.0
2019-07-12,5209.3,5229.84,5173.05,5219.19,848774.0
2019-07-15,5203.58,5289.01,5140.8,5273.81,1032851.0
2019-07-16,5264.65,5289.01,5254.62,5285.23,882470.0
2019-07-17,5282.56,5312.71,5269.24,5289.42,987064.0
2019-07-18,5265.37,5265.37,5194.6,5194.6,965547.0
2019-07-19,5205.73,5263.34,5205.7,5220.03,877060.0
2019-07-22,5222.06,5222.34,5067.1,5073.33,987999.0
2019-07-23,5072.77,5131.1,5072.77,5131.1,742498.0
2019-07-24,5141.94,5219.15,5141.9,5194.83,919721.0
2019-07-25,5193.65,5220.13,5181.28,5211.09,855207.0
2019-07-26,5201.56,5222.33,5188.24,5216.6,778631.0
2019-07-29,5217.93,5235.01,5197.02,5218.98,764146.0
2019-07-30,5217.07,5269.31,5216.81,5239.72,843706.0
2019-07-31,5229.14,5229.14,5193.18,5200.09,823064.0
2019-08-01,5172.08,5201.48,5151.39,5173.23,802474.0
2019-08-02,5074.0,5101.14,5047.39,5091.06,1014052.0
2019-08-05,5076.11,5124.38,5032.64,5032.64,910665.0
2019-08-06,4940.87,4940.87,4781.88,4899.82,1266197.0
2019-08-07,4928.14,4941.96,4884.99,4885.44,899519.0
2019-08-08,4901.82,4936.83,4901.71,4923.33,833883.0
2019-08-09,4948.52,4963.0,4861.12,4869.79,895350.0
2019-08-12,4873.89,4952.22,4859.62,4952.22,788242.0
2019-08-13,4917.89,4935.94,4903.82,4928.46,790183.0
2019-08-14,4980.39,4997.44,4953.98,4961.75,900347.0
2019-08-15,4848.87,4985.54,4829.41,4985.42,953286.0
2019-08-16,4981.56,5044.21,4979.93,5013.58,962285.0
2019-08-19,5054.48,5173.18,5054.48,5173.18,1310322.0
2019-08-20,5183.01,5220.68,5168.94,5185.27,1327300.0
2019-08-21,5177.87,5203.65,5168.81,5186.62,1148960.0
2019-08-22,5200.06,5208.55,5165.61,5208.55,1141524.0
2019-08-23,5210.42,5224.57,5179.47,5197.55,1203712.0
2019-08-26,5096.1,5186.4,5087.7,5168.68,1223743.0
2019-08-27,5196.14,5283.06,5196.14,5266.66,1470906.0
2019-08-28,5261.62,5274.68,5236.02,5256.18,1405485.0
2019-08-29,5262.96,5286.11,5249.75,5260.95,1307528.0
2019-08-30,5280.51,5289.04,5160.45,5182.96,1463068.0
2019-09-02,5187.4,5318.4,5187.4,5317.53,1402565.0
2019-09-03,5324.69,5357.06,5310.27,5357.06,1432942.0
2019-09-04,5345.94,5394.71,5336.57,5394.71,1519644.0
2019-09-05,5423.96,5504.94,5418.92,5445.57,1929115.0
2019-09-06,5461.33,5479.12,5425.37,5468.46,1520056.0
2019-09-09,5516.53,5602.24,5495.16,5602.24,1751027.0
2019-09-10,5608.74,5625.92,5573.99,5614.58,1758255.0
2019-09-11,5630.2,5634.44,5564.94,5566.41,1576626.0
2019-09-12,5580.6,5601.47,5546.25,5592.92,1315398.0
2019-09-16,5613.57,5650.67,5600.8,5627.24,1512398.0
2019-09-17,5614.16,5614.16,5471.43,5492.22,1552082.0
2019-09-18,5501.84,5515.22,5467.91,5485.88,1154066.0
2019-09-19,5497.24,5550.41,5468.75,5550.41,1181509.0
2019-09-20,5560.04,5576.79,5533.28,5556.48,1264694.0
2019-09-23,5538.73,5538.73,5462.27,5501.21,1214272.0
2019-09-24,5504.5,5568.22,5495.46,5528.89,1268954.0
2019-09-25,5502.16,5502.16,5421.62,5421.62,1296440.0
2019-09-26,5428.61,5436.95,5244.08,5244.08,1307352.0
2019-09-27,5241.51,5313.08,5241.51,5291.44,906174.0
2019-09-30,5297.02,5315.34,5232.39,5232.39,775379.0
2019-10-08,5242.02,5280.59,5226.26,5237.18,788304.0
2019-10-09,5220.2,5285.15,5191.06,5285.15,815377.0
2019-10-10,5291.55,5367.1,5281.86,5366.93,948033.0
2019-10-11,5371.4,5392.78,5327.79,5370.65,1065055.0
2019-10-14,5411.65,5463.54,5402.63,5455.61,1274539.0
2019-10-15,5429.94,5429.94,5367.14,5375.53,1201334.0
2019-10-16,5377.75,5397.07,5350.15,5353.02,1051112.0
2019-10-17,5354.41,5371.67,5331.73,5347.27,920519.0
2019-10-18,5350.64,5374.6,5267.93,5280.53,1071764.0
2019-10-21,5273.64,5273.64,5200.93,5247.3,911119.0
2019-10-22,5252.19,5312.46,5249.96,5312.46,903504.0
2019-10-23,5311.76,5314.36,5257.77,5269.72,944640.0
2019-10-24,5262.93,5274.32,5220.55,5259.45,947229.0
2019-10-25,5254.37,5307.75,5227.89,5300.09,1012295.0
2019-10-28,5343.5,5425.75,5343.44,5425.75,1362249.0
2019-10-29,5434.31,5434.31,5366.75,5366.75,1550045.0
2019-10-30,5349.08,5351.86,5301.64,5313.42,1399665.0
2019-10-31,5310.66,5329.2,5252.17,5253.88,1199798.0
2019-11-01,5234.75,5308.93,5227.11,5303.99,1069950.0
2019-11-04,5316.6,5365.59,5316.6,5337.08,1144895.0
2019-11-05,5341.17,5362.44,5306.05,5352.06,1138856.0
2019-11-06,5348.45,5356.31,5286.44,5304.84,1111743.0
2019-11-07,5300.67,5347.66,5294.2,5340.17,966955.0
2019-11-08,5361.27,5375.06,5318.77,5321.78,1040939.0
2019-11-11,5289.63,5289.63,5175.62,5183.57,1069073.0
2019-11-12,5183.48,5196.72,5123.3,5196.72,939600.0
2019-11-13,5188.88,5200.24,5160.33,5181.49,866544.0
2019-11-14,5180.31,5229.09,5177.11,5216.64,895848.0
2019-11-15,5208.37,5220.06,5152.56,5152.56,947294.0
2019-11-18,5147.03,5192.85,5139.96,5189.35,856719.0
2019-11-19,5192.68,5286.15,5187.77,5286.15,1043742.0
2019-11-20,5281.85,5303.93,5251.08,5259.47,1062611.0
2019-11-21,5238.6,5274.23,5228.26,5250.67,929237.0
2019-11-22,5255.43,5296.33,5157.55,5181.11,1157479.0
2019-11-25,5179.15,5185.45,5107.51,5151.37,1060538.0
2019-11-26,5154.92,5170.49,5131.54,5147.73,910689.0
2019-11-27,5138.06,5170.6,5121.32,5145.97,918645.0
2019-11-28,5142.38,5165.65,5120.55,5131.13,850940.0
2019-11-29,5130.28,5137.29,5082.77,5126.61,801817.0
2019-12-02,5131.89,5156.87,5124.55,5137.78,817775.0
2019-12-03,5119.75,5171.36,5097.08,5171.36,857386.0
2019-12-04,5148.41,5188.36,5140.39,5179.69,876264.0
2019-12-05,5190.08,5246.03,5187.91,5238.13,994510.0
2019-12-06,5241.09,5275.51,5226.26,5275.51,1003906.0
2019-12-09,5286.2,5302.29,5269.18,5294.28,1123207.0
2019-12-10,5286.04,5326.36,5272.2,5326.36,1182083.0
2019-12-11,5323.86,5333.32,5291.25,5304.88,1211618.0
2019-12-12,5302.72,5334.26,5292.47,5304.42,1194024.0
2019-12-13,5334.58,5379.29,5327.12,5375.98,1220848.0
2019-12-16,5391.47,5476.99,5387.55,5476.99,1468725.0
2019-12-17,5479.9,5555.25,5475.43,5545.62,1775424.0
2019-12-18,5546.28,5575.65,5529.82,5543.79,1657025.0
2019-12-19,5544.66,5579.82,5534.51,5568.11,1541365.0
2019-12-20,5571.63,5580.34,5501.16,5501.16,1497773.0
2019-12-23,5478.57,5485.78,5375.02,5377.09,1321836.0
2019-12-24,5388.21,5471.74,5386.97,5471.74,1128117.0
2019-12-25,5467.75,5517.2,5461.38,5504.42,1246816.0
2019-12-26,5503.3,5543.7,5497.9,5543.66,1244456.0
2019-12-27,5548.35,5576.26,5494.97,5498.93,1555157.0
2019-12-30,5478.0,5530.0,5413.87,5530.0,1434118.0
2019-12-31,5524.43,5567.86,5520.01,5567.03,1328701.0
2020-01-02,5603.93,5682.64,5586.14,5676.56,1787126.0
2020-01-03,5685.08,5717.51,5667.74,5706.04,1790068.0
2020-01-06,5686.16,5803.86,5670.34,5764.73,2084875.0
2020-01-07,5772.66,5852.36,5772.66,5852.36,2034403.0
2020-01-08,5827.38,5858.87,5759.33,5772.47,2189741.0
2020-01-09,5815.74,5864.18,5815.74,5864.18,1863885.0
2020-01-10,5879.21,5885.33,5824.65,5851.89,1691859.0
2020-01-13,5844.96,5926.72,5822.42,5926.72,1607288.0
2020-01-14,5939.9,5948.04,5911.69,5914.11,1768223.0
2020-01-15,5903.76,5920.08,5859.11,5913.52,1600847.0
2020-01-16,5917.23,5934.17,5892.73,5902.13,1479539.0
2020-01-17,5913.79,5927.54,5869.17,5879.41,1428197.0
2020-01-20,5880.13,5954.89,5862.14,5954.87,1483603.0
2020-01-21,5952.0,5952.0,5901.0,5901.86,1563323.0
2020-01-22,5867.22,5942.11,5784.68,5919.59,1627283.0
2020-01-23,5852.2,5897.9,5643.84,5699.01,1847626.0
2020-02-03,5180.59,5227.07,5179.26,5200.16,844165.0
2020-02-04,4923.19,5234.25,4923.19,5212.1,2382011.0
2020-02-05,5242.33,5414.76,5242.33,5348.34,2079400.0
2020-02-06,5353.19,5538.94,5326.21,5515.64,2184817.0
2020-02-07,5535.13,5588.77,5472.87,5583.6,2269287.0
2020-02-10,5586.95,5662.42,5567.05,5661.56,2180681.0
2020-02-11,5656.52,5666.73,5590.89,5623.26,1881579.0
2020-02-12,5605.93,5754.26,5602.3,5754.26,2022791.0
2020-02-13,5758.92,5782.57,5690.01,5707.53,2219162.0
2020-02-14,5696.1,5783.64,5677.79,5727.83,1996800.0
2020-02-17,5766.55,5936.48,5766.55,5936.48,2289148.0
2020-02-18,5948.65,6072.19,5940.62,6072.19,2540994.0
2020-02-19,6058.69,6113.87,6018.05,6018.05,2593203.0
2020-02-20,6032.4,6135.35,5979.05,6134.39,2489539.0
2020-02-21,6141.79,6278.48,6136.08,6243.48,2777673.0
2020-02-24,6254.32,6399.3,6236.09,6380.41,2982995.0
2020-02-25,6233.52,6420.35,6096.15,6407.14,3482398.0
2020-02-26,6315.33,6388.06,6200.26,6221.84,3270930.0
2020-02-27,6254.39,6321.12,6135.95,6232.09,2680292.0
2020-02-28,5999.21,6091.69,5870.91,5870.97,2846159.0
2020-03-02,5946.83,6143.73,5931.04,6113.41,2458655.0
2020-03-03,6225.96,6322.27,6132.71,6195.89,2940932.0
2020-03-04,6146.77,6231.64,6101.05,6226.53,2544541.0
2020-03-05,6312.43,6327.54,6248.98,6315.83,2960798.0
2020-03-06,6236.26,6344.08,6225.7,6296.74,2662631.0
2020-03-09,6198.2,6239.25,6049.62,6049.62,2871845.0
2020-03-10,5965.36,6206.41,5902.39,6206.41,2853962.0
2020-03-11,6219.93,6268.94,6122.91,6122.91,2645768.0
2020-03-12,6026.06,6071.62,5938.93,5999.64,2196460.0
2020-03-13,5681.59,5999.77,5681.59,5945.46,2511916.0
2020-03-16,5999.54,6007.26,5638.39,5657.77,2466047.0
2020-03-17,5707.42,5756.2,5436.6,5642.92,2071577.0
2020-03-18,5702.17,5804.3,5556.11,5556.11,2051148.0
2020-03-19,5552.51,5641.04,5453.04,5617.19,1908158.0
2020-03-20,5676.97,5688.95,5574.62,5670.47,1727440.0
2020-03-23,5514.93,5575.53,5398.95,5416.57,1703384.0
2020-03-24,5522.18,5535.93,5344.42,5517.26,1754523.0
2020-03-25,5632.41,5652.43,5589.96,5646.63,1821148.0
2020-03-26,5606.63,5666.13,5582.93,5595.43,1659992.0
2020-03-27,5659.59,5665.62,5550.54,5553.61,1543918.0
2020-03-30,5472.15,5472.15,5362.8,5415.41,1595505.0
2020-03-31,5465.37,5479.02,5414.31,5427.13,1418095.0
2020-04-01,5413.55,5491.47,5391.54,5403.3,1472636.0
2020-04-02,5376.66,5538.6,5367.57,5538.6,1459388.0
2020-04-03,5525.77,5558.38,5482.06,5507.12,1405777.0
2020-04-07,5605.27,5697.76,5599.82,5695.17,1789241.0
2020-04-08,5673.34,5739.3,5661.95,5718.13,1833014.0
2020-04-09,5750.89,5802.65,5740.03,5789.26,1825248.0
2020-04-10,5787.54,5787.54,5619.7,5637.53,1914724.0
2020-04-13,5590.32,5613.41,5542.57,5578.86,1393286.0
2020-04-14,5605.91,5692.0,5599.91,5692.0,1423442.0
2020-04-15,5689.73,5720.42,5655.22,5657.95,1644019.0
2020-04-16,5626.84,5711.72,5617.05,5700.96,1562942.0
2020-04-17,5735.9,5764.79,5702.01,5710.05,1855520.0
2020-04-20,5722.73,5803.4,5714.32,5803.4,1636800.0
2020-04-21,5780.86,5780.86,5711.17,5773.01,1750015.0
2020-04-22,5721.53,5826.58,5710.81,5826.56,1684396.0
2020-04-23,5841.4,5846.38,5789.1,5789.48,1878864.0
2020-04-24,5782.29,5784.11,5654.22,5675.51,1815721.0
2020-04-27,5675.57,5699.77,5617.52,5645.66,1468744.0
2020-04-28,5641.29,5644.35,5395.57,5561.2,1839521.0
2020-04-29,5533.0,5600.76,5524.87,5547.63,1437243.0
2020-04-30,5572.57,5695.21,5572.57,5678.17,1601861.0
2020-05-06,5636.87,5802.46,5632.03,5802.42,1605154.0
2020-05-07,5809.54,5837.33,5787.61,5795.87,1623163.0
2020-05-08,5825.74,5886.0,5822.81,5862.77,1613926.0
2020-05-11,5892.57,5902.16,5813.67,5851.8,1580653.0
2020-05-12,5847.7,5869.59,5780.09,5869.51,1418357.0
2020-05-13,5849.46,5923.26,5835.33,5917.03,1395783.0
2020-05-14,5889.14,5915.61,5861.78,5863.24,1589742.0
2020-05-15,5886.78,5924.77,5859.9,5889.98,1551878.0
2020-05-18,5905.92,5916.71,5841.72,5860.04,1757860.0
2020-05-19,5896.15,5936.66,5886.9,5936.6,1517792.0
2020-05-20,5928.47,5928.47,5844.58,5865.84,1617178.0
2020-05-21,5878.72,5883.78,5780.11,5791.64,1522931.0
2020-05-22,5782.62,5782.66,5643.4,5684.0,1438449.0
2020-05-25,5674.3,5691.14,5640.28,5671.97,1158736.0
2020-05-26,5690.4,5808.55,5690.4,5808.55,1250795.0
2020-05-27,5813.98,5817.06,5758.18,5772.08,1459446.0
2020-05-28,5769.79,5790.18,5675.49,5758.93,1490119.0
2020-05-29,5744.23,5834.62,5732.38,5816.4,1462347.0
2020-06-01,5855.33,5996.42,5855.33,5993.79,1828045.0
2020-06-02,6012.57,6021.27,5978.77,6002.84,1949548.0
2020-06-03,6010.41,6043.1,5987.57,5994.64,1929548.0
2020-06-04,6004.46,6016.12,5973.2,6006.76,1720278.0
2020-06-05,6009.88,6029.0,5970.15,6015.33,1631232.0
2020-06-08,6039.25,6049.86,5993.17,6001.43,1574697.0
2020-06-09,6005.84,6042.36,5979.23,6042.34,1473051.0
2020-06-10,6033.49,6049.69,6007.98,6049.32,1456702.0
2020-06-11,6050.12,6107.34,5999.51,6027.41,1612811.0
2020-06-12,5901.07,6058.77,5888.23,6031.17,1587179.0
2020-06-15,6031.09,6106.45,6028.94,6028.96,1690848.0
2020-06-16,6076.6,6151.69,6064.26,6151.69,1600146.0
2020-06-17,6160.2,6178.14,6124.22,6178.14,1735397.0
2020-06-18,6168.05,6168.24,6121.07,6149.29,1621122.0
2020-06-19,6147.88,6198.05,6140.52,6187.11,1522060.0
2020-06-22,6204.5,6246.05,6204.5,6228.02,1609448.0
2020-06-23,6229.65,6245.15,6196.69,6238.9,1523638.0
2020-06-24,6242.56,6258.83,6210.97,6227.57,1445405.0
2020-06-29,6214.88,6233.27,6190.41,6211.38,1434076.0
2020-06-30,6239.61,6330.09,6236.64,6319.56,1445838.0
2020-07-01,6341.54,6357.1,6267.14,6339.37,1761087.0
2020-07-02,6341.95,6416.96,6316.96,6413.95,2081719.0
2020-07-03,6424.09,6479.25,6397.51,6478.35,2210481.0
2020-07-06,6516.92,6732.62,6516.92,6726.0,3048902.0
2020-07-07,6784.82,6917.54,6711.31,6817.87,3312051.0
2020-07-08,6817.83,6974.0,6769.21,6974.0,3038830.0
2020-07-09,6976.72,7187.76,6972.0,7182.18,3444389.0
2020-07-10,7161.62,7238.38,7105.76,7150.42,3169091.0
2020-07-13,7179.97,7403.09,7179.97,7403.09,3155443.0
2020-07-14,7412.27,7447.51,7201.49,7344.99,3343281.0
2020-07-15,7355.56,7368.0,7096.58,7131.46,3073010.0
2020-07-16,7130.04,7165.77,6748.5,6758.14,2807555.0
2020-07-17,6759.1,6885.85,6690.45,6772.53,2081764.0
2020-07-20,6851.32,7003.67,6789.31,7003.67,2194506.0
2020-07-21,7026.98,7067.32,6977.47,7058.79,2175366.0
2020-07-22,7050.4,7181.19,7020.55,7125.57,2284989.0
2020-07-23,7068.4,7130.45,6921.19,7119.67,2447834.0
2020-07-24,7098.51,7133.7,6766.51,6784.63,2654818.0
2020-07-27,6807.98,6839.83,6717.32,6786.53,1914645.0
2020-07-28,6835.56,6886.44,6796.82,6857.94,1848679.0
2020-07-29,6843.84,7060.53,6816.31,7060.53,2043127.0
2020-07-30,7082.72,7107.48,7029.02,7048.98,2341987.0
2020-07-31,7030.31,7143.59,6997.63,7141.59,2323312.0
2020-08-03,7204.17,7373.36,7193.07,7373.34,2739515.0
2020-08-04,7398.99,7406.26,7296.12,7326.19,2762321.0
2020-08-05,7340.55,7442.39,7284.67,7427.19,2464111.0
2020-08-06,7425.55,7457.16,7309.36,7432.77,2545267.0
2020-08-07,7407.68,7417.09,7209.94,7339.81,2439462.0
2020-08-10,7319.54,7414.1,7288.75,7358.86,2258929.0
2020-08-11,7358.73,7377.82,7203.79,7213.45,2299280.0
2020-08-12,7176.89,7196.28,6932.3,7092.36,2107263.0
2020-08-13,7112.34,7158.95,7076.78,7113.93,1912699.0
2020-08-14,7103.07,7183.96,7058.54,7183.96,1757578.0
2020-08-17,7206.38,7339.69,7194.12,7339.69,2071924.0
2020-08-18,7348.42,7422.14,7339.89,7410.24,2155554.0
2020-08-19,7397.88,7397.88,7248.89,7256.13,2167844.0
2020-08-20,7196.35,7257.01,7126.04,7151.26,1833968.0
2020-08-21,7182.3,7244.16,7137.05,7194.27,1737746.0
2020-08-24,7212.53,7267.09,7119.94,7253.64,1675519.0
2020-08-25,7258.01,7283.28,7188.17,7213.68,1951157.0
2020-08-26,7209.51,7211.3,7010.08,7037.98,1998596.0
2020-08-27,7041.52,7125.88,6998.03,7113.8,1715592.0
2020-08-28,7102.27,7208.41,7083.13,7204.78,1747133.0
2020-08-31,7238.66,7308.6,7221.55,7224.05,1847668.0
2020-09-01,7216.65,7258.89,7169.4,7258.89,1640727.0
2020-09-02,7270.95,7301.27,7197.21,7272.62,1992560.0
2020-09-03,7263.6,7265.9,7165.77,7189.86,1898638.0
2020-09-04,7064.28,7189.13,7045.55,7182.11,1706378.0
2020-09-07,7189.97,7240.05,7027.92,7057.19,2112600.0
2020-09-08,7070.68,7108.65,6981.57,7103.09,2109105.0
2020-09-09,7023.3,7034.49,6871.77,6877.6,2587149.0
2020-09-10,6921.46,6938.08,6615.56,6633.89,2150576.0
2020-09-11,6592.9,6746.17,6591.31,6742.06,1511399.0
2020-09-14,6781.7,6871.05,6762.24,6848.36,1710652.0
2020-09-15,6861.03,6883.02,6818.22,6881.59,1544980.0
2020-09-16,6871.07,6871.07,6777.43,6812.91,1368294.0
2020-09-17,6800.35,6876.01,6746.22,6825.15,1389637.0
2020-09-18,6822.97,6933.66,6811.9,6929.77,1519946.0
2020-09-21,6951.75,6975.13,6912.04,6927.19,1476893.0
2020-09-22,6862.34,6912.1,6793.68,6815.78,1355345.0
2020-09-23,6839.47,6881.48,6805.13,6862.97,1185407.0
2020-09-24,6814.01,6814.01,6675.06,6675.15,1312681.0
2020-09-25,6703.62,6717.24,6604.67,6634.39,1034109.0
2020-09-28,6649.18,6660.18,6550.0,6550.37,962642.0
2020-09-29,6585.18,6651.74,6562.82,6621.03,950515.0
2020-09-30,6641.38,6665.88,6584.89,6617.16,950185.0
2020-10-09,6737.53,6828.98,6727.39,6822.36,1269732.0
2020-10-12,6881.63,7036.28,6875.7,7036.28,1712672.0
2020-10-13,7023.44,7059.24,6989.67,7053.87,1455849.0
2020-10-14,7036.87,7036.87,6975.19,6988.61,1383357.0
2020-10-15,6991.74,6992.29,6924.19,6926.85,1295636.0
2020-10-16,6924.81,6942.63,6846.17,6906.39,1163922.0
2020-10-19,6943.8,6947.95,6843.0,6858.36,1200846.0
2020-10-20,6846.36,6923.38,6804.84,6923.38,1137265.0
2020-10-21,6926.53,6926.69,6793.49,6815.09,1157873.0
2020-10-22,6788.0,6800.04,6714.15,6771.81,1076606.0
2020-10-23,6774.77,6811.33,6627.7,6641.33,1107088.0
2020-10-26,6620.19,6674.57,6545.79,6648.52,986615.0
2020-10-27,6630.72,6689.03,6620.09,6682.54,1007070.0
2020-10-28,6680.44,6700.47,6589.77,6685.43,1153499.0
2020-10-29,6592.89,6698.72,6573.7,6674.74,1161754.0
2020-10-30,6685.59,6694.52,6502.12,6511.16,1365452.0
2020-11-02,6517.42,6537.32,6461.71,6513.79,1231873.0
2020-11-03,6538.28,6647.58,6518.66,6647.58,1253396.0
2020-11-04,6652.58,6658.58,6585.8,6632.68,1130336.0
2020-11-05,6685.2,6756.9,6665.81,6754.95,1365346.0
2020-11-06,6771.18,6771.18,6645.57,6688.66,1386082.0
2020-11-09,6723.43,6873.44,6723.43,6851.98,1676740.0
2020-11-10,6854.7,6854.77,6747.74,6779.49,1463704.0
2020-11-11,6761.35,6771.53,6659.28,6663.73,1309253.0
2020-11-12,6680.2,6702.3,6647.77,6676.42,1126419.0
2020-11-13,6663.22,6700.2,6621.5,6686.39,1093450.0
2020-11-16,6703.18,6747.81,6668.42,6747.81,1356526.0
2020-11-17,6743.87,6743.87,6637.52,6681.72,1433211.0
2020-11-18,6673.6,6723.61,6653.65,6682.12,1344463.0
2020-11-19,6664.83,6725.49,6625.09,6718.46,1349318.0
2020-11-20,6713.65,6770.06,6701.49,6766.06,1331675.0
2020-11-23,6776.24,6833.62,6738.65,6807.72,1660305.0
2020-11-24,6798.83,6827.47,6785.25,6808.0,1434565.0
2020-11-25,6816.23,6817.76,6691.87,6691.87,1516672.0
2020-11-26,6678.14,6693.87,6597.77,6643.18,1249483.0
2020-11-27,6639.6,6644.35,6578.72,6641.77,1190546.0
2020-11-30,6642.15,6674.26,6591.69,6622.36,1308053.0
2020-12-01,6608.62,6717.25,6600.73,6713.23,1345460.0
2020-12-02,6712.89,6741.54,6699.75,6735.71,1493845.0
2020-12-03,6726.26,6736.42,6679.52,6711.84,1372042.0
2020-12-04,6700.69,6755.58,6688.63,6746.63,1190051.0
2020-12-07,6760.1,6770.84,6731.68,6733.0,1300510.0
2020-12-08,6735.23,6753.7,6720.6,6734.37,1195589.0
2020-12-09,6734.12,6736.17,6602.52,6602.52,1407475.0
2020-12-10,6576.06,6647.45,6552.11,6605.19,1208500.0
2020-12-11,6610.55,6617.44,6441.29,6498.24,1445863.0
2020-12-14,6493.65,6578.41,6459.92,6576.82,1164928.0
2020-12-15,6565.5,6603.4,6548.79,6596.5,1071348.0
2020-12-16,6597.31,6598.93,6538.97,6543.36,1185616.0
2020-12-17,6530.66,6599.11,6460.63,6597.86,1357801.0
2020-12-18,6604.03,6625.97,6564.18,6573.4,1337042.0
2020-12-21,6576.71,6692.38,6571.59,6691.59,1436013.0
2020-12-22,6668.21,6684.7,6545.84,6549.97,1614115.0
2020-12-23,6552.27,6615.2,6551.07,6601.24,1630146.0
2020-12-24,6591.79,6596.59,6484.41,6496.33,1608866.0
2020-12-25,6466.35,6570.3,6454.28,6561.27,1545635.0
2020-12-28,6561.77,6566.65,6484.44,6519.47,1742738.0
2020-12-29,6514.91,6548.71,6473.4,6477.26,1650031.0
2020-12-30,6469.89,6549.38,6465.39,6526.88,1502991.0
2020-12-31,6536.86,6646.5,6536.86,6646.47,1563072.0
2021-01-04,6671.93,6809.43,6662.8,6798.76,1832048.0
2021-01-05,6785.52,6827.5,6726.46,6807.45,1972476.0
2021-01-06,6803.69,6816.26,6686.13,6724.95,1790802.0
2021-01-07,6708.72,6709.07,6557.27,6616.55,1936801.0
2021-01-08,6603.51,6638.86,6514.18,6585.36,1618160.0
2021-01-11,6579.64,6584.22,6437.03,6475.95,1667069.0
2021-01-12,6453.01,6566.14,6433.22,6564.74,1403653.0
2021-01-13,6567.6,6567.6,6471.78,6513.64,1621280.0
2021-01-14,6488.75,6557.26,6414.74,6506.83,1471968.0
2021-01-15,6496.91,6539.17,6435.46,6528.46,1319546.0
2021-01-18,6515.58,6655.05,6511.0,6652.1,1373932.0
2021-01-19,6647.95,6677.41,6602.78,6614.07,1550294.0
2021-01-20,6606.73,6671.45,6584.88,6671.45,1307488.0
2021-01-21,6670.18,6770.87,6669.41,6745.11,1593607.0
2021-01-22,6736.01,6737.55,6671.29,6721.92,1586680.0
2021-01-25,6710.8,6728.45,6631.69,6657.27,1661340.0
2021-01-26,6630.36,6645.81,6525.38,6534.1,1420663.0
2021-01-27,6519.45,6552.43,6449.37,6537.75,1307898.0
2021-01-28,6466.57,6545.72,6395.76,6399.13,1323208.0
2021-01-29,6438.61,6459.34,6221.87,6304.12,1455465.0
2021-02-01,6282.03,6347.17,6280.37,6345.81,1310868.0
2021-02-02,6351.66,6419.03,6307.81,6417.46,1280408.0
2021-02-03,6404.07,6404.07,6306.09,6307.39,1311925.0
2021-02-04,6277.97,6295.7,6077.28,6167.75,1395966.0
2021-02-05,6179.49,6214.28,6044.61,6045.3,1197982.0
2021-02-08,6056.91,6122.32,6000.96,6088.82,1035760.0
2021-02-09,6101.68,6264.18,6097.09,6254.01,1114169.0
2021-02-10,6265.41,6316.79,6236.35,6303.31,1054473.0
2021-02-18,6405.02,6441.51,6363.2,6404.59,1391188.0
2021-02-19,6395.58,6527.9,6374.58,6527.65,1554936.0
2021-02-22,6553.91,6659.41,6534.57,6534.57,2035942.0
2021-02-23,6496.75,6545.54,6447.97,6489.96,1584814.0
2021-02-24,6490.38,6542.28,6378.67,6437.84,1493917.0
2021-02-25,6480.92,6492.42,6390.41,6399.35,1350723.0
2021-02-26,6287.49,6381.32,6276.71,6325.4,1232052.0
2021-03-01,6362.94,6495.19,6362.94,6495.16,1289604.0
2021-03-02,6518.32,6518.99,6423.95,6466.63,1362223.0
2021-03-03,6456.71,6553.95,6446.84,6553.6,1367662.0
2021-03-04,6519.04,6534.6,6417.89,6434.89,1501910.0
2021-03-05,6369.23,6484.3,6366.47,6456.28,1399057.0
2021-03-08,6496.21,6529.87,6327.65,6327.65,1568118.0
2021-03-09,6314.35,6321.02,6035.91,6126.28,1617532.0
2021-03-10,6192.15,6208.77,6069.91,6078.24,1179634.0
2021-03-11,6086.09,6219.66,6055.4,6219.66,1249641.0
2021-03-12,6231.69,6234.34,6155.7,6220.48,1376752.0
2021-03-15,6204.82,6238.2,6130.4,6177.74,1335970.0
2021-03-16,6182.52,6233.46,6145.52,6233.46,1377259.0
2021-03-17,6225.52,6283.6,6184.06,6277.58,1255045.0
2021-03-18,6276.8,6322.46,6268.86,6298.89,1276011.0
2021-03-19,6230.07,6307.22,6208.76,6250.81,1252901.0
2021-03-22,6256.52,6359.67,6253.62,6359.6,1360967.0
2021-03-23,6364.82,6372.66,6259.8,6289.0,1483046.0
2021-03-24,6249.23,6286.85,6183.2,6196.27,1379850.0
2021-03-25,6172.4,6233.69,6130.25,6190.71,1253929.0
2021-03-26,6198.53,6309.59,6198.53,6301.34,1246418.0
2021-03-29,6323.94,6364.54,6309.77,6326.61,1264498.0
2021-03-30,6313.48,6316.82,6268.25,6301.58,1270302.0
2021-03-31,6289.6,6298.79,6252.4,6293.39,1098106.0
2021-04-01,6302.56,6341.24,6286.06,6335.79,1109593.0
2021-04-02,6354.71,6383.46,6337.98,6361.25,1151896.0
2021-04-06,6376.72,6425.39,6374.72,6421.49,1128825.0
2021-04-07,6419.99,6422.77,6372.25,6422.76,1251347.0
2021-04-08,6411.03,6435.36,6387.91,6404.13,1367418.0
2021-04-09,6399.15,6410.53,6378.27,6399.52,1226910.0
2021-04-12,6398.51,6402.33,6251.49,6263.4,1320525.0
2021-04-13,6252.71,6282.97,6216.19,6231.14,1228700.0
2021-04-14,6227.25,6320.57,6225.56,6320.07,1169198.0
2021-04-15,6304.74,6304.79,6258.95,6296.61,1187424.0
2021-04-16,6295.53,6379.97,6295.53,6368.85,1352667.0
2021-04-19,6368.86,6477.41,6357.5,6477.39,1436429.0
2021-04-20,6460.52,6506.88,6450.39,6457.63,1397205.0
2021-04-21,6425.34,6470.94,6408.04,6457.71,1194771.0
2021-04-22,6470.46,6496.44,6463.14,6485.21,1185462.0
2021-04-23,6478.93,6478.93,6425.66,6453.3,1216691.0
2021-04-26,6467.88,6527.33,6427.76,6431.09,1334061.0
2021-04-27,6423.79,6429.86,6338.13,6400.9,1213144.0
2021-04-28,6395.02,6437.27,6366.01,6437.25,1219180.0
2021-04-29,6419.04,6441.85,6394.37,6405.1,1209273.0
2021-04-30,6389.17,6397.27,6348.8,6382.14,1300277.0
2021-05-06,6385.32,6420.42,6347.99,6398.44,1292836.0
2021-05-07,6403.98,6409.35,6320.07,6320.25,1531253.0
2021-05-10,6330.15,6351.42,6300.86,6338.57,1505157.0
2021-05-11,6303.58,6354.24,6239.26,6343.86,1494548.0
2021-05-12,6321.98,6420.34,6311.91,6420.34,1388504.0
2021-05-13,6365.0,6432.63,6354.23,6375.01,1530017.0
2021-05-14,6395.51,6462.5,6374.87,6462.48,1526643.0
2021-05-17,6456.92,6496.38,6438.87,6457.28,1461566.0
2021-05-18,6451.07,6486.92,6431.24,6486.82,1290483.0
2021-05-19,6470.29,6500.12,6455.82,6488.95,1330084.0
2021-05-20,6455.72,6505.52,6445.97,6482.84,1429466.0
2021-05-21,6492.85,6509.37,6468.45,6480.37,1309684.0
2021-05-24,6480.55,6537.86,6471.22,6537.86,1381095.0
2021-05-25,6542.68,6617.43,6532.9,6615.71,1491276.0
2021-05-26,6618.18,6666.21,6609.91,6644.75,1557169.0
2021-05-27,6636.77,6706.38,6630.03,6705.05,1544653.0
2021-05-28,6709.89,6735.55,6669.92,6694.35,1686725.0
2021-05-31,6712.75,6814.36,6712.75,6814.36,1618918.0
2021-06-01,6810.47,6854.75,6782.66,6854.73,1727118.0
2021-06-02,6844.85,6852.64,6742.03,6759.46,1715538.0
2021-06-03,6754.78,6824.98,6729.56,6754.07,1630471.0
2021-06-04,6725.82,6803.78,6718.76,6785.8,1596056.0
2021-06-07,6811.04,6861.85,6807.93,6861.85,1588715.0
2021-06-08,6865.76,6886.94,6779.93,6809.86,1677774.0
2021-06-09,6807.48,6834.04,6783.01,6823.41,1590672.0
2021-06-10,6817.59,6903.88,6808.66,6898.21,1781167.0
2021-06-11,6907.83,6907.95,6852.97,6852.97,1902308.0
2021-06-15,6854.81,6866.18,6796.88,6815.12,1637786.0
2021-06-16,6808.63,6810.2,6668.04,6673.24,1560863.0
2021-06-17,6669.67,6790.71,6669.67,6787.67,1484768.0
2021-06-18,6783.99,6869.26,6765.96,6863.72,1579589.0
2021-06-21,6844.34,6970.64,6833.36,6968.3,1578690.0
2021-06-22,6987.51,7010.62,6947.87,7000.25,1683341.0
2021-06-23,6997.41,7060.4,6978.77,7046.17,1626495.0
2021-06-24,7045.05,7045.05,6969.55,6974.64,1620630.0
2021-06-25,6975.49,7016.08,6947.12,7000.43,1637740.0
2021-06-28,7007.43,7081.05,7005.93,7063.47,1521139.0
2021-06-29,7068.4,7082.07,6999.75,7004.3,1559500.0
2021-06-30,7011.18,7083.99,7004.75,7083.7,1486203.0
2021-07-01,7094.19,7099.13,6969.53,6969.53,1551702.0
2021-07-02,6947.45,6960.48,6891.47,6908.93,1442285.0
2021-07-05,6930.26,7006.72,6930.26,7006.7,1507629.0
2021-07-06,7013.99,7045.19,6885.09,6979.06,1621355.0
2021-07-07,6932.94,7093.05,6913.5,7089.66,1536714.0
2021-07-08,7102.67,7138.76,7082.39,7099.41,1740407.0
2021-07-09,7064.99,7165.88,7000.59,7142.9,1694014.0
2021-07-12,7184.09,7301.1,7171.04,7284.23,1924656.0
2021-07-13,7285.96,7331.73,7263.16,7331.73,1920942.0
2021-07-14,7301.61,7338.31,7240.98,7243.82,1886935.0
2021-07-15,7218.34,7250.03,7103.97,7241.62,1818735.0
2021-07-16,7230.85,7311.45,7214.04,7228.36,1827707.0
2021-07-19,7213.63,7259.03,7174.11,7205.27,1770303.0
2021-07-20,7145.54,7253.37,7137.89,7253.28,1631461.0
2021-07-21,7285.41,7416.47,7285.41,7398.81,1904689.0
2021-07-22,7405.65,7447.03,7349.13,7446.48,2037286.0
2021-07-23,7442.62,7473.14,7348.32,7379.79,2192213.0
2021-07-26,7368.13,7395.27,7140.73,7286.15,2128579.0
2021-07-27,7298.33,7373.09,7093.86,7093.87,2219267.0
2021-07-28,7019.05,7058.51,6750.59,6945.51,1972761.0
2021-07-29,7057.88,7226.5,7057.88,7207.48,1826922.0
2021-07-30,7209.04,7279.06,7155.22,7262.38,2029173.0
2021-08-02,7264.37,7402.4,7248.89,7402.35,2133001.0
2021-08-03,7375.22,7419.34,7284.18,7308.96,2094708.0
2021-08-04,7295.57,7478.21,7295.45,7478.21,1863341.0
2021-08-05,7454.28,7494.33,7402.38,7447.94,1988312.0
2021-08-06,7462.86,7490.98,7419.73,7482.17,1860151.0
2021-08-09,7459.35,7509.33,7386.31,7507.08,1811089.0
2021-08-10,7489.16,7566.73,7467.06,7549.55,1890485.0
2021-08-11,7538.82,7611.65,7498.58,7605.92,1963504.0
2021-08-12,7595.26,7677.74,7588.74,7657.53,2102505.0
2021-08-13,7635.49,7724.44,7605.86,7641.92,2080065.0
2021-08-16,7628.16,7633.66,7546.54,7568.14,2015695.0
2021-08-17,7559.3,7578.43,7338.02,7360.03,2074268.0
2021-08-18,7352.97,7454.03,7338.82,7405.49,1789405.0
2021-08-19,7387.44,7511.19,7330.6,7468.77,1828903.0
2021-08-20,7438.7,7505.55,7354.17,7467.36,1768224.0
2021-08-23,7501.41,7668.89,7501.41,7652.56,2014917.0
2021-08-24,7654.19,7737.6,7614.94,7715.07,2126585.0
2021-08-25,7707.09,7769.7,7664.29,7769.63,2063983.0
2021-08-26,7754.68,7771.85,7662.38,7669.53,2282214.0
2021-08-27,7634.93,7686.34,7584.28,7680.08,2128912.0
2021-08-30,7701.42,7792.52,7687.15,7727.75,2368418.0
2021-08-31,7714.17,7728.42,7636.77,7728.42,2354555.0
2021-09-01,7738.27,7743.18,7495.76,7606.87,2677235.0
2021-09-02,7572.05,7703.72,7568.07,7690.86,2260865.0
2021-09-03,7696.46,7766.46,7561.23,7630.84,2670445.0
2021-09-06,7625.74,7735.55,7552.95,7735.1,2279541.0
2021-09-07,7735.22,7881.87,7718.59,7878.35,2285596.0
2021-09-08,7886.27,7911.02,7854.89,7894.25,2543218.0
2021-09-09,7888.83,7922.41,7835.15,7900.24,2382017.0
2021-09-10,7897.33,7954.48,7832.96,7932.65,2400163.0
2021-09-13,7941.21,7955.98,7875.0,7947.48,2306852.0
2021-09-14,7927.89,8042.52,7895.18,7916.9,2432256.0
2021-09-15,7900.69,7988.37,7862.31,7972.23,2134539.0
2021-09-16,7974.08,7993.22,7749.66,7754.95,2366666.0
2021-09-17,7740.56,7786.19,7575.08,7730.22,2142380.0
2021-09-22,7640.47,7774.51,7633.28,7769.06,1827339.0
2021-09-23,7818.73,7850.24,7792.59,7806.8,2124001.0
2021-09-24,7799.92,7806.81,7685.11,7695.62,2064634.0
2021-09-27,7717.1,7733.21,7399.81,7467.82,2131836.0
2021-09-28,7428.41,7496.33,7409.37,7468.73,1580649.0
2021-09-29,7409.96,7413.8,7199.11,7199.18,1725501.0
2021-09-30,7237.54,7411.28,7237.54,7405.46,1464422.0
2021-10-08,7501.24,7514.24,7382.02,7425.67,1594603.0
2021-10-11,7441.62,7442.35,7346.86,7384.84,1506012.0
2021-10-12,7366.16,7376.73,7125.54,7208.47,1566437.0
2021-10-13,7213.01,7297.3,7147.01,7289.36,1311915.0
2021-10-14,7276.51,7362.46,7256.98,7342.25,1289307.0
2021-10-15,7321.58,7374.34,7288.28,7350.41,1453349.0
2021-10-18,7344.57,7429.63,7322.7,7429.63,1449482.0
2021-10-19,7420.48,7506.09,7408.12,7504.05,1524081.0
2021-10-20,7467.34,7560.85,7456.81,7523.56,1557437.0
2021-10-21,7520.93,7548.82,7481.44,7503.53,1587425.0
2021-10-22,7506.87,7530.58,7436.14,7438.48,1676570.0
2021-10-25,7438.43,7532.37,7417.2,7532.37,1504722.0
2021-10-26,7547.75,7583.13,7492.39,7508.69,1614275.0
2021-10-27,7490.69,7501.54,7408.58,7433.55,1620863.0
2021-10-28,7395.49,7422.1,7253.11,7267.85,1659251.0
2021-10-29,7276.51,7385.41,7234.5,7385.3,1585346.0
2021-11-01,7374.45,7488.48,7357.67,7455.61,1720333.0
2021-11-02,7462.13,7501.96,7301.65,7368.6,1875134.0
2021-11-03,7362.12,7391.05,7312.25,7385.2,1456190.0
2021-11-04,7402.66,7483.69,7402.66,7483.69,1617179.0
2021-11-05,7476.14,7488.12,7388.2,7389.59,1816776.0
2021-11-08,7376.71,7423.01,7351.5,7422.91,1520517.0
2021-11-09,7443.45,7532.25,7435.51,7531.96,1555702.0
2021-11-10,7516.0,7535.24,7425.23,7535.23,1668093.0
2021-11-11,7524.16,7601.2,7515.71,7593.73,1711532.0
2021-11-12,7593.45,7705.05,7593.45,7697.81,1737468.0
2021-11-15,7713.85,7727.02,7653.71,7676.48,1895536.0
2021-11-16,7659.02,7691.65,7579.68,7589.18,1770131.0
2021-11-17,7603.33,7725.09,7603.33,7725.09,1748243.0
2021-11-18,7724.03,7765.74,7686.14,7714.8,1985044.0
2021-11-19,7709.31,7806.03,7705.84,7803.76,1880011.0
2021-11-22,7822.96,7948.02,7822.96,7947.37,1904003.0
2021-11-23,7950.25,7974.51,7933.2,7941.56,1934220.0
2021-11-24,7939.59,7971.44,7917.68,7938.77,1886057.0
2021-11-25,7937.4,7959.84,7919.66,7925.76,1758382.0
2021-11-26,7912.89,7954.79,7906.35,7940.79,1739168.0
2021-11-29,7837.39,7999.94,7828.92,7999.83,1764534.0
2021-11-30,8037.26,8082.9,7991.19,8054.29,1975626.0
2021-12-01,8050.89,8068.38,8000.81,8055.82,1890749.0
2021-12-02,8045.73,8046.25,7964.74,7968.24,1846724.0
2021-12-03,7973.62,8034.69,7952.37,8023.96,1790630.0
2021-12-06,8018.46,8029.83,7899.91,7906.76,1915203.0
2021-12-07,7937.23,7948.17,7713.92,7781.44,1823900.0
2021-12-08,7806.38,7922.55,7803.44,7922.55,1613071.0
2021-12-09,7924.53,7948.03,7903.68,7931.76,1812522.0
2021-12-10,7898.64,7964.35,7886.13,7949.12,1734658.0
2021-12-13,7963.48,8000.11,7936.62,7984.9,1895221.0
2021-12-14,7969.6,7997.18,7952.75,7981.83,1932125.0
2021-12-15,7982.1,8019.3,7942.94,7955.58,2002070.0
2021-12-16,7966.5,8005.98,7959.18,8005.98,1948652.0
2021-12-17,7997.47,7997.47,7894.1,7894.1,2023037.0
2021-12-20,7873.67,7920.65,7747.36,7751.95,1990083.0
2021-12-21,7749.82,7849.03,7749.82,7849.03,1914606.0
2021-12-22,7868.3,7943.24,7854.36,7930.81,2059422.0
2021-12-23,7932.1,7947.13,7892.89,7932.66,2029106.0
2021-12-24,7940.38,7940.43,7771.42,7776.61,2121323.0
2021-12-27,7768.38,7833.58,7739.29,7776.43,1754319.0
2021-12-28,7794.03,7863.53,7783.1,7863.53,1707446.0
2021-12-29,7858.94,7886.71,7838.28,7855.43,1722731.0
2021-12-30,7863.17,7949.96,7861.54,7924.53,1785459.0
2021-12-31,7946.94,8016.4,7946.94,8010.32,1896029.0
2022-01-04,8045.1,8060.99,7948.91,7983.07,2259577.0
2022-01-05,7968.74,7968.92,7733.51,7781.68,2187915.0
2022-01-06,7743.86,7863.55,7721.78,7844.52,1927350.0
2022-01-07,7841.13,7867.49,7681.13,7682.7,2144413.0
2022-01-10,7669.05,7756.97,7624.93,7734.19,1831185.0
2022-01-11,7734.54,7768.74,7632.07,7646.69,1842567.0
2022-01-12,7691.85,7779.52,7682.55,7779.52,1790288.0
2022-01-13,7781.31,7781.31,7644.79,7644.79,1967188.0
2022-01-14,7611.29,7714.5,7590.19,7675.37,1954373.0
2022-01-17,7687.71,7815.66,7683.38,7808.09,1990487.0
2022-01-18,7808.99,7827.19,7743.72,7758.6,2219452.0
2022-01-19,7728.16,7745.81,7617.06,7665.18,1881708.0
2022-01-20,7664.12,7672.76,7488.86,7492.61,1998762.0
2022-01-21,7474.76,7493.02,7384.4,7388.74,1766286.0
2022-01-24,7346.39,7462.53,7333.0,7425.4,1544158.0
2022-01-25,7398.76,7440.55,7133.07,7133.07,1785770.0
2022-01-26,7158.57,7226.64,7071.47,7171.03,1430725.0
2022-01-27,7178.54,7191.48,6959.46,6960.11,1467864.0
2022-01-28,6996.77,7071.32,6861.47,6973.01,1389843.0
2022-02-07,7080.61,7102.42,7037.16,7061.62,1455063.0
2022-02-08,7058.25,7080.62,6928.9,7080.62,1609004.0
2022-02-09,7083.43,7212.75,7056.62,7211.43,1723997.0
2022-02-10,7208.57,7222.19,7126.07,7175.62,1657815.0
2022-02-11,7140.93,7151.24,7024.79,7033.85,1686152.0
2022-02-14,6991.63,7096.55,6961.3,7006.08,1472178.0
2022-02-15,7020.13,7125.1,6990.4,7124.85,1432976.0
2022-02-16,7164.23,7201.08,7132.08,7183.11,1471890.0
2022-02-17,7169.72,7265.03,7146.59,7220.61,1659441.0
2022-02-18,7174.59,7252.06,7164.27,7251.79,1560970.0
2022-02-21,7264.44,7334.91,7259.76,7334.59,1698478.0
2022-02-22,7310.66,7310.66,7212.27,7279.24,1795026.0
2022-02-23,7290.7,7450.4,7289.74,7450.4,1827305.0
2022-02-24,7414.47,7481.14,7174.78,7285.12,2557206.0
2022-02-25,7346.85,7435.4,7344.78,7361.96,1777570.0
2022-02-28,7370.43,7419.83,7291.08,7419.83,1674020.0
2022-03-01,7433.75,7454.9,7379.82,7429.44,1661871.0
2022-03-02,7400.95,7421.64,7341.83,7414.31,1602099.0
2022-03-03,7440.94,7446.47,7334.28,7342.61,1831819.0
2022-03-04,7300.0,7360.26,7219.64,7241.56,1784384.0
2022-03-07,7230.81,7230.81,7050.35,7085.73,1660518.0
2022-03-08,7089.51,7118.51,6824.03,6871.22,1919606.0
2022-03-09,6889.51,6925.55,6511.91,6796.04,2132619.0
2022-03-10,6946.58,7017.28,6914.89,6952.52,1853545.0
2022-03-11,6856.87,7001.6,6778.59,6990.78,1809932.0
2022-03-14,6938.22,6972.91,6800.59,6800.59,1626621.0
2022-03-15,6745.6,6790.24,6473.48,6473.48,1957508.0
2022-03-16,6586.82,6704.18,6330.41,6692.97,1975590.0
2022-03-17,6777.74,6934.49,6768.61,6818.54,2050544.0
2022-03-18,6792.32,6882.66,6773.46,6879.37,1738904.0
2022-03-21,6886.03,6983.52,6867.31,6954.41,1794284.0
2022-03-22,6938.97,6976.39,6893.65,6923.44,1784563.0
2022-03-23,6938.51,6989.72,6910.33,6966.95,1759422.0
2022-03-24,6934.13,6950.74,6847.17,6900.81,1759179.0
2022-03-25,6906.68,6939.87,6819.55,6819.81,1738186.0
2022-03-28,6772.44,6828.4,6692.91,6767.25,1683986.0
2022-03-29,6785.38,6808.88,6700.41,6725.68,1662017.0
2022-03-30,6750.0,6864.75,6734.07,6864.75,1713258.0
2022-03-31,6846.33,6846.33,6760.05,6772.07,1956791.0
2022-04-01,6723.26,6790.76,6688.7,6772.6,1715306.0
2022-04-06,6769.74,6769.74,6711.3,6764.29,1799328.0
2022-04-07,6736.34,6768.45,6623.59,6623.59,1884327.0
2022-04-08,6635.69,6644.76,6496.18,6575.28,1915741.0
2022-04-11,6544.29,6544.29,6297.39,6328.07,2042083.0
2022-04-12,6314.22,6414.5,6259.05,6414.42,1936769.0
2022-04-13,6381.78,6388.7,6286.25,6286.25,1844341.0
2022-04-14,6313.1,6388.56,6294.37,6359.71,1757547.0
2022-04-15,6328.23,6334.48,6229.41,6275.07,1900075.0
2022-04-18,6233.42,6339.11,6164.44,6326.02,1589648.0
2022-04-19,6324.42,6379.43,6304.25,6345.79,1509416.0
2022-04-20,6347.8,6351.64,6208.79,6234.25,1653574.0
2022-04-21,6206.18,6236.55,5966.03,5981.38,1734549.0
2022-04-22,5937.39,5965.41,5851.23,5891.81,1447292.0
2022-04-25,5776.18,5776.18,5431.61,5431.61,1831667.0
2022-04-26,5432.61,5483.03,5251.52,5266.55,1783233.0
2022-04-27,5192.5,5541.11,5164.75,5540.72,1929273.0
2022-04-28,5501.52,5578.62,5425.77,5493.91,1697141.0
2022-04-29,5534.17,5753.08,5517.72,5734.49,1866605.0
2022-05-05,5723.18,5884.38,5712.06,5836.93,1689330.0
2022-05-06,5690.14,5812.48,5665.93,5764.69,1541964.0
2022-05-09,5749.9,5857.71,5749.9,5840.89,1389435.0
2022-05-10,5761.85,5952.72,5746.72,5950.67,1696301.0
2022-05-11,5959.79,6147.86,5959.79,6003.03,2063111.0
2022-05-12,5971.21,6061.18,5964.83,6034.57,1668099.0
2022-05-13,6059.0,6079.16,6001.91,6071.67,1547089.0
2022-05-16,6110.99,6154.7,6057.32,6082.88,1588149.0
2022-05-17,6079.3,6120.84,6013.7,6118.46,1609809.0
2022-05-18,6124.38,6183.46,6103.63,6127.8,1518026.0
2022-05-19,6032.73,6180.19,6020.41,6180.19,1615123.0
2022-05-20,6203.91,6263.44,6176.13,6263.44,1678594.0
2022-05-23,6284.6,6345.0,6267.83,6343.47,1648665.0
2022-05-24,6343.89,6345.12,6081.64,6081.64,1983976.0
2022-05-25,6079.94,6188.27,6070.96,6188.27,1613537.0
2022-05-26,6195.21,6252.56,6095.75,6227.1,1684402.0
2022-05-27,6252.36,6283.72,6157.81,6210.09,1705658.0
2022-05-30,6231.64,6282.36,6171.74,6282.36,1592008.0
2022-05-31,6283.16,6356.55,6224.61,6353.35,1735512.0
2022-06-01,6332.39,6398.35,6316.58,6373.32,1729919.0
2022-06-02,6349.56,6449.97,6329.07,6442.93,1649474.0
2022-06-06,6449.55,6612.8,6449.24,6604.98,1831763.0
2022-06-07,6613.17,6631.32,6539.71,6597.83,1876794.0
2022-06-08,6594.92,6660.09,6474.23,6608.89,1963224.0
2022-06-09,6591.92,6591.92,6453.65,6490.38,1780414.0
2022-06-10,6446.81,6630.26,6438.8,6627.75,1769209.0
2022-06-13,6582.69,6683.91,6573.57,6674.8,2008572.0
2022-06-14,6607.12,6665.25,6460.43,6665.25,2072240.0
2022-06-15,6671.05,6759.38,6653.76,6653.76,2285966.0
2022-06-16,6651.2,6755.63,6651.2,6696.76,2041907.0
2022-06-17,6652.54,6782.49,6643.1,6774.74,1955450.0
2022-06-20,6787.34,6874.38,6783.62,6848.75,2028554.0
2022-06-21,6849.73,6854.92,6709.36,6779.14,1961056.0
2022-06-22,6781.87,6811.55,6688.39,6691.81,1794972.0
2022-06-23,6694.25,6845.45,6649.93,6845.45,1926800.0
2022-06-24,6865.36,6954.45,6862.46,6931.65,1995321.0
2022-06-27,6968.13,7012.12,6940.52,7002.93,2092586.0
2022-06-28,7001.26,7081.28,6956.3,7079.72,2147071.0
2022-06-29,7061.79,7075.52,6900.99,6900.99,2292800.0
2022-06-30,6909.74,7032.67,6909.74,6995.53,1924616.0
2022-07-01,6999.68,7039.85,6967.48,6994.5,1780545.0
2022-07-04,6985.05,7076.32,6928.4,7076.32,1811804.0
2022-07-05,7081.9,7098.57,6950.24,7036.0,2043986.0
2022-07-06,7014.45,7041.87,6890.93,6953.98,1821146.0
2022-07-07,6955.53,7053.45,6910.09,7041.87,1703042.0
2022-07-08,7067.03,7084.9,6990.74,7000.79,1745157.0
2022-07-11,6976.1,6976.1,6830.47,6893.63,1745495.0
2022-07-12,6891.58,6911.8,6779.56,6779.56,1680572.0
2022-07-13,6780.61,6855.07,6737.88,6834.9,1672682.0
2022-07-14,6823.09,6954.91,6809.1,6920.87,1840649.0
2022-07-15,6889.81,6966.04,6852.82,6852.82,1986257.0
2022-07-18,6868.3,6953.93,6839.13,6953.93,1820480.0
2022-07-19,6956.86,7033.25,6932.74,7009.32,1822405.0
2022-07-20,7028.79,7110.1,7019.51,7110.1,1815337.0
2022-07-21,7098.27,7134.22,7067.15,7075.29,1967697.0
2022-07-22,7081.56,7124.3,6969.43,7034.6,1730310.0
2022-07-25,7037.76,7068.34,6933.82,6948.91,1623908.0
2022-07-26,6949.19,7031.11,6901.93,7027.42,1472184.0
2022-07-27,7018.22,7109.54,7005.07,7099.43,1522691.0
2022-07-28,7138.32,7196.73,7112.74,7150.2,1803543.0
2022-07-29,7152.33,7179.47,7105.33,7117.43,1768412.0
2022-08-01,7100.71,7180.45,7055.61,7180.45,1628030.0
2022-08-02,7098.18,7098.18,6872.75,6957.98,2230883.0
2022-08-03,6968.29,7079.85,6893.52,6916.67,1990463.0
2022-08-04,6953.98,6977.39,6853.7,6960.31,1578961.0
2022-08-05,6975.89,7096.43,6961.65,7090.0,1708485.0
2022-08-08,7082.54,7176.48,7062.37,7176.11,1585613.0
2022-08-09,7168.96,7207.4,7131.34,7207.4,1629129.0
2022-08-10,7183.18,7231.43,7169.88,7212.08,1596366.0
2022-08-11,7241.73,7295.89,7212.4,7294.49,1795062.0
2022-08-12,7287.65,7311.89,7228.34,7228.83,1812889.0
2022-08-15,7218.09,7296.34,7215.2,7283.5,1690826.0
2022-08-16,7290.24,7356.11,7280.92,7324.62,1836748.0
2022-08-17,7330.48,7342.7,7280.57,7328.67,1836121.0
2022-08-18,7315.41,7358.71,7298.93,7351.44,1763777.0
2022-08-19,7353.43,7369.73,7234.41,7234.41,1907745.0
2022-08-22,7214.48,7289.31,7170.2,7288.58,1726676.0
2022-08-23,7275.38,7310.13,7267.79,7306.02,1710671.0
2022-08-24,7312.55,7315.1,7029.88,7039.41,2075216.0
2022-08-25,7065.34,7080.73,6930.84,7016.31,1743513.0
2022-08-26,7032.66,7103.83,6966.07,6980.18,1617250.0
2022-08-29,6884.73,7022.79,6858.43,7021.31,1535714.0
2022-08-30,7018.72,7025.46,6943.14,6976.72,1538329.0
2022-08-31,6954.51,6966.99,6738.52,6750.74,1665599.0
2022-09-01,6757.01,6819.62,6698.84,6717.1,1368213.0
2022-09-02,6731.67,6801.35,6695.1,6776.83,1285554.0
2022-09-05,6774.19,6831.22,6739.14,6791.09,1319110.0
2022-09-06,6808.87,6919.65,6780.44,6919.65,1443443.0
2022-09-07,6894.71,6989.75,6882.59,6963.52,1429984.0
2022-09-08,6965.56,6975.13,6889.86,6897.1,1330146.0
2022-09-09,6908.71,6918.2,6848.27,6913.58,1309408.0
2022-09-13,6935.59,6957.35,6886.36,6904.08,1259826.0
2022-09-14,6800.93,6851.09,6783.19,6829.56,1213094.0
2022-09-15,6859.25,6866.55,6543.2,6619.19,1606346.0
2022-09-16,6599.27,6632.56,6480.1,6481.24,1357042.0
2022-09-19,6468.39,6504.75,6364.07,6399.8,1079342.0
2022-09-20,6441.1,6536.42,6436.76,6482.13,998980.0
2022-09-21,6461.25,6506.06,6378.63,6480.6,1056001.0
2022-09-22,6438.29,6554.3,6429.5,6487.27,1051470.0
2022-09-23,6486.79,6504.03,6306.96,6363.68,1119657.0
2022-09-26,6318.3,6404.01,6274.34,6283.59,1104535.0
2022-09-27,6302.89,6409.78,6287.77,6409.78,1060335.0
2022-09-28,6397.84,6401.84,6211.11,6211.11,1049601.0
2022-09-29,6270.91,6307.78,6192.77,6228.78,1057307.0
2022-09-30,6221.83,6241.96,6123.99,6124.86,925646.0
2022-10-10,6136.71,6154.06,5964.62,5984.5,1024481.0
2022-10-11,5994.76,6044.28,5939.07,6017.72,942380.0
2022-10-12,6017.67,6192.65,5918.02,6192.65,1200531.0
2022-10-13,6162.71,6311.51,6146.4,6252.22,1287009.0
2022-10-14,6296.35,6427.47,6286.67,6406.46,1418020.0
2022-10-17,6380.21,6476.4,6370.15,6472.45,1324446.0
2022-10-18,6490.6,6551.8,6447.78,6508.5,1299209.0
2022-10-19,6492.6,6533.57,6460.7,6461.15,1246474.0
2022-10-20,6431.99,6525.8,6342.15,6429.7,1335250.0
2022-10-21,6433.33,6469.09,6387.77,6432.33,1198798.0
2022-10-24,6448.87,6554.37,6335.07,6378.43,1413571.0
2022-10-25,6346.15,6411.17,6248.84,6355.78,1293214.0
2022-10-26,6358.06,6548.62,6348.99,6491.69,1506639.0
2022-10-27,6497.52,6544.42,6459.92,6461.61,1467738.0
2022-10-28,6412.61,6446.6,6216.27,6239.93,1561205.0
2022-10-31,6201.75,6349.12,6201.28,6292.62,1458748.0
2022-11-01,6299.03,6440.92,6277.62,6439.82,1522630.0
2022-11-02,6434.95,6557.01,6424.66,6524.51,1625686.0
2022-11-03,6467.23,6576.37,6461.3,6566.84,1415137.0
2022-11-04,6569.19,6719.51,6568.78,6709.64,1650624.0
2022-11-07,6713.73,6749.76,6660.98,6713.64,1602549.0
2022-11-08,6707.01,6708.08,6647.44,6694.96,1354718.0
2022-11-09,6694.4,6736.67,6664.37,6676.01,1265646.0
2022-11-10,6638.52,6663.11,6583.86,6603.31,1421376.0
2022-11-11,6749.07,6776.74,6641.76,6643.48,1916490.0
2022-11-14,6639.02,6688.01,6570.49,6599.67,1743040.0
2022-11-15,6593.63,6752.51,6576.87,6752.51,1709392.0
2022-11-16,6749.96,6775.38,6687.32,6702.04,1550212.0
2022-11-17,6685.94,6714.5,6629.9,6714.5,1591913.0
2022-11-18,6711.89,6752.84,6650.74,6658.4,1681052.0
2022-11-21,6622.6,6689.33,6585.28,6689.33,1371553.0
2022-11-22,6682.05,6692.24,6556.34,6583.23,1508532.0
2022-11-23,6572.16,6592.3,6451.96,6567.99,1443662.0
2022-11-24,6573.47,6611.8,6553.96,6586.86,1261973.0
2022-11-25,6573.02,6573.02,6508.52,6512.16,1245794.0
2022-11-28,6426.93,6494.98,6412.03,6492.71,1298818.0
2022-11-29,6505.9,6607.46,6505.9,6594.32,1574483.0
2022-11-30,6591.68,6619.27,6561.27,6590.31,1554031.0
2022-12-01,6645.47,6691.51,6639.63,6658.43,1621507.0
2022-12-02,6644.44,6721.69,6637.16,6680.54,1494240.0
2022-12-05,6710.73,6723.57,6675.6,6714.37,1789150.0
2022-12-06,6690.92,6731.07,6667.0,6703.55,1548101.0
2022-12-07,6684.61,6732.26,6677.52,6705.29,1559893.0
2022-12-08,6694.84,6699.3,6648.35,6662.34,1486116.0
2022-12-09,6661.9,6684.15,6626.94,6680.38,1603492.0
2022-12-12,6669.17,6680.61,6626.87,6655.67,1536531.0
2022-12-13,6654.67,6654.75,6586.87,6593.67,1496927.0
2022-12-14,6600.41,6626.7,6556.81,6570.02,1396649.0
2022-12-15,6557.9,6605.7,6545.0,6597.55,1288505.0
2022-12-16,6569.06,6581.93,6504.05,6519.44,1344348.0
2022-12-19,6518.38,6537.14,6367.45,6390.77,1354860.0
2022-12-20,6380.22,6389.05,6321.14,6341.58,1100086.0
2022-12-21,6341.22,6344.66,6255.35,6289.14,1027297.0
2022-12-22,6314.55,6319.57,6171.18,6186.93,1132455.0
2022-12-23,6154.66,6197.24,6120.94,6160.75,970947.0
2022-12-26,6161.94,6276.11,6161.94,6275.52,1000312.0
2022-12-27,6288.61,6328.36,6256.04,6325.63,1092705.0
2022-12-28,6304.59,6306.95,6251.3,6268.47,1052639.0
2022-12-29,6253.79,6322.25,6245.23,6261.83,1023822.0
2022-12-30,6283.5,6296.24,6262.6,6281.62,971465.0
2023-01-03,6286.81,6433.79,6275.69,6423.7,1331817.0
2023-01-04,6423.43,6445.62,6385.0,6421.28,1310401.0
2023-01-05,6427.45,6489.99,6413.75,6485.47,1216615.0
2023-01-06,6482.88,6539.76,6478.63,6500.32,1293840.0
2023-01-09,6523.14,6559.46,6517.57,6535.75,1220479.0
2023-01-10,6541.82,6546.54,6505.1,6540.2,1116281.0
2023-01-11,6544.57,6562.35,6480.95,6486.9,1128829.0
2023-01-12,6495.16,6529.81,6469.48,6489.57,1049375.0
2023-01-13,6505.24,6517.51,6475.66,6517.51,1107619.0
2023-01-16,6521.45,6628.73,6521.45,6591.81,1410709.0
2023-01-17,6600.25,6622.32,6573.28,6597.49,1084211.0
2023-01-18,6613.74,6635.85,6593.37,6613.01,1058347.0
2023-01-19,6605.45,6678.18,6590.42,6676.08,1075896.0
2023-01-20,6690.14,6740.13,6690.14,6736.85,1227627.0
2023-01-30,6815.14,6839.84,6780.37,6786.45,1707693.0
2023-01-31,6763.4,6820.14,6758.9,6805.28,1477123.0
2023-02-01,6815.06,6916.73,6812.79,6916.72,1696517.0
2023-02-02,6926.58,6969.79,6908.7,6933.23,1671340.0
2023-02-03,6922.79,6934.32,6829.4,6925.08,1575589.0
2023-02-06,6902.49,6928.28,6853.91,6891.41,1460590.0
2023-02-07,6900.23,6924.42,6864.21,6924.32,1501088.0
2023-02-08,6927.33,6932.99,6873.6,6877.72,1385107.0
2023-02-09,6864.03,6999.18,6850.57,6999.18,1491477.0
2023-02-10,6991.23,7015.25,6926.48,6975.39,1524321.0
2023-02-13,6976.33,7052.6,6973.41,7052.18,1608485.0
2023-02-14,7064.53,7070.33,7028.79,7061.45,1517864.0
2023-02-15,7062.36,7076.87,7038.99,7063.6,1597793.0
2023-02-16,7063.93,7098.92,6878.35,6925.2,2173816.0
2023-02-17,6931.99,6954.85,6861.3,6868.55,1726569.0
2023-02-20,6871.86,6959.75,6825.87,6959.36,1656144.0
2023-02-21,6969.35,7008.55,6939.59,6990.48,1716909.0
2023-02-22,6961.15,7014.56,6947.12,6998.43,1446010.0
2023-02-23,6997.78,7008.68,6929.61,6966.79,1418625.0
2023-02-24,6971.65,6983.16,6906.69,6944.82,1210788.0
2023-02-27,6928.03,6950.88,6876.25,6894.3,1293009.0
2023-02-28,6911.36,6955.57,6874.93,6955.57,1310360.0
2023-03-01,6955.48,7002.77,6932.76,7002.77,1559086.0
2023-03-02,6999.23,7021.11,6963.06,6972.31,1665057.0
2023-03-03,6970.21,6997.42,6921.27,6967.94,1545982.0
2023-03-06,6973.52,7004.71,6933.99,6997.04,1503171.0
2023-03-07,6991.56,6993.18,6855.34,6855.34,1597578.0
2023-03-08,6838.63,6894.36,6832.04,6891.46,1212806.0
2023-03-09,6898.24,6911.54,6851.91,6892.86,1266713.0
2023-03-10,6854.41,6864.94,6795.22,6798.3,1403386.0
2023-03-13,6780.02,6832.62,6750.22,6832.62,1411912.0
2023-03-14,6824.25,6824.25,6690.09,6769.85,1563364.0
2023-03-15,6797.82,6844.97,6794.41,6803.47,1391470.0
2023-03-16,6769.61,6777.91,6677.68,6689.78,1418818.0
2023-03-17,6726.96,6781.95,6717.14,6736.37,1615353.0
2023-03-20,6745.95,6760.91,6694.52,6721.45,1753134.0
2023-03-21,6726.8,6810.29,6725.83,6809.39,1465849.0
2023-03-22,6830.19,6845.76,6810.76,6840.33,1603183.0
2023-03-23,6827.68,6869.18,6809.85,6868.83,1654481.0
2023-03-24,6874.54,6880.19,6840.75,6867.95,1816802.0
2023-03-27,6874.39,6900.63,6830.95,6886.69,1950644.0
2023-03-28,6881.11,6884.54,6816.45,6825.38,1704688.0
2023-03-29,6825.13,6839.9,6785.15,6806.28,1608066.0
2023-03-30,6802.07,6814.69,6751.69,6807.64,1461758.0
2023-03-31,6806.61,6878.32,6801.94,6875.81,1515820.0
2023-04-03,6878.09,6966.69,6878.09,6962.2,1945545.0
2023-04-04,6960.91,6966.99,6918.13,6953.36,2132120.0
2023-04-06,6926.19,6988.37,6921.66,6983.03,1910095.0
2023-04-07,6987.01,7043.22,6978.35,7042.89,1674373.0
2023-04-10,7050.24,7052.74,6950.77,6968.57,1810079.0
2023-04-11,6967.03,6986.44,6937.02,6984.14,1627940.0
2023-04-12,6989.69,7027.84,6979.28,7021.02,1803009.0
2023-04-13,7011.66,7029.1,6956.68,6966.82,1829367.0
2023-04-14,6978.59,7026.12,6942.57,7020.09,1747518.0
2023-04-17,7009.47,7030.24,6989.7,7012.77,1734631.0
2023-04-18,7002.26,7014.38,6961.51,6997.07,1602781.0
2023-04-19,6988.65,7011.93,6955.36,6965.58,1689681.0
2023-04-20,6956.37,6963.9,6911.98,6963.9,1742408.0
2023-04-21,6954.1,6963.08,6773.51,6773.51,1931773.0
2023-04-24,6766.52,6771.65,6692.22,6725.27,1723656.0
2023-04-25,6708.28,6711.57,6517.27,6603.24,1943998.0
2023-04-26,6577.36,6667.43,6573.88,6624.4,1845617.0
2023-04-27,6597.73,6672.22,6593.38,6633.49,1742021.0
2023-04-28,6617.32,6724.57,6617.32,6723.3,1890276.0
2023-05-04,6701.49,6738.44,6698.64,6733.97,2021370.0
2023-05-05,6723.16,6723.98,6612.74,6653.65,1858770.0
2023-05-08,6660.92,6714.39,6660.92,6702.5,2042046.0
2023-05-09,6696.67,6705.74,6610.57,6611.64,2175182.0
2023-05-10,6599.79,6648.04,6576.4,6627.31,1723013.0
2023-05-11,6634.16,6653.38,6618.19,6622.52,1558052.0
2023-05-12,6608.83,6630.56,6535.11,6535.94,1533291.0
2023-05-15,6537.4,6585.91,6466.45,6585.91,1611268.0
2023-05-16,6586.72,6586.72,6501.31,6516.29,1424341.0
2023-05-17,6500.44,6555.77,6497.38,6554.98,1257781.0
2023-05-18,6557.37,6595.49,6554.08,6583.74,1443688.0
2023-05-19,6571.09,6621.43,6545.08,6602.32,1354330.0
2023-05-22,6589.35,6608.88,6556.74,6595.98,1311985.0
2023-05-23,6591.56,6600.8,6528.45,6528.45,1285955.0
2023-05-24,6507.06,6564.51,6476.69,6513.18,1258551.0
2023-05-25,6502.23,6541.39,6424.45,6501.0,1358346.0
2023-05-26,6495.35,6558.11,6451.73,6546.41,1262756.0
2023-05-29,6560.16,6579.15,6518.03,6534.12,1524827.0
2023-05-30,6517.71,6565.48,6461.09,6564.47,1513177.0
2023-05-31,6556.52,6581.93,6523.27,6561.65,1429684.0
2023-06-01,6539.26,6616.53,6515.02,6574.76,1539623.0
2023-06-02,6585.73,6640.53,6585.73,6626.28,1492636.0
2023-06-05,6631.22,6647.2,6609.02,6632.96,1371506.0
2023-06-06,6625.09,6625.09,6475.26,6489.81,1517580.0
2023-06-07,6487.2,6517.32,6467.3,6488.56,1314047.0
2023-06-08,6477.94,6478.32,6399.78,6442.48,1355831.0
2023-06-09,6446.62,6500.45,6427.92,6495.56,1519776.0
2023-06-12,6488.2,6549.78,6474.86,6530.16,1451532.0
2023-06-13,6525.05,6561.02,6519.97,6554.96,1456363.0
2023-06-14,6556.03,6591.69,6547.49,6578.12,1491959.0
2023-06-15,6579.46,6618.62,6568.61,6613.95,1479554.0
2023-06-16,6613.1,6674.62,6602.04,6669.01,1557087.0
2023-06-19,6674.12,6707.23,6673.81,6693.3,1680258.0
2023-06-20,6683.92,6717.71,6671.99,6693.91,1588607.0
2023-06-21,6679.15,6681.57,6548.41,6548.41,1539839.0
2023-06-26,6504.97,6535.49,6404.04,6420.97,1547327.0
2023-06-27,6425.84,6518.98,6424.33,6507.27,1356071.0
2023-06-28,6504.5,6505.47,6367.35,6475.51,1458084.0
2023-06-29,6465.1,6542.28,6462.07,6520.04,1352521.0
2023-06-30,6507.5,6615.97,6500.86,6602.04,1444989.0
2023-07-03,6617.08,6640.34,6571.84,6612.88,1609774.0
2023-07-04,6610.66,6639.82,6599.6,6638.45,1397428.0
2023-07-05,6632.37,6642.55,6575.73,6584.42,1330523.0
2023-07-06,6573.58,6619.29,6558.89,6567.08,1240773.0
2023-07-07,6553.56,6558.11,6486.11,6521.43,1235995.0
2023-07-10,6539.08,6556.15,6501.75,6526.85,1204509.0
2023-07-11,6531.63,6579.37,6514.99,6579.37,1196036.0
2023-07-12,6576.94,6576.96,6476.85,6482.99,1402045.0
2023-07-13,6497.81,6553.6,6497.76,6548.31,1351178.0
2023-07-14,6554.53,6571.14,6538.65,6544.46,1356320.0
2023-07-17,6524.61,6525.19,6481.29,6516.56,1264088.0
2023-07-18,6519.76,6537.91,6490.06,6510.03,1199687.0
2023-07-19,6508.52,6530.54,6459.44,6492.35,1091363.0
2023-07-20,6497.78,6512.45,6404.12,6408.76,1221510.0
2023-07-21,6397.15,6447.3,6378.2,6401.42,1135908.0
2023-07-24,6397.43,6437.99,6370.05,6393.79,1090495.0
2023-07-25,6448.27,6499.42,6444.58,6498.27,1473657.0
2023-07-26,6497.59,6497.59,6441.56,6457.25,1495835.0
2023-07-27,6458.48,6475.83,6397.59,6407.55,1446244.0
2023-07-28,6389.43,6471.68,6369.37,6465.38,1572675.0
2023-07-31,6475.83,6549.75,6475.83,6515.85,1838160.0
2023-08-01,6513.14,6521.97,6482.17,6507.41,1843265.0
2023-08-02,6499.86,6515.07,6475.42,6496.02,1686463.0
2023-08-03,6472.11,6502.55,6460.28,6499.54,1634714.0
2023-08-04,6514.54,6561.74,6505.86,6535.32,1946230.0
2023-08-07,6524.3,6532.52,6485.66,6503.98,1689194.0
2023-08-08,6496.59,6500.9,6457.25,6471.34,1427434.0
2023-08-09,6452.98,6464.36,6411.23,6420.98,1323195.0
2023-08-10,6409.22,6438.43,6392.89,6426.81,1319577.0
2023-08-11,6428.88,6428.88,6304.64,6304.64,1490167.0
2023-08-14,6251.97,6320.95,6213.98,6319.41,1383922.0
2023-08-15,6318.55,6325.57,6203.44,6261.73,1227031.0
2023-08-16,6240.71,6255.81,6186.4,6186.4,1249588.0
2023-08-17,6167.65,6255.05,6128.13,6247.6,1291352.0
2023-08-18,6245.13,6259.79,6117.11,6117.11,1392125.0
2023-08-21,6107.92,6154.25,6057.17,6057.17,1170917.0
2023-08-22,6082.72,6108.21,5984.44,6099.19,1442824.0
2023-08-23,6084.15,6084.15,5973.65,5973.67,1284224.0
2023-08-24,5989.43,6049.55,5942.57,5987.97,1341975.0
2023-08-25,5960.59,5980.24,5855.88,5879.03,1401171.0
2023-08-28,6204.1,6204.1,5907.94,5922.16,2108701.0
2023-08-29,5909.46,6121.59,5907.96,6108.76,1866896.0
2023-08-30,6117.41,6185.27,6102.09,6139.63,1674996.0
2023-08-31,6130.64,6130.95,6087.33,6104.3,1430404.0
2023-09-01,6108.13,6136.78,6086.27,6107.2,1240171.0
2023-09-04,6129.54,6198.76,6109.1,6198.76,1555073.0
2023-09-05,6188.52,6206.35,6154.83,6167.64,1410680.0
2023-09-06,6146.39,6202.32,6117.81,6195.38,1297177.0
2023-09-07,6185.33,6185.33,6083.49,6083.49,1322541.0
2023-09-08,6063.24,6128.84,6062.9,6102.49,1189183.0
2023-09-11,6114.07,6204.43,6083.39,6182.64,1440033.0
2023-09-12,6175.63,6212.26,6169.04,6184.61,1205123.0
2023-09-13,6169.53,6177.38,6059.29,6103.14,1250327.0
2023-09-14,6101.77,6102.49,6037.72,6068.71,1144418.0
2023-09-15,6082.19,6117.82,6046.87,6079.06,1241969.0
2023-09-18,6058.3,6106.27,6029.97,6083.97,1183945.0
2023-09-19,6077.4,6077.4,6011.91,6031.04,1127460.0
2023-09-20,6020.91,6038.75,5982.11,5982.56,1057280.0
2023-09-21,5968.35,5999.4,5931.1,5939.66,997095.0
2023-09-22,5934.27,6056.45,5923.24,6054.93,1335568.0
2023-09-25,6051.82,6058.47,6014.61,6027.39,1295326.0
2023-09-26,6017.3,6034.85,5996.05,5996.11,1140616.0
2023-09-27,5989.8,6063.91,5989.16,6034.06,1216623.0
2023-09-28,6048.83,6085.53,6048.68,6078.94,1277593.0
2023-10-09,6073.28,6075.46,6025.36,6059.97,1367560.0
2023-10-10,6069.91,6084.93,6037.47,6043.48,1408153.0
2023-10-11,6056.03,6105.42,6040.5,6059.4,1436011.0
2023-10-12,6088.55,6106.95,6064.82,6104.46,1454528.0
2023-10-13,6080.33,6091.54,6063.56,6081.87,1441151.0
2023-10-16,6089.42,6089.48,5996.79,6024.36,1644592.0
2023-10-17,6027.91,6028.02,5967.3,6011.37,1394212.0
2023-10-18,5992.51,5992.51,5905.84,5908.01,1450652.0
2023-10-19,5879.81,5929.58,5842.41,5842.89,1554978.0
2023-10-20,5816.72,5855.46,5767.02,5774.32,1389643.0
2023-10-23,5754.18,5754.25,5613.73,5638.14,1458459.0
2023-10-24,5654.93,5734.55,5625.71,5719.32,1515531.0
2023-10-25,5753.68,5811.27,5752.79,5778.9,1635973.0
2023-10-26,5745.53,5817.63,5724.0,5811.69,1572758.0
2023-10-27,5792.61,5937.54,5774.63,5916.68,1721796.0
2023-10-30,5899.38,6017.28,5898.69,6006.56,1792811.0
2023-10-31,6003.37,6013.73,5934.2,5969.34,1653184.0
2023-11-01,5969.81,5983.87,5943.19,5958.42,1474511.0
2023-11-02,5958.48,5983.22,5885.25,5885.25,1401444.0
2023-11-03,5895.6,5992.75,5895.6,5973.17,1461202.0
2023-11-06,6007.43,6097.04,6007.43,6096.57,1866031.0
2023-11-07,6088.51,6132.14,6068.24,6116.76,1739467.0
2023-11-08,6114.99,6160.24,6099.29,6138.94,1839641.0
2023-11-09,6135.07,6160.98,6087.73,6100.69,1622443.0
2023-11-10,6079.47,6097.61,6055.99,6088.56,1415676.0
2023-11-13,6107.27,6144.63,6095.27,6144.63,1503596.0
2023-11-14,6143.48,6189.5,6133.22,6181.98,1601724.0
2023-11-15,6226.2,6234.54,6184.9,6207.27,1676132.0
2023-11-16,6188.83,6193.64,6143.82,6145.15,1436821.0
2023-11-17,6135.83,6199.23,6131.67,6199.23,1459897.0
2023-11-20,6211.34,6254.14,6184.64,6253.28,1602463.0
2023-11-21,6258.74,6267.22,6200.69,6212.13,1761507.0
2023-11-22,6193.36,6221.87,6132.97,6132.97,1711832.0
2023-11-23,6123.59,6199.88,6107.0,6197.53,1521072.0
2023-11-24,6194.02,6194.02,6098.96,6115.41,1498160.0
2023-11-27,6107.56,6130.4,6076.71,6111.36,1544331.0
2023-11-28,6099.51,6143.3,6065.69,6143.3,1283681.0
2023-11-29,6138.76,6154.9,6103.98,6113.37,1356440.0
2023-11-30,6104.77,6110.41,6031.48,6080.55,1310330.0
2023-12-01,6078.64,6142.74,6059.8,6130.05,1453527.0
2023-12-04,6131.59,6147.05,6110.25,6114.39,1534144.0
2023-12-05,6098.12,6098.12,5992.6,5992.6,1427754.0
2023-12-06,5977.61,6066.42,5970.28,6023.8,1443206.0
2023-12-07,6019.96,6044.86,5983.25,6020.83,1485366.0
2023-12-08,6021.92,6056.06,6003.14,6003.14,1679713.0
2023-12-11,5984.68,6080.8,5933.74,6075.08,1598434.0
2023-12-12,6070.88,6084.28,6050.73,6078.99,1297121.0
2023-12-13,6067.78,6076.36,6019.55,6019.55,1225472.0
2023-12-14,6038.92,6072.61,5989.23,5991.86,1201994.0
2023-12-15,6000.26,6016.4,5935.32,5951.6,1237101.0
2023-12-18,5939.43,5941.9,5845.96,5857.01,1252594.0
2023-12-19,5853.19,5887.77,5820.51,5863.54,1116827.0
2023-12-20,5869.56,5873.76,5761.31,5761.31,1116301.0
2023-12-21,5739.02,5814.04,5685.64,5798.91,1249491.0
2023-12-22,5797.61,5819.65,5713.8,5733.91,1411671.0
2023-12-25,5726.56,5753.43,5698.32,5735.73,1096390.0
2023-12-26,5734.15,5734.56,5632.87,5651.59,1040633.0
2023-12-27,5658.19,5703.17,5636.94,5696.16,1082654.0
2023-12-28,5687.75,5824.4,5660.13,5805.53,1441344.0
2023-12-29,5797.58,5891.63,5795.76,5887.24,1346908.0
2024-01-02,5891.17,5891.23,5854.59,5854.75,1283777.0
2024-01-03,5838.55,5861.41,5785.25,5824.04,1192489.0
2024-01-04,5814.94,5814.94,5753.47,5783.02,1029525.0
2024-01-05,5779.76,5796.76,5652.13,5675.81,1192052.0
2024-01-08,5664.45,5664.45,5543.57,5543.57,1105127.0
2024-01-09,5553.18,5607.22,5513.13,5553.3,1102232.0
2024-01-10,5540.66,5580.42,5462.36,5512.07,1064994.0
2024-01-11,5507.8,5634.02,5502.29,5611.11,1247177.0
2024-01-12,5601.1,5646.27,5574.41,5574.49,1210669.0
2024-01-15,5558.15,5607.13,5520.36,5559.38,1086672.0
2024-01-16,5555.0,5566.21,5463.29,5539.47,1168031.0
2024-01-17,5529.89,5529.89,5389.12,5389.12,1040374.0
2024-01-18,5360.21,5375.23,5214.9,5373.42,1487110.0
2024-01-19,5364.81,5395.14,5304.96,5306.99,1064311.0
2024-01-22,5298.31,5298.31,4970.2,5000.83,1442525.0
2024-01-23,4992.79,5102.44,4939.52,5079.63,1302882.0
2024-01-24,5102.82,5151.42,4951.9,5143.41,1433264.0
2024-01-25,5143.29,5316.26,5112.54,5316.2,1631449.0
2024-01-26,5303.96,5352.85,5253.32,5269.76,1554157.0
2024-01-29,5282.82,5301.87,5131.25,5131.25,1500009.0
2024-01-30,5099.59,5144.29,4978.91,4984.66,1250151.0
2024-01-31,4949.19,4986.1,4775.62,4785.03,1582372.0
2024-02-01,4753.64,4858.72,4684.47,4750.44,1471155.0
2024-02-02,4753.67,4802.62,4431.82,4574.67,1768854.0
2024-02-05,4534.75,4534.75,4177.94,4293.07,2112743.0
2024-02-06,4229.79,4641.45,4192.97,4592.44,2101874.0
2024-02-07,4604.12,4848.24,4599.35,4797.85,2162133.0
2024-02-08,4826.14,5067.23,4826.14,4993.1,2176201.0
2024-02-19,5062.68,5071.2,4950.33,5029.59,2038710.0
2024-02-20,5004.42,5058.22,4950.39,5046.01,1543443.0
2024-02-21,5001.66,5208.65,4974.08,5073.48,1932805.0
2024-02-22,5075.43,5152.02,5066.0,5151.53,1530643.0
2024-02-23,5169.01,5225.67,5114.15,5225.67,1712137.0
2024-02-26,5234.81,5325.77,5201.13,5255.4,1844716.0
2024-02-27,5237.11,5394.03,5218.59,5394.03,1826224.0
2024-02-28,5403.5,5478.09,5152.05,5152.05,2607424.0
2024-02-29,5122.18,5344.61,5122.18,5344.61,1880362.0
2024-03-01,5354.73,5411.32,5322.09,5401.94,1844365.0
2024-03-04,5412.91,5429.8,5332.24,5428.34,1793082.0
2024-03-05,5392.88,5417.82,5337.67,5375.13,1741669.0
2024-03-06,5346.08,5434.4,5306.46,5381.46,1546844.0
2024-03-07,5389.99,5430.39,5303.28,5303.28,1610239.0
2024-03-08,5309.59,5386.18,5283.15,5370.37,1391309.0
2024-03-11,5358.84,5466.65,5350.29,5466.65,1641334.0
2024-03-12,5477.13,5524.5,5443.96,5496.36,1839841.0
2024-03-13,5501.59,5561.08,5476.79,5521.78,1812708.0
2024-03-14,5521.72,5546.1,5433.21,5486.65,1689482.0
2024-03-15,5472.89,5555.64,5459.32,5555.64,1610958.0
2024-03-18,5573.93,5648.01,5559.05,5648.01,1934195.0
2024-03-19,5633.5,5660.5,5607.26,5607.48,1811181.0
2024-03-20,5600.12,5663.74,5600.12,5659.15,1793077.0
2024-03-21,5674.5,5690.45,5623.3,5658.28,1943329.0
2024-03-22,5649.08,5660.15,5546.78,5595.88,2102543.0
2024-03-25,5581.35,5611.69,5466.06,5466.06,2047054.0
2024-03-26,5454.65,5495.63,5381.85,5447.75,1831807.0
2024-03-27,5435.97,5436.65,5266.23,5266.23,1791735.0
2024-03-28,5262.22,5430.77,5262.22,5382.24,1785987.0
2024-03-29,5383.74,5441.26,5345.87,5441.26,1686534.0
2024-04-01,5461.59,5559.87,5461.59,5559.06,1910257.0
2024-04-02,5556.52,5556.52,5490.82,5531.05,1960975.0
2024-04-03,5518.91,5525.03,5457.61,5500.93,1862911.0
2024-04-08,5487.63,5492.4,5399.91,5399.91,1865734.0
2024-04-09,5392.99,5468.91,5384.03,5468.91,1592012.0
2024-04-10,5456.97,5456.97,5325.91,5367.05,1674595.0
2024-04-11,5330.68,5441.5,5322.84,5379.92,1651437.0
2024-04-12,5379.17,5408.52,5330.54,5338.77,1571745.0
2024-04-15,5320.81,5364.59,5205.71,5287.51,2017110.0
2024-04-16,5255.21,5283.83,5063.94,5066.66,2071719.0
2024-04-17,5109.08,5287.46,5109.08,5287.46,1900794.0
2024-04-18,5276.47,5345.44,5233.9,5286.72,1882251.0
2024-04-19,5257.01,5312.15,5224.32,5264.39,1788702.0
2024-04-22,5231.56,5300.79,5187.52,5246.08,1677622.0
2024-04-23,5234.43,5260.29,5194.26,5218.43,1568514.0
2024-04-24,5219.26,5305.61,5200.6,5305.61,1626667.0
2024-04-25,5285.14,5357.44,5273.55,5313.99,1578312.0
2024-04-26,5303.15,5420.37,5303.15,5415.94,2108869.0
2024-04-29,5422.41,5550.21,5422.41,5545.23,2414397.0
2024-04-30,5530.94,5542.19,5482.99,5497.43,2049097.0
2024-05-06,5558.92,5611.27,5558.92,5606.84,2051740.0
2024-05-07,5604.27,5631.95,5593.01,5625.34,1856225.0
2024-05-08,5605.59,5605.59,5529.91,5536.66,1757310.0
2024-05-09,5533.51,5638.64,5533.51,5626.83,1726783.0
2024-05-10,5632.76,5641.92,5549.61,5574.23,1883770.0
2024-05-13,5537.93,5556.71,5479.95,5520.8,1803086.0
2024-05-14,5524.43,5574.25,5524.26,5551.68,1695851.0
2024-05-15,5541.81,5551.26,5491.52,5497.23,1633046.0
2024-05-16,5508.95,5539.92,5474.28,5488.95,1697980.0
2024-05-17,5489.42,5564.06,5478.3,5563.23,1828731.0
2024-05-20,5563.65,5612.35,5548.9,5596.78,1974764.0
2024-05-21,5586.01,5586.01,5517.39,5536.74,1729599.0
2024-05-22,5532.84,5553.7,5508.76,5539.66,1680030.0
2024-05-23,5521.18,5521.18,5402.0,5412.82,1758067.0
2024-05-24,5401.58,5436.81,5350.11,5350.11,1510501.0
2024-05-27,5358.08,5404.62,5295.09,5404.62,1514091.0
2024-05-28,5390.4,5414.98,5343.83,5348.03,1484581.0
2024-05-29,5336.7,5386.78,5324.69,5351.25,1426987.0
2024-05-30,5334.8,5371.81,5311.44,5334.3,1413232.0
2024-05-31,5334.1,5381.72,5334.1,5355.21,1367351.0
2024-06-03,5350.64,5351.25,5246.17,5284.62,1633882.0
2024-06-04,5267.36,5319.71,5229.68,5313.71,1451278.0
2024-06-05,5294.3,5330.8,5244.09,5244.09,1321435.0
2024-06-06,5249.95,5275.89,5113.21,5130.87,1697933.0
2024-06-07,5159.17,5190.0,5096.08,5153.59,1303202.0
2024-06-11,5132.22,5208.18,5086.86,5198.92,1285339.0
2024-06-12,5188.36,5231.47,5186.61,5216.46,1216508.0
2024-06-13,5214.41,5219.71,5170.17,5180.24,1311725.0
2024-06-14,5164.87,5190.71,5138.36,5180.65,1391330.0
2024-06-17,5158.98,5211.39,5151.28,5183.97,1246164.0
2024-06-18,5183.27,5237.82,5177.28,5227.25,1354607.0
2024-06-19,5230.49,5241.97,5159.99,5159.99,1258062.0
2024-06-20,5150.8,5174.87,5052.89,5056.14,1415008.0
2024-06-21,5040.63,5090.57,5014.48,5055.33,1112017.0
2024-06-24,5025.52,5029.73,4884.5,4887.78,1289152.0
2024-06-25,4885.89,4907.96,4814.68,4847.61,1125933.0
2024-06-26,4842.0,4988.31,4812.1,4986.38,1380275.0
2024-06-27,4964.66,4969.09,4862.63,4864.09,1216429.0
2024-06-28,4855.35,4968.27,4851.84,4895.99,1345678.0
2024-07-01,4894.56,4954.18,4839.75,4940.25,1292193.0
2024-07-02,4940.7,4951.2,4886.7,4905.65,1188280.0
2024-07-03,4900.67,4906.51,4857.78,4867.13,1023003.0
2024-07-04,4868.55,4883.74,4745.91,4761.87,1212023.0
2024-07-05,4753.73,4828.84,4711.87,4810.79,1106025.0
2024-07-08,4801.49,4801.49,4679.28,4693.96,1235488.0
2024-07-09,4689.27,4810.32,4645.2,4797.06,1485112.0
2024-07-10,4783.17,4829.21,4768.12,4777.68,1384015.0
2024-07-11,4846.11,4896.15,4821.41,4893.59,1531905.0
2024-07-12,4884.41,4897.17,4858.3,4878.02,1308542.0
2024-07-15,4869.0,4869.0,4815.41,4827.6,1264130.0
2024-07-16,4815.74,4845.35,4786.21,4836.72,1208915.0
2024-07-17,4834.44,4842.72,4786.35,4795.62,1204251.0
2024-07-18,4763.3,4822.62,4714.6,4812.43,1217278.0
2024-07-19,4788.77,4854.71,4778.71,4821.42,1126480.0
2024-07-22,4822.64,4848.31,4798.12,4826.87,1107321.0
2024-07-23,4825.75,4825.75,4694.95,4694.95,1204952.0
2024-07-24,4682.06,4713.07,4625.42,4631.01,1210920.0
2024-07-25,4602.63,4678.66,4587.71,4632.57,1085305.0
2024-07-26,4638.31,4710.57,4638.31,4702.08,1106910.0
2024-07-29,4707.28,4707.28,4670.8,4685.65,1093196.0
2024-07-30,4674.92,4716.21,4637.41,4702.49,1123156.0
2024-07-31,4698.73,4889.77,4690.0,4889.08,1737619.0
2024-08-01,4894.81,4933.06,4850.63,4878.29,1464214.0
2024-08-02,4844.78,4902.94,4802.02,4809.89,1379898.0
2024-08-05,4776.18,4854.59,4678.74,4678.78,1528475.0
2024-08-06,4731.2,4766.27,4695.64,4749.95,1270976.0
2024-08-07,4741.65,4772.21,4715.53,4743.41,1126193.0
2024-08-08,4728.33,4776.49,4677.43,4739.49,1267466.0
2024-08-09,4760.13,4789.17,4702.75,4702.75,1156653.0
2024-08-12,4696.36,4707.22,4657.33,4674.1,1076652.0
2024-08-13,4671.2,4698.34,4642.67,4697.59,1002072.0
2024-08-14,4698.0,4698.15,4649.28,4649.28,999114.0
2024-08-15,4639.08,4743.73,4620.56,4691.85,1299007.0
2024-08-16,4696.72,4703.03,4654.46,4655.65,1226125.0
2024-08-19,4651.3,4714.06,4644.6,4663.61,1199422.0
2024-08-20,4663.78,4665.63,4563.86,4579.3,1299797.0
2024-08-21,4564.38,4590.2,4543.88,4548.26,1081643.0
2024-08-22,4549.3,4562.98,4484.56,4491.84,1134693.0
2024-08-23,4482.65,4510.6,4462.76,4495.34,1102547.0
2024-08-26,4492.71,4531.17,4476.24,4512.89,1122718.0
2024-08-27,4500.73,4501.08,4449.21,4459.68,1139395.0
2024-08-28,4449.71,4506.31,4437.52,4470.55,1079032.0
2024-08-29,4453.43,4558.95,4443.9,4542.46,1297888.0
2024-08-30,4539.93,4691.01,4534.04,4629.32,1778386.0
2024-09-02,4627.18,4635.77,4529.83,4532.51,1559273.0
2024-09-03,4529.94,4598.63,4529.94,4572.4,1289525.0
2024-09-04,4542.9,4594.44,4529.34,4550.77,1228717.0
2024-09-05,4554.52,4614.75,4554.52,4586.78,1212092.0
2024-09-06,4588.93,4595.7,4506.39,4508.23,1272177.0
2024-09-09,4490.99,4523.37,4459.13,4475.53,1132849.0
2024-09-10,4481.49,4507.15,4400.78,4487.58,1323516.0
2024-09-11,4469.01,4500.68,4453.2,4486.01,1139540.0
2024-09-12,4490.52,4542.28,4468.74,4468.74,1187312.0
2024-09-13,4471.98,4478.22,4413.19,4413.19,1168273.0
2024-09-18,4413.9,4425.79,4342.21,4399.13,1135521.0
2024-09-19,4418.78,4527.61,4385.49,4482.27,1457472.0
2024-09-20,4484.18,4487.08,4428.17,4463.36,1274802.0
2024-09-23,4462.72,4513.97,4445.99,4469.13,1249451.0
2024-09-24,4489.49,4642.56,4466.34,4642.56,2157825.0
2024-09-25,4688.39,4799.86,4681.85,4686.26,2642407.0
2024-09-26,4675.94,4874.13,4672.87,4874.13,2539778.0
2024-09-27,4950.94,5164.54,4944.84,5136.44,2906817.0
2024-09-30,5375.57,5732.57,5307.55,5708.83,4714329.0
2024-10-08,6437.11,6437.11,5861.32,6201.99,5505908.0
2024-10-09,6052.67,6105.03,5706.05,5727.38,4580942.0
2024-10-10,5777.9,5881.33,5593.98,5654.53,3496280.0
2024-10-11,5610.95,5616.81,5349.32,5416.76,2799926.0
2024-10-14,5451.62,5620.42,5346.42,5615.76,2811444.0
2024-10-15,5585.69,5704.56,5505.81,5507.18,2975171.0
2024-10-16,5425.43,5598.84,5424.39,5524.25,2485203.0
2024-10-17,5563.46,5624.79,5504.49,5505.61,2763975.0
2024-10-18,5495.2,5880.9,5484.24,5749.43,3597190.0
2024-10-21,5797.0,5954.44,5767.79,5860.57,3550611.0
2024-10-22,5866.79,5940.37,5814.3,5888.81,3472986.0
2024-10-23,5871.32,5991.59,5856.37,5903.58,3337538.0
2024-10-24,5871.29,5887.45,5817.93,5861.63,2641495.0
2024-10-25,5876.44,6014.11,5876.21,5974.91,3068207.0
2024-10-28,5988.72,6082.09,5965.0,6082.09,3267229.0
2024-10-29,6106.19,6113.64,5982.53,5983.84,3693253.0
2024-10-30,5960.79,6043.59,5945.68,6019.35,3243802.0
2024-10-31,6041.01,6161.56,6004.71,6116.66,3861195.0
2024-11-01,6100.79,6125.41,5912.53,5930.23,4093383.0
2024-11-04,5912.31,6053.11,5912.31,6053.11,2956371.0
2024-11-05,6057.21,6279.92,6051.46,6266.54,3901425.0
2024-11-06,6287.29,6368.87,6247.15,6293.19,4242501.0
2024-11-07,6238.62,6403.92,6229.49,6403.92,4085717.0
2024-11-08,6470.07,6526.65,6400.09,6423.12,4517963.0
2024-11-11,6416.17,6580.57,6412.58,6579.01,4024363.0
2024-11-12,6593.82,6616.16,6429.35,6491.97,4007152.0
2024-11-13,6453.86,6512.6,6357.56,6474.39,3174859.0
2024-11-14,6462.01,6472.95,6263.31,6272.19,2947947.0
2024-11-15,6246.34,6331.87,6124.66,6125.51,2951916.0
2024-11-18,6154.51,6180.88,5937.09,5974.56,3226726.0
2024-11-19,5977.84,6130.5,5945.46,6130.28,2731675.0
2024-11-20,6116.96,6262.08,6105.22,6250.8,2999758.0
2024-11-21,6241.01,6292.86,6199.71,6262.16,2996551.0
2024-11-22,6240.09,6280.6,6030.37,6030.49,3421291.0
2024-11-25,6047.94,6076.19,5937.91,6052.13,2776468.0
2024-11-26,6036.64,6093.37,5979.39,5981.57,2444041.0
2024-11-27,5942.53,6119.01,5857.0,6118.66,2909463.0
2024-11-28,6121.68,6170.13,6077.6,6086.09,3012356.0
2024-11-29,6066.71,6246.2,6039.83,6189.13,3247627.0
2024-12-02,6188.8,6325.86,6188.8,6313.61,3540281.0
2024-12-03,6318.97,6342.36,6239.44,6303.28,3266524.0
2024-12-04,6301.05,6303.5,6175.84,6204.94,2992021.0
2024-12-05,6186.12,6302.36,6186.12,6285.6,2885356.0
2024-12-06,6291.3,6384.66,6229.21,6349.62,3490310.0
2024-12-09,6346.59,6371.1,6257.54,6303.27,2937733.0
2024-12-10,6493.54,6497.89,6352.76,6362.02,3742092.0
2024-12-11,6343.78,6454.97,6343.78,6447.37,3313520.0
2024-12-12,6454.94,6493.71,6390.59,6490.15,3423261.0
2024-12-13,6447.2,6460.94,6351.3,6354.99,3619855.0
2024-12-16,6355.63,6367.81,6248.16,6277.52,3102152.0
2024-12-17,6262.49,6269.14,6133.13,6143.94,2747940.0
2024-12-18,6156.69,6242.52,6121.05,6195.87,2480241.0
2024-12-19,6127.22,6223.8,6108.39,6207.19,2514879.0
2024-12-20,6195.64,6320.96,6191.08,6271.75,2436591.0
2024-12-23,6271.76,6276.97,6086.91,6096.38,2584750.0
2024-12-24,6110.77,6165.2,6066.23,6164.36,2160109.0
2024-12-25,6158.65,6159.6,6037.74,6094.69,2190270.0
2024-12-26,6083.89,6185.81,6083.89,6160.45,2069167.0
2024-12-27,6164.67,6250.2,6135.48,6171.57,2378416.0
2024-12-30,6164.91,6192.58,6097.1,6145.93,2077124.0
2024-12-31,6151.03,6160.73,5957.72,5957.72,2379900.0
2025-01-02,5948.68,5982.55,5743.18,5797.09,2441256.0
2025-01-03,5808.54,5826.08,5609.77,5625.21,2370932.0
2025-01-06,5614.03,5688.92,5561.9,5608.03,2030477.0
2025-01-07,5610.95,5694.0,5580.89,5692.04,1939125.0
2025-01-08,5664.31,5706.66,5501.49,5661.78,2258008.0
2025-01-09,5629.9,5714.46,5629.82,5672.78,1933204.0
2025-01-10,5662.77,5718.21,5544.92,5544.92,1980149.0
2025-01-13,5487.12,5599.33,5457.51,5559.47,1693092.0
2025-01-14,5580.88,5814.71,5562.18,5811.05,2357729.0
2025-01-15,5805.9,5815.15,5755.62,5775.57,2042903.0
2025-01-16,5810.05,5906.47,5753.76,5801.31,2163732.0
2025-01-17,5780.61,5885.42,5755.91,5841.57,1968180.0
2025-01-20,5877.97,5925.07,5856.83,5879.15,1984308.0
2025-01-21,5911.4,5917.13,5834.96,5908.02,1991278.0
2025-01-22,5879.84,5886.74,5824.03,5855.74,1802968.0
2025-01-23,5911.22,5991.85,5829.03,5829.03,2228558.0
2025-01-24,5815.46,5943.11,5815.46,5938.13,2080904.0
2025-01-27,5946.73,5964.15,5846.07,5846.07,1886462.0
2025-02-05,5900.51,5928.88,5851.6,5881.44,2120053.0
2025-02-06,5869.71,6042.02,5853.75,6041.83,2559985.0
2025-02-07,6046.36,6198.75,6042.26,6134.05,3239528.0
2025-02-10,6155.05,6218.07,6126.08,6210.55,2978259.0
2025-02-11,6209.52,6220.96,6135.87,6190.17,2882716.0
2025-02-12,6172.39,6284.92,6171.06,6284.61,2813428.0
2025-02-13,6290.79,6290.79,6202.59,6212.5,3129849.0
2025-02-14,6203.48,6257.31,6182.26,6248.83,2980058.0
2025-02-17,6285.04,6308.48,6231.87,6281.57,3237343.0
2025-02-18,6264.28,6282.4,6112.59,6142.14,3001593.0
2025-02-19,6134.99,6290.01,6133.94,6288.53,2729201.0
2025-02-20,6289.13,6349.47,6274.03,6334.41,2881102.0
2025-02-21,6347.67,6456.92,6317.09,6449.23,3272638.0
2025-02-24,6454.56,6504.4,6411.77,6464.02,3184612.0
2025-02-25,6369.28,6503.01,6359.84,6435.43,2953664.0
2025-02-26,6451.4,6527.85,6423.6,6524.41,3031764.0
2025-02-27,6526.81,6550.1,6395.91,6499.53,3119641.0
2025-02-28,6460.9,6468.8,6252.01,6270.42,2955597.0
2025-03-03,6291.05,6382.05,6240.57,6273.67,2669454.0
2025-03-04,6218.83,6364.12,6217.81,6357.63,2295485.0
2025-03-05,6365.43,6401.83,6318.29,6398.24,2389618.0
2025-03-06,6438.16,6548.85,6435.54,6534.97,3005548.0
2025-03-07,6512.73,6577.95,6465.26,6507.76,3088888.0
2025-03-10,6519.03,6541.59,6466.9,6520.97,2565221.0
2025-03-11,6438.24,6551.73,6432.76,6551.73,2524552.0
2025-03-12,6585.6,6632.39,6564.72,6566.97,2817056.0
2025-03-13,6558.42,6570.89,6405.73,6466.85,2668257.0
2025-03-14,6463.92,6575.82,6428.22,6571.17,2763300.0
2025-03-17,6585.82,6609.89,6557.63,6589.57,2520808.0
2025-03-18,6605.04,6642.86,6581.96,6611.93,2347266.0
2025-03-19,6590.56,6598.51,6536.72,6564.68,2196630.0
2025-03-20,6551.82,6596.27,6528.86,6535.06,2319075.0
2025-03-21,6507.95,6531.76,6389.62,6405.61,2562053.0
2025-03-24,6403.57,6412.52,6244.87,6360.34,2576846.0
2025-03-25,6355.81,6382.19,6289.12,6310.76,2316638.0
2025-03-26,6297.33,6371.1,6297.33,6334.91,2066795.0
2025-03-27,6315.1,6394.21,6254.89,6328.77,1988947.0
2025-03-28,6326.81,6356.8,6261.69,6268.32,1965535.0
2025-03-31,6229.56,6259.36,6143.65,6226.65,2073820.0
2025-04-01,6242.07,6300.67,6240.2,6259.48,1823322.0
2025-04-02,6252.63,6316.64,6251.85,6277.25,1592664.0
2025-04-03,6208.29,6299.16,6168.54,6203.26,1836996.0
2025-04-07,5811.54,5905.57,5437.45,5496.44,2772148.0
2025-04-08,5475.56,5632.64,5426.03,5530.02,3097015.0
2025-04-09,5439.18,5688.48,5224.97,5652.33,3057240.0
2025-04-10,5766.51,5883.46,5766.41,5784.59,2741618.0
2025-04-11,5744.8,5923.14,5743.08,5862.19,2221392.0
2025-04-14,5933.99,5979.9,5914.25,5938.53,2165811.0
2025-04-15,5938.57,5949.86,5872.29,5914.03,1830478.0
2025-04-16,5897.2,5903.12,5758.67,5835.35,1904239.0
2025-04-17,5802.29,5898.18,5801.12,5839.56,1731967.0
2025-04-18,5833.11,5855.69,5793.79,5831.69,1644446.0
2025-04-21,5826.62,5952.72,5802.83,5952.64,1927115.0
2025-04-22,5947.15,5974.32,5923.59,5949.31,2064571.0
2025-04-23,5971.47,6013.28,5954.03,5984.58,2181962.0
2025-04-24,5979.41,5984.37,5897.65,5920.48,1997966.0
2025-04-25,5927.32,5982.71,5901.08,5939.5,1980877.0
2025-04-28,5933.42,5939.96,5868.87,5877.06,1949509.0
2025-04-29,5850.83,5921.56,5836.03,5903.38,1860234.0
2025-04-30,5907.19,5972.66,5907.19,5950.12,1954590.0
2025-05-06,5993.33,6102.92,5993.33,6102.92,2202096.0
2025-05-07,6171.61,6195.14,6063.64,6111.49,2339230.0
2025-05-08,6093.56,6167.15,6087.37,6158.08,2039158.0
2025-05-09,6153.53,6153.53,6054.93,6082.08,1892213.0
2025-05-12,6122.67,6167.46,6110.02,6167.46,1968472.0
2025-05-13,6219.45,6220.44,6141.68,6151.01,2032742.0
2025-05-14,6144.25,6199.3,6111.11,6160.37,2115591.0
2025-05-15,6146.0,6146.0,6055.84,6057.04,1905238.0
2025-05-16,6042.22,6098.88,6042.22,6068.12,1763948.0
2025-05-19,6073.2,6100.8,6009.95,6095.34,1847130.0
2025-05-20,6097.36,6154.95,6078.22,6146.02,1929573.0
2025-05-21,6137.1,6141.73,6109.92,6132.18,1965508.0
2025-05-22,6113.21,6146.2,6062.59,6066.1,1863957.0
2025-05-23,6060.52,6099.23,5989.68,5989.68,1849238.0
2025-05-26,5991.86,6038.81,5981.84,6028.79,1559888.0
2025-05-27,6019.54,6023.14,5971.35,6008.46,1579458.0
2025-05-28,6006.89,6023.82,5972.18,5984.46,1591055.0
2025-05-29,5980.86,6091.96,5980.86,6089.58,1893765.0
2025-05-30,6075.45,6075.45,6016.89,6026.56,1869187.0
2025-06-03,6009.18,6086.62,6008.54,6070.04,1917647.0
2025-06-04,6067.83,6124.7,6067.83,6123.17,1869559.0
2025-06-05,6125.89,6174.85,6101.85,6167.01,2060779.0
2025-06-06,6164.41,6169.57,6137.57,6152.84,1783396.0
2025-06-09,6161.14,6226.38,6158.9,6218.96,1932836.0
2025-06-10,6220.04,6220.04,6098.09,6161.69,2200605.0
2025-06-11,6162.16,6221.2,6162.16,6186.51,1976436.0
2025-06-12,6171.56,6202.73,6151.04,6192.22,1970187.0
2025-06-13,6174.43,6183.71,6088.57,6106.01,2368895.0
2025-06-16,6089.96,6151.51,6089.96,6147.46,1973109.0
2025-06-17,6153.15,6171.17,6120.57,6141.47,2084273.0
2025-06-18,6126.18,6143.21,6086.69,6135.39,2041058.0
2025-06-19,6127.94,6146.64,6028.72,6048.22,2122173.0
2025-06-20,6039.99,6061.84,5997.59,5999.59,1808573.0
2025-06-23,5966.5,6083.53,5965.66,6078.22,1935585.0
2025-06-24,6082.74,6194.67,6082.74,6194.67,2334534.0
2025-06-25,6196.15,6282.11,6194.15,6276.16,2475563.0
2025-06-26,6272.44,6310.54,6244.78,6247.79,2542465.0
2025-06-27,6265.92,6319.16,6257.59,6276.94,2485634.0
2025-06-30,6297.08,6358.03,6292.51,6356.18,2373230.0
2025-07-01,6358.06,6373.77,6308.06,6373.77,2435373.0
2025-07-02,6358.87,6358.87,6285.0,6309.48,2385809.0
2025-07-03,6306.75,6349.14,6295.23,6342.64,2139808.0
2025-07-04,6338.56,6375.07,6292.14,6312.2,2381332.0
2025-07-07,6305.04,6333.51,6303.86,6327.14,2104774.0
2025-07-08,6321.55,6408.11,6318.52,6407.7,2351256.0
2025-07-09,6412.14,6431.09,6375.08,6390.47,2361756.0
2025-07-10,6385.21,6427.74,6367.66,6406.57,2401834.0
2025-07-11,6411.31,6487.44,6388.4,6461.1,2825613.0
2025-07-14,6465.51,6474.93,6443.56,6462.31,2420578.0
2025-07-15,6452.0,6472.53,6381.56,6442.83,2698694.0
2025-07-16,6440.52,6487.83,6433.51,6462.06,2202300.0
2025-07-17,6458.41,6535.67,6451.15,6535.67,2278316.0
2025-07-18,6546.36,6563.82,6521.5,6552.07,2344617.0
2025-07-21,6557.25,6614.61,6555.04,6612.26,2765916.0
2025-07-22,6607.83,6642.24,6597.05,6637.1,3016600.0
2025-07-23,6634.12,6667.86,6594.48,6607.22,2941093.0
2025-07-24,6602.17,6701.12,6602.17,6701.12,2854182.0
2025-07-25,6708.08,6716.7,6674.54,6706.61,2640048.0
2025-07-28,6713.82,6736.08,6679.21,6729.98,2527429.0
2025-07-29,6724.32,6773.88,6684.16,6773.88,2592612.0
2025-07-30,6758.33,6770.88,6662.91,6718.48,2681796.0
2025-07-31,6701.16,6750.08,6639.12,6661.19,2701387.0
2025-08-01,6665.64,6702.68,6625.93,6670.47,2324847.0
2025-08-04,6637.84,6739.73,6631.12,6739.69,2134915.0
2025-08-05,6753.53,6787.48,6744.07,6787.48,2237247.0
2025-08-06,6784.17,6865.02,6774.03,6861.31,2581339.0
2025-08-07,6864.45,6876.5,6813.77,6862.15,2613896.0
2025-08-08,6844.44,6865.84,6816.09,6838.13,2514657.0
2025-08-11,6850.57,6957.4,6850.57,6943.94,2609702.0
2025-08-12,6943.67,6963.8,6894.85,6963.61,2604899.0
2025-08-13,6966.27,7070.5,6966.27,7064.33,2946539.0
2025-08-14,7072.9,7077.81,6957.4,6976.49,3172729.0
2025-08-15,6956.51,7117.51,6956.51,7117.5,3040052.0
2025-08-18,7158.53,7267.98,7143.07,7237.6,3798313.0
2025-08-19,7231.93,7289.03,7193.59,7242.85,3408790.0
2025-08-20,7212.97,7305.46,7166.99,7305.46,3247515.0
2025-08-21,7318.76,7343.17,7215.34,7253.34,3268229.0
2025-08-22,7250.19,7362.94,7250.19,7362.94,3268075.0
2025-08-25,7418.35,7504.01,7405.94,7477.73,4084577.0
2025-08-26,7457.77,7526.17,7435.3,7476.47,3636847.0
2025-08-27,7488.93,7565.35,7336.5,7336.5,4167593.0
2025-08-28,7331.19,7447.11,7216.77,7447.11,3814664.0
2025-08-29,7449.86,7477.2,7380.83,7438.68,3276409.0
2025-09-01,7475.0,7502.59,7424.34,7501.15,3242207.0
2025-09-02,7498.44,7499.6,7258.59,7313.88,3504359.0
2025-09-03,7336.39,7361.03,7182.29,7206.88,2902886.0
2025-09-04,7214.72,7255.0,6939.66,7041.15,2976228.0
2025-09-05,7046.96,7248.58,7017.95,7245.67,2827659.0
2025-09-08,7257.33,7321.16,7220.59,7311.03,3078133.0
2025-09-09,7287.4,7315.97,7198.32,7226.03,2824431.0
2025-09-10,7214.23,7296.0,7179.76,7230.17,2526742.0
2025-09-11,7215.93,7399.89,7161.28,7399.89,2939751.0
2025-09-12,7402.42,7472.87,7387.59,7422.88,3158388.0
2025-09-15,7445.5,7454.3,7404.5,7415.57,3013078.0
2025-09-16,7426.41,7487.07,7364.73,7483.63,3090106.0
2025-09-17,7478.41,7564.82,7461.41,7554.81,3017065.0
2025-09-18,7552.23,7665.97,7393.18,7476.4,3986001.0
2025-09-19,7473.02,7520.92,7405.29,7438.19,2958959.0
2025-09-22,7457.89,7489.48,7418.46,7489.48,2703626.0
2025-09-23,7500.62,7504.23,7261.67,7408.07,3132603.0
2025-09-24,7375.91,7534.22,7342.47,7534.22,2789128.0
2025-09-25,7521.32,7563.08,7487.12,7506.51,2644037.0
2025-09-26,7476.94,7516.11,7396.58,7397.59,2587503.0
2025-09-29,7415.13,7517.12,7376.91,7497.83,2586802.0
2025-09-30,7525.62,7592.91,7524.92,7574.96,2551738.0
2025-10-09,7623.3,7671.17,7590.47,7648.05,3034914.0
2025-10-10,7608.29,7621.98,7513.17,7533.82,2904299.0
2025-10-13,7250.58,7535.21,7250.58,7519.76,2884004.0
2025-10-14,7580.39,7611.83,7342.6,7373.15,3044120.0
2025-10-15,7384.01,7484.05,7315.48,7483.45,2448540.0
2025-10-16,7460.76,7472.75,7378.3,7401.84,2346431.0
2025-10-17,7395.87,7426.21,7176.96,7185.48,2543273.0
2025-10-20,7259.49,7301.99,7196.28,7239.18,2185797.0
2025-10-21,7257.11,7350.92,7236.63,7344.05,2372502.0
2025-10-22,7304.96,7349.8,7278.71,7312.21,2273245.0
2025-10-23,7292.39,7319.55,7192.42,7308.1,2315690.0
2025-10-24,7340.67,7419.41,7340.67,7419.24,2455600.0
2025-10-27,7483.3,7511.41,7430.62,7495.38,2653447.0
2025-10-28,7462.91,7534.05,7443.7,7479.22,2518042.0
2025-10-29,7481.24,7569.12,7469.07,7569.12,2658461.0
2025-10-30,7560.6,7569.16,7476.7,7485.08,2973853.0
2025-10-31,7480.66,7583.03,7480.66,7506.67,2997452.0
2025-11-03,7507.37,7539.33,7417.27,7538.12,2782417.0
2025-11-04,7523.64,7523.64,7387.38,7435.73,2516774.0
2025-11-05,7332.1,7490.9,7332.1,7464.86,2585482.0
2025-11-06,7482.91,7551.83,7466.75,7551.83,2636130.0
2025-11-07,7519.75,7581.56,7492.93,7541.88,2678887.0
2025-11-10,7568.75,7592.76,7515.68,7563.25,2743613.0
2025-11-11,7579.91,7598.99,7530.14,7540.79,2652507.0
2025-11-12,7520.18,7537.76,7421.46,7486.38,2669634.0
2025-11-13,7483.66,7604.89,7475.51,7590.58,2756361.0
2025-11-14,7527.83,7591.32,7502.76,7502.76,2719728.0
2025-11-17,7514.84,7544.72,7487.81,7523.08,2611561.0
2025-11-18,7508.53,7521.66,7412.28,7448.1,2774804.0
2025-11-19,7438.14,7471.73,7348.04,7387.21,2383938.0
2025-11-20,7429.7,7439.04,7332.32,7340.41,2275361.0
2025-11-21,7235.33,7274.33,7067.7,7067.7,2848007.0
2025-11-24,7105.64,7190.72,7064.6,7156.41,2406551.0
2025-11-25,7195.1,7311.73,7194.77,7249.95,2454294.0
2025-11-26,7236.66,7307.2,7225.09,7248.45,2317768.0
2025-11-27,7243.71,7330.6,7243.71,7257.45,2112774.0
2025-11-28,7257.17,7334.21,7239.85,7334.21,2006805.0
2025-12-01,7356.51,7388.62,7342.6,7386.68,2344116.0
2025-12-02,7364.2,7364.2,7299.27,7313.18,2005125.0
2025-12-03,7312.67,7324.21,7220.98,7248.27,2146334.0
2025-12-04,7246.86,7269.9,7185.91,7248.66,1948393.0
2025-12-05,7244.28,7347.0,7194.66,7342.49,2157277.0
2025-12-08,7359.49,7446.19,7359.49,7423.05,2409190.0
2025-12-09,7400.93,7439.55,7370.3,7380.58,2284914.0
2025-12-10,7367.49,7421.42,7332.05,7408.24,2156111.0
2025-12-11,7421.79,7425.44,7312.0,7312.0,2340209.0
2025-12-12,7312.87,7384.85,7284.56,7370.94,2435252.0
2025-12-15,7324.48,7375.61,7305.83,7309.08,2209577.0
2025-12-16,7302.16,7302.16,7143.61,7181.62,2305260.0
2025-12-17,7178.31,7303.38,7149.02,7288.74,2204988.0
2025-12-18,7244.64,7336.73,7241.86,7272.4,2000447.0
2025-12-19,7295.67,7357.04,7279.99,7329.81,2192055.0
2025-12-22,7363.06,7433.43,7363.06,7408.35,2216019.0
2025-12-23,7410.22,7441.41,7363.93,7392.42,2242886.0
2025-12-24,7391.56,7513.25,7386.49,7506.38,2179615.0
2025-12-25,7507.3,7591.78,7502.15,7579.38,2287449.0
2025-12-26,7575.93,7644.84,7550.01,7605.53,2662616.0
2025-12-29,7606.44,7637.91,7574.77,7594.16,2640648.0
2025-12-30,7556.54,7636.15,7552.4,7597.3,2633319.0
2025-12-31,7606.65,7619.22,7560.72,7595.28,2445492.0
2026-01-05,7639.54,7753.96,7623.75,7753.88,3053747.0
2026-01-06,7756.16,7864.9,7755.07,7864.9,3311620.0
2026-01-07,7881.84,7939.75,7864.14,7906.42,3187344.0
2026-01-08,7886.81,7993.63,7886.63,7971.59,3255639.0
2026-01-09,7969.19,8131.49,7969.19,8129.18,3810439.0
2026-01-12,8196.08,8371.75,8171.11,8357.01,4472290.0
2026-01-13,8381.04,8381.04,8177.63,8203.13,4544445.0
2026-01-14,8204.28,8415.1,8154.24,8257.17,4897984.0
2026-01-15,8197.06,8267.81,8151.11,8240.78,3533577.0
2026-01-16,8276.61,8304.4,8180.12,8232.73,3525394.0
2026-01-19,8204.63,8298.48,8187.94,8265.65,3266911.0
2026-01-20,8271.78,8300.05,8104.92,8182.75,3366891.0
2026-01-21,8138.68,8289.13,8136.92,8247.68,3256764.0
2026-01-22,8272.47,8314.22,8252.74,8309.35,3285633.0
2026-01-23,8331.77,8478.56,8323.35,8470.74,3930430.0
2026-01-26,8513.22,8530.42,8302.1,8365.43,4034284.0
2026-01-27,8325.43,8406.1,8186.24,8382.15,3656573.0
2026-01-28,8392.75,8432.62,8334.68,8399.79,3496583.0
2026-01-29,8380.61,8463.12,8308.82,8332.21,4019880.0
2026-01-30,8255.33,8313.23,8083.97,8254.86,3649165.0
2026-02-02,8166.74,8221.58,7974.6,7975.43,3083215.0
2026-02-03,8058.76,8210.05,8023.24,8209.1,2992185.0
2026-02-04,8184.2,8216.2,8101.2,8207.12,3164612.0
2026-02-05,8121.51,8154.56,8027.62,8068.08,2758168.0
2026-02-06,7980.47,8152.32,7950.01,8051.57,2810836.0
2026-02-09,8177.29,8235.15,8149.65,8233.78,2828482.0
2026-02-10,8246.22,8274.14,8199.51,8250.3,2919163.0
2026-02-11,8239.17,8304.13,8236.96,8239.51,2732343.0
2026-02-12,8252.19,8337.37,8227.6,8314.83,2775967.0
2026-02-13,8272.88,8323.72,8200.15,8204.83,2611463.0
2026-02-24,8319.69,8356.91,8236.71,8299.77,2794796.0
2026-02-25,8320.61,8449.76,8310.33,8426.33,3334473.0
2026-02-26,8447.78,8496.75,8398.07,8490.62,3331476.0
2026-02-27,8434.1,8561.3,8433.72,8560.84,3138996.0
2026-03-02,8464.27,8535.81,8393.93,8476.97,3789063.0
2026-03-03,8495.95,8510.85,8128.3,8142.45,3901896.0
2026-03-04,8039.59,8228.9,8039.59,8094.52,3206896.0
2026-03-05,8235.37,8243.83,8121.38,8171.12,3153602.0
2026-03-06,8120.49,8273.68,8115.48,8248.86,2946333.0
2026-03-09,8131.74,8230.66,7983.57,8203.87,3563079.0
2026-03-10,8272.94,8351.67,8271.49,8350.09,3116853.0
2026-03-11,8356.09,8394.12,8334.33,8363.53,3217373.0
2026-03-12,8357.35,8388.63,8267.39,8335.91,3282127.0
2026-03-13,8297.91,8350.92,8196.37,8214.29,3331230.0
2026-03-16,8212.27,8226.03,8089.49,8211.35,3115325.0
2026-03-17,8219.5,8223.99,8019.08,8019.86,2997234.0
2026-03-18,8050.71,8105.81,7970.19,8096.59,2708936.0
2026-03-19,7988.87,8008.39,7874.26,7909.23,2845911.0
2026-03-20,7943.41,7996.16,7781.58,7783.43,2990230.0
2026-03-23,7632.97,7712.04,7357.7,7409.11,3492562.0
2026-03-24,7538.7,7601.88,7361.79,7600.86,2938551.0
2026-03-25,7654.78,7781.2,7654.78,7751.18,3036688.0
2026-03-26,7733.7,7775.89,7614.89,7639.38,2734551.0
2026-03-27,7526.59,7784.55,7526.59,7746.31,2588953.0
2026-03-30,7664.64,7774.85,7618.96,7767.93,2611741.0
2026-03-31,7741.96,7789.24,7618.19,7619.85,2552558.0
2026-04-01,7767.88,7786.76,7692.01,7764.15,2559756.0
2026-04-02,7733.75,7764.03,7581.39,7623.42,2468412.0
2026-04-03,7658.82,7664.76,7521.94,7536.6,2236803.0
2026-04-07,7556.28,7640.51,7554.41,7606.02,2109744.0
2026-04-08,7765.55,7955.77,7765.2,7955.77,2978852.0
2026-04-09,7881.8,7959.07,7872.47,7921.45,2606502.0
2026-04-10,7981.62,8059.76,7981.62,7998.23,2624153.0
2026-04-13,7947.22,8040.03,7947.22,8025.57,2498498.0
2026-04-14,8088.05,8144.76,8059.38,8144.76,2663058.0
2026-04-15,8186.07,8193.3,8083.27,8106.16,2738418.0
2026-04-16,8120.36,8239.01,8100.49,8232.98,2795844.0
2026-04-17,8225.73,8333.22,8223.71,8307.44,2851034.0
2026-04-20,8308.06,8374.81,8308.06,8357.81,2920296.0
2026-04-21,8331.59,8358.12,8270.16,8351.16,2789962.0
2026-04-22,8317.28,8482.15,8317.28,8481.24,2817055.0
2026-04-23,8489.0,8500.44,8302.85,8362.74,3197915.0
2026-04-24,8318.6,8360.79,8254.43,8304.14,2937481.0
2026-04-27,8292.81,8366.31,8249.94,8338.73,2770601.0
2026-04-28,8307.69,8316.27,8187.24,8226.69,2849704.0
2026-04-29,8163.35,8361.49,8163.35,8343.07,2890995.0
2026-04-30,8345.25,8402.36,8324.29,8381.95,2991151.0
2026-05-06,8462.02,8610.88,8462.02,8574.56,3308534.0
2026-05-07,8602.15,8716.86,8573.3,8714.51,3324772.0
2026-05-08,8655.13,8760.19,8651.06,8741.15,3217815.0
2026-05-11,8807.91,8888.87,8760.71,8866.78,3448080.0
2026-05-12,8880.41,8881.9,8749.72,8821.89,3208493.0
2026-05-13,8764.02,8958.46,8764.02,8955.45,3191527.0
2026-05-14,8989.49,8991.85,8778.71,8778.71,3563442.0
2026-05-15,8786.38,8846.52,8616.06,8682.65,3557073.0
2026-05-18,8645.76,8766.31,8610.74,8720.21,3004207.0
2026-05-19,8691.38,8812.03,8602.05,8808.64,2992198.0
2026-05-20,8769.1,8823.68,8697.4,8808.91,3067192.0
2026-05-21,8852.43,8896.6,8500.92,8510.5,3500380.0
2026-05-22,8578.9,8719.39,8521.7,8692.67,2868124.0
2026-05-25,8756.46,8802.95,8670.72,8799.31,3028960.0
2026-05-26,8755.91,8756.46,8560.8,8687.25,3143736.0
2026-05-27,8679.54,8737.05,8495.72,8546.51,3131124.0
2026-05-28,8527.91,8659.61,8459.95,8637.74,3007477.0
2026-05-29,8673.8,8680.27,8357.8,8408.74,3327802.0
2026-06-01,8393.52,8504.98,8339.35,8345.13,3057064.0
2026-06-02,8360.81,8440.23,8219.15,8384.78,2927779.0
2026-06-03,8386.86,8549.25,8357.46,8432.68,3182912.0
2026-06-04,8338.85,8456.02,8338.85,8420.09,2861736.0
2026-06-05,8380.85,8500.1,8305.4,8340.96,3149536.0
2026-06-08,8069.48,8260.19,7987.4,8081.26,3035370.0
2026-06-09,8178.82,8322.11,8096.58,8318.7,2930976.0
2026-06-10,8232.02,8285.29,8103.01,8198.72,2868446.0
2026-06-11,8158.46,8223.53,8084.9,8159.45,2711640.0
2026-06-12,8294.9,8348.79,8181.42,8202.8,3285991.0
2026-06-15,8269.4,8521.23,8269.4,8521.23,2960121.0
2026-06-16,8534.27,8684.65,8508.91,8646.4,2980226.0
2026-06-17,8581.65,8705.4,8581.65,8704.47,2822279.0
2026-06-18,8666.64,8796.48,8664.28,8771.02,2900624.0
2026-06-22,8813.72,8865.81,8609.61,8865.68,3357182.0
2026-06-23,8838.76,8862.72,8626.1,8680.04,3039549.0
2026-06-24,8650.82,8803.5,8581.75,8793.49,2868671.0
2026-06-25,8806.07,8872.12,8743.25,8825.92,3054426.0
2026-06-26,8771.6,8797.28,8563.7,8601.41,3212277.0
2026-06-29,8616.42,8677.63,8413.86,8597.89,3098710.0
2026-06-30,8574.25,8815.11,8547.31,8809.79,2791174.0
2026-07-01,8827.47,8944.19,8806.65,8876.63,3257659.0
2026-07-02,8688.29,8865.97,8598.87,8625.33,3108589.0
2026-07-03,8627.38,8740.67,8559.28,8620.79,2902445.0
2026-07-06,8669.12,8694.8,8432.9,8472.6,2812242.0
2026-07-07,8436.39,8489.48,8261.4,8301.8,2445751.0
2026-07-08,8315.96,8328.96,8117.86,8117.86,2382839.0
2026-07-09,8161.86,8312.62,7978.81,8300.08,2545793.0
2026-07-10,8312.49,8438.19,8198.31,8198.31,3085036.0
2026-07-13,8124.36,8171.5,7769.29,7787.85,2852863.0
2026-07-14,7799.81,7934.1,7657.67,7925.12,2558920.0
2026-07-15,7959.37,7979.08,7783.22,7817.83,2584333.0
2026-07-16,7713.14,7836.39,7591.42,7631.76,2482269.0
2026-07-17,7599.39,7605.61,7163.31,7168.0,2962422.0
2026-07-20,7256.27,7298.12,6824.14,6965.38,3081869.0
2026-07-21,6975.89,7264.34,6714.19,7259.86,3349894.0
2026-07-22,7196.86,7302.45,7118.66,7158.76,2915825.0
2026-07-23,7169.54,7247.14,7113.5,7195.5,2505027.0
2026-07-24,7109.25,7174.55,6995.69,6995.69,2290266.0
