date,open,high,low,close,volume
2018-04-27,5865.44,5886.0,5808.78,5860.98,0.0
2018-05-02,5861.84,5894.46,5817.39,5855.32,0.0
2018-05-03,5843.09,5911.09,5779.73,5910.61,0.0
2018-05-04,5891.12,5939.95,5883.7,5909.29,0.0
2018-05-07,5921.31,6023.19,5918.38,6019.14,0.0
2018-05-08,6023.58,6042.07,6012.13,6041.81,0.0
2018-05-09,6034.46,6042.91,6002.39,6029.23,0.0
2018-05-10,6036.01,6052.71,5999.95,6040.57,0.0
2018-05-11,6044.98,6052.54,5989.43,5991.34,0.0
2018-05-14,5982.47,6008.89,5951.67,5967.55,0.0
2018-05-15,5972.16,6021.02,5947.46,6020.57,0.0
2018-05-16,6002.75,6045.03,5991.38,6004.07,0.0
2018-05-17,6000.74,6010.3,5959.73,5973.78,0.0
2018-05-18,5968.56,6000.95,5932.13,5995.15,0.0
2018-05-21,6034.43,6080.82,6034.06,6072.2,0.0
2018-05-22,6066.25,6092.91,6052.09,6092.91,0.0
2018-05-23,6080.73,6081.53,6012.42,6013.85,0.0
2018-05-24,6014.02,6028.5,5986.72,5992.62,0.0
2018-05-25,5983.94,5992.48,5909.04,5917.8,0.0
2018-05-28,5910.48,5938.07,5858.27,5891.26,0.0
2018-05-29,5884.59,5921.72,5832.55,5835.45,0.0
2018-05-30,5759.45,5778.04,5675.91,5682.59,0.0
2018-05-31,5722.95,5760.2,5672.18,5754.47,560089.0
2018-06-01,5729.92,5759.5,5654.84,5685.12,538336.0
2018-06-04,5692.97,5707.49,5652.14,5683.15,0.0
2018-06-05,5681.22,5779.86,5680.49,5779.08,0.0
2018-06-06,5770.71,5784.61,5748.7,5774.26,481825.0
2018-06-07,5786.46,5798.33,5734.63,5738.02,473762.0
2018-06-08,5731.84,5731.84,5630.66,5669.3,529256.0
2018-06-11,5657.65,5672.63,5612.87,5632.36,431097.0
2018-06-12,5638.35,5693.61,5594.92,5693.35,466454.0
2018-06-13,5678.81,5679.67,5605.55,5607.02,492342.0
2018-06-14,5590.57,5645.19,5570.83,5586.93,444197.0
2018-06-15,5582.84,5593.69,5448.07,5483.94,564486.0
2018-06-19,5396.68,5409.41,5070.22,5141.71,829864.0
2018-06-20,5114.06,5222.88,5090.22,5198.39,603294.0
2018-06-21,5196.13,5244.65,5086.93,5089.25,632405.0
2018-06-22,5052.44,5165.04,5017.51,5160.12,516892.0
2018-06-25,5196.65,5211.76,5121.21,5125.03,478608.0
2018-06-26,5059.38,5170.17,5044.24,5160.28,510666.0
2018-06-27,5159.62,5188.2,5089.71,5109.5,498578.0
2018-06-28,5097.51,5150.66,5050.32,5055.11,477675.0
2018-06-29,5061.09,5218.91,5054.05,5217.76,572349.0
2018-07-02,5216.85,5238.64,5100.87,5138.78,552489.0
2018-07-03,5138.55,5203.36,5054.66,5197.13,614242.0
2018-07-04,5171.19,5180.27,5102.78,5121.34,538600.0
2018-07-05,5109.14,5126.47,4981.78,4982.76,529274.0
2018-07-06,4981.98,5061.04,4897.26,4996.63,613403.0
2018-07-09,5007.21,5107.87,5007.21,5107.55,529372.0
2018-07-10,5114.12,5141.71,5094.29,5136.53,522277.0
2018-07-11,5060.07,5070.49,4973.99,5036.16,589153.0
2018-07-12,5029.29,5184.02,5029.29,5172.5,680896.0
2018-07-13,5174.51,5207.36,5167.16,5204.19,563542.0
2018-07-16,5201.53,5216.56,5170.22,5195.2,516674.0
2018-07-17,5189.15,5196.2,5132.21,5196.2,482433.0
2018-07-18,5198.89,5220.18,5156.64,5156.64,552571.0
2018-07-19,5153.38,5179.73,5088.12,5111.33,504839.0
2018-07-20,5105.65,5184.87,5072.16,5175.25,578685.0
2018-07-23,5146.62,5214.38,5132.38,5214.0,684843.0
2018-07-24,5213.39,5315.67,5211.94,5304.64,882018.0
2018-07-25,5308.02,5332.62,5294.42,5308.66,748509.0
2018-07-26,5307.3,5318.88,5262.31,5273.48,751202.0
2018-07-27,5270.23,5281.35,5230.1,5249.29,617159.0
2018-07-30,5244.77,5255.19,5167.4,5185.15,608360.0
2018-07-31,5182.83,5208.38,5163.66,5188.72,494964.0
2018-08-01,5198.46,5233.5,5105.37,5105.37,603695.0
2018-08-02,5094.34,5094.34,4887.5,4996.01,743903.0
2018-08-03,4982.89,5008.24,4929.75,4929.75,507358.0
2018-08-06,4919.5,4941.18,4798.85,4825.25,524552.0
2018-08-07,4836.31,4956.87,4797.45,4956.87,591458.0
2018-08-08,4940.78,4952.42,4877.66,4880.57,580831.0
2018-08-09,4862.15,5030.16,4856.48,5004.77,682648.0
2018-08-10,5000.05,5037.49,4990.83,5030.51,531850.0
2018-08-13,4981.34,5064.02,4958.89,5055.28,557227.0
2018-08-14,5043.89,5061.41,5016.32,5037.88,463759.0
2018-08-15,5035.57,5038.77,4929.2,4932.81,533500.0
2018-08-16,4876.69,4943.2,4836.05,4888.37,523938.0
2018-08-17,4923.44,4941.1,4793.77,4803.03,517080.0
2018-08-20,4794.24,4832.91,4736.56,4832.65,516311.0
2018-08-21,4831.21,4901.12,4816.85,4891.98,497379.0
2018-08-22,4877.01,4878.82,4829.61,4837.02,439223.0
2018-08-23,4832.01,4885.81,4821.11,4863.67,472638.0
2018-08-24,4853.86,4880.89,4831.89,4852.29,438981.0
2018-08-27,4859.12,4964.45,4859.12,4960.07,585458.0
2018-08-28,4964.73,4983.94,4954.17,4974.21,534654.0
2018-08-29,4972.08,4974.16,4929.46,4941.96,532722.0
2018-08-30,4937.65,4952.61,4861.06,4867.12,541585.0
2018-08-31,4854.96,4862.44,4805.21,4814.82,480121.0
2018-09-03,4808.38,4840.15,4754.81,4838.87,529026.0
2018-09-04,4833.88,4905.02,4828.52,4890.28,610249.0
2018-09-05,4877.11,4886.27,4814.96,4815.03,584035.0
2018-09-06,4800.94,4849.18,4773.88,4793.35,458685.0
2018-09-07,4796.84,4867.53,4759.49,4791.78,536001.0
2018-09-10,4792.6,4794.01,4701.29,4704.88,513265.0
2018-09-11,4702.83,4738.26,4669.42,4702.9,499680.0
2018-09-12,4700.9,4733.58,4681.13,4693.97,425409.0
2018-09-13,4727.43,4752.9,4655.21,4721.21,556921.0
2018-09-14,4720.78,4724.0,4669.94,4670.08,564479.0
2018-09-17,4649.95,4649.95,4586.32,4602.39,493389.0
2018-09-18,4588.23,4684.29,4584.43,4683.51,544323.0
2018-09-19,4673.95,4772.95,4664.13,4736.89,670559.0
2018-09-20,4734.48,4761.41,4723.3,4733.48,563990.0
2018-09-21,4743.81,4813.29,4721.69,4805.22,658952.0
2018-09-25,4774.79,4810.34,4763.21,4792.55,526542.0
2018-09-26,4794.07,4841.7,4782.39,4815.63,647196.0
2018-09-27,4812.64,4817.62,4754.28,4755.38,614377.0
2018-09-28,4762.33,4802.16,4746.18,4800.73,572686.0
2018-10-08,4722.42,4737.29,4639.4,4646.49,632757.0
2018-10-09,4652.49,4685.22,4612.64,4634.89,504375.0
2018-10-10,4634.64,4655.55,4586.89,4629.89,513396.0
2018-10-11,4483.27,4503.2,4274.7,4307.42,905636.0
2018-10-12,4267.36,4300.01,4136.63,4278.04,815251.0
2018-10-15,4283.36,4317.71,4195.83,4199.15,622918.0
2018-10-16,4193.38,4221.34,4076.87,4099.68,610767.0
2018-10-17,4147.35,4167.76,4038.42,4133.38,695239.0
2018-10-18,4104.33,4104.33,4013.65,4018.46,597839.0
2018-10-19,3958.45,4130.93,3948.56,4127.99,695616.0
2018-10-22,4165.76,4375.6,4165.76,4333.14,929583.0
2018-10-23,4336.45,4350.73,4228.33,4253.56,746681.0
2018-10-24,4233.84,4297.37,4207.16,4245.49,628235.0
2018-10-25,4124.19,4240.58,4103.56,4234.42,696872.0
2018-10-26,4260.91,4294.56,4217.79,4233.96,679836.0
2018-10-29,4220.64,4227.64,4144.81,4162.53,574516.0
2018-10-30,4145.4,4233.79,4096.14,4204.54,728347.0
2018-10-31,4207.76,4298.24,4204.36,4272.55,746878.0
2018-11-01,4299.46,4367.73,4294.87,4298.98,860591.0
2018-11-02,4366.73,4437.98,4360.87,4437.95,968922.0
2018-11-05,4427.63,4466.14,4375.04,4440.83,877773.0
2018-11-06,4427.36,4440.11,4385.33,4438.1,698030.0
2018-11-07,4437.72,4479.69,4414.07,4415.14,780864.0
2018-11-08,4442.66,4450.98,4379.88,4382.33,721454.0
2018-11-09,4363.21,4396.39,4348.81,4368.61,674250.0
2018-11-12,4360.63,4481.77,4354.47,4481.69,869905.0
2018-11-13,4430.95,4588.5,4422.95,4563.54,1287104.0
2018-11-14,4551.8,4600.13,4534.52,4545.51,1125988.0
2018-11-15,4540.88,4619.81,4539.96,4619.81,983052.0
2018-11-16,4625.0,4691.56,4609.83,4659.1,1106718.0
2018-11-19,4660.48,4677.97,4612.48,4670.74,1110151.0
2018-11-20,4629.13,4645.9,4535.87,4537.45,1031242.0
2018-11-21,4483.38,4564.53,4476.42,4554.67,901566.0
2018-11-22,4562.64,4583.37,4528.24,4551.33,752750.0
2018-11-23,4542.11,4547.51,4365.35,4374.76,920748.0
2018-11-26,4371.42,4408.11,4347.75,4367.46,685847.0
2018-11-27,4393.29,4416.36,4361.02,4387.65,623527.0
2018-11-28,4389.83,4441.86,4333.06,4441.86,725079.0
2018-11-29,4462.79,4473.31,4344.9,4345.7,771025.0
2018-11-30,4334.04,4385.0,4291.81,4376.65,638488.0
2018-12-03,4483.66,4536.83,4460.39,4515.17,962658.0
2018-12-04,4506.25,4538.42,4492.06,4536.21,762802.0
2018-12-05,4456.2,4532.28,4445.97,4502.7,742760.0
2018-12-06,4476.81,4483.32,4405.84,4411.09,660476.0
2018-12-07,4419.61,4432.33,4397.42,4410.96,517551.0
2018-12-10,4381.38,4396.4,4350.23,4359.31,539403.0
2018-12-11,4373.03,4398.06,4365.12,4395.57,504308.0
2018-12-12,4408.91,4417.6,4381.32,4393.32,480936.0
2018-12-13,4405.09,4471.26,4378.46,4443.16,636139.0
2018-12-14,4436.0,4439.05,4331.38,4337.1,657865.0
2018-12-17,4322.59,4341.2,4285.21,4330.65,515028.0
2018-12-18,4308.05,4339.4,4266.45,4307.27,513035.0
2018-12-19,4311.28,4315.11,4245.15,4247.9,462602.0
2018-12-20,4240.37,4274.01,4225.13,4259.76,469679.0
2018-12-21,4246.43,4260.29,4204.49,4231.14,471104.0
2018-12-24,4227.35,4276.97,4215.02,4274.72,418419.0
2018-12-25,4233.54,4244.95,4132.76,4225.51,603837.0
2018-12-26,4218.66,4241.35,4194.31,4208.41,450329.0
2018-12-27,4263.33,4272.81,4159.77,4161.27,542194.0
2018-12-28,4168.94,4192.7,4138.93,4168.04,499642.0
2019-01-02,4176.11,4179.72,4125.94,4131.96,474944.0
2019-01-03,4131.69,4182.2,4110.53,4112.81,554912.0
2019-01-04,4075.62,4210.88,4071.69,4210.88,734487.0
2019-01-07,4235.03,4297.02,4223.46,4288.32,811535.0
2019-01-08,4278.28,4289.63,4264.6,4277.3,695569.0
2019-01-09,4286.23,4354.2,4280.66,4288.77,851536.0
2019-01-10,4289.56,4319.49,4274.2,4281.86,689109.0
2019-01-11,4282.39,4316.54,4267.29,4314.88,683551.0
2019-01-14,4317.52,4325.95,4278.76,4286.55,676796.0
2019-01-15,4282.99,4350.93,4271.64,4347.36,720052.0
2019-01-16,4347.08,4364.1,4330.74,4336.88,692747.0
2019-01-17,4334.63,4347.18,4297.67,4303.73,745621.0
2019-01-18,4307.14,4351.44,4297.48,4347.81,833716.0
2019-01-21,4354.7,4395.06,4352.81,4373.63,727815.0
2019-01-22,4370.86,4370.86,4291.96,4308.25,694967.0
2019-01-23,4298.94,4322.89,4292.09,4315.68,584857.0
2019-01-24,4318.71,4363.22,4292.83,4338.17,706303.0
2019-01-25,4341.41,4359.46,4315.95,4318.44,716575.0
2019-01-28,4341.49,4370.9,4297.96,4307.22,672799.0
2019-01-29,4301.47,4301.47,4188.59,4254.29,777537.0
2019-01-30,4235.27,4266.88,4211.19,4211.62,585138.0
2019-01-31,4203.98,4240.72,4151.41,4176.47,715112.0
2019-02-01,4189.11,4295.04,4189.11,4294.27,660997.0
2019-02-11,4306.2,4403.73,4306.2,4402.87,752974.0
2019-02-12,4398.44,4452.5,4394.83,4439.49,852712.0
2019-02-13,4442.73,4526.27,4433.03,4512.41,1132189.0
2019-02-14,4507.84,4555.23,4494.55,4532.17,948285.0
2019-02-15,4523.94,4544.39,4497.39,4502.73,935116.0
2019-02-18,4527.97,4661.0,4527.97,4661.0,1241240.0
2019-02-19,4683.33,4706.53,4614.28,4667.28,1438748.0
2019-02-20,4667.35,4677.98,4619.46,4667.62,1202131.0
2019-02-21,4666.28,4750.42,4643.11,4659.14,1459511.0
2019-02-22,4651.54,4777.3,4649.22,4777.3,1461661.0
2019-02-25,4840.54,5045.08,4835.48,5044.35,2417836.0
2019-02-26,5059.28,5149.62,5004.55,5038.54,2628333.0
2019-02-27,5027.39,5093.8,4964.62,5017.88,2088541.0
2019-02-28,5017.44,5072.67,4994.05,5025.29,1560429.0
2019-03-01,5047.23,5067.31,4984.99,5067.23,1498283.0
2019-03-04,5112.95,5253.39,5108.28,5158.25,2324469.0
2019-03-05,5146.62,5295.29,5125.15,5295.29,2068913.0
2019-03-06,5328.13,5395.55,5256.79,5390.03,2649643.0
2019-03-07,5381.23,5512.64,5353.57,5458.62,2669672.0
2019-03-08,5340.11,5480.17,5245.53,5245.7,2856802.0
2019-03-11,5279.75,5456.42,5272.19,5456.38,2142522.0
2019-03-12,5500.94,5591.69,5458.76,5551.0,2493340.0
2019-03-13,5557.16,5557.16,5388.25,5424.86,2243492.0
2019-03-14,5381.11,5432.52,5236.75,5298.5,1786087.0
2019-03-15,5328.81,5418.33,5308.06,5359.01,1528465.0
2019-03-18,5387.38,5501.18,5333.26,5501.18,1726553.0
2019-03-19,5505.7,5555.12,5486.8,5522.18,1667139.0
2019-03-20,5518.31,5533.05,5415.75,5515.79,1768207.0
2019-03-21,5525.99,5634.66,5513.39,5589.48,2071500.0
2019-03-22,5591.04,5625.1,5505.81,5622.14,1819548.0
2019-03-25,5521.25,5629.23,5507.36,5549.67,1784329.0
2019-03-26,5571.53,5589.41,5380.85,5394.88,1761647.0
2019-03-27,5431.98,5447.88,5333.78,5447.88,1449566.0
2019-03-28,5432.94,5487.77,5370.12,5370.12,1492611.0
2019-03-29,5370.42,5550.76,5346.21,5547.66,1783330.0
2019-04-01,5591.67,5763.58,5591.67,5757.84,2211816.0
2019-04-02,5794.79,5833.02,5750.33,5775.55,2287503.0
2019-04-03,5744.22,5843.47,5724.13,5836.04,1991048.0
2019-04-04,5868.39,5894.99,5813.46,5871.56,2088349.0
2019-04-08,5921.21,5939.5,5765.91,5847.63,2383175.0
2019-04-09,5834.29,5877.84,5798.37,5858.05,1793635.0
2019-04-10,5826.03,5906.43,5782.37,5850.76,1787536.0
2019-04-11,5852.64,5866.92,5720.55,5727.17,1658761.0
2019-04-12,5720.05,5749.34,5673.74,5714.37,1400783.0
2019-04-15,5795.5,5815.39,5654.34,5655.98,1577541.0
2019-04-16,5625.12,5777.01,5583.61,5777.01,1560296.0
2019-04-17,5776.64,5840.62,5758.0,5807.73,1698002.0
2019-04-18,5804.3,5826.67,5762.57,5775.17,1513225.0
2019-04-19,5762.5,5810.18,5710.8,5810.18,1487243.0
2019-04-22,5821.02,5824.52,5704.98,5723.04,1581610.0
2019-04-23,5710.73,5710.73,5610.74,5628.06,1498715.0
2019-04-24,5636.4,5682.48,5568.41,5679.73,1347844.0
2019-04-25,5652.01,5662.79,5457.83,5458.42,1514017.0
2019-04-26,5427.62,5496.04,5407.19,5408.03,1242799.0
2019-04-29,5405.16,5421.66,5252.05,5265.6,1386724.0
2019-04-30,5244.04,5349.94,5244.04,5307.56,1021903.0
2019-05-06,5122.47,5125.16,4874.64,4908.8,1433862.0
2019-05-07,4933.04,4990.19,4886.06,4973.4,1165737.0
2019-05-08,4865.79,5028.53,4842.56,4947.74,1077381.0
2019-05-09,4897.98,4955.78,4879.69,4888.41,909347.0
2019-05-10,4940.48,5064.32,4842.61,5064.32,1221775.0
2019-05-13,5009.47,5040.5,4985.19,5005.9,917364.0
2019-05-14,4942.39,5018.41,4941.93,4965.61,875410.0
2019-05-15,5002.61,5086.73,4999.34,5076.56,974639.0
2019-05-16,5071.11,5118.44,5059.21,5108.36,1044222.0
2019-05-17,5112.24,5116.99,4923.67,4942.58,1190712.0
2019-05-20,4937.18,4947.75,4835.81,4923.56,956865.0
2019-05-21,4917.34,5026.28,4904.82,5009.87,1008371.0
2019-05-22,5002.16,5018.11,4941.01,4976.39,940927.0
2019-05-23,4955.25,4957.99,4860.19,4872.92,905637.0
2019-05-24,4848.58,4892.46,4831.34,4841.76,779334.0
2019-05-27,4848.64,4974.27,4824.14,4962.95,930764.0
2019-05-28,4965.59,5002.25,4933.9,4955.49,902640.0
2019-05-29,4943.57,4992.99,4930.43,4956.86,858769.0
2019-05-30,4933.5,4933.85,4865.78,4926.4,947796.0
2019-05-31,4923.92,4969.05,4902.74,4912.0,867167.0
2019-06-03,4921.71,4942.07,4838.35,4853.82,985408.0
2019-06-04,4847.66,4853.81,4768.04,4795.41,867517.0
2019-06-05,4837.9,4850.8,4777.98,4783.82,813002.0
2019-06-06,4776.49,4776.69,4668.54,4678.78,834169.0
2019-06-10,4693.76,4750.54,4662.78,4725.26,733614.0
2019-06-11,4730.81,4903.87,4728.48,4901.47,1168114.0
2019-06-12,4889.36,4917.09,4852.98,4863.49,1078476.0
2019-06-13,4855.54,4892.58,4831.52,4877.65,961725.0
2019-06-14,4880.23,4893.93,4786.2,4795.53,1028039.0
2019-06-17,4796.12,4826.6,4779.64,4802.82,733611.0
2019-06-18,4804.3,4825.63,4773.55,4797.15,665239.0
2019-06-19,4902.96,4931.11,4856.9,4858.92,982744.0
2019-06-20,4853.21,4987.6,4837.18,4954.73,1196960.0
2019-06-21,4973.59,5045.71,4973.59,5021.31,1228142.0
2019-06-24,5032.37,5038.48,4996.17,5024.2,996202.0
2019-06-25,5020.2,5020.2,4910.2,4974.99,992022.0
2019-06-26,4943.78,4991.13,4928.73,4962.59,700357.0
2019-06-27,4974.99,5030.37,4972.67,5007.48,816313.0
2019-06-28,5005.19,5005.19,4920.43,4950.48,771646.0
2019-07-01,5044.66,5100.26,5016.24,5100.26,1116302.0
2019-07-02,5092.84,5102.41,5066.25,5084.41,970806.0
2019-07-03,5074.71,5074.71,5021.9,5040.72,853586.0
2019-07-04,5046.88,5068.0,5002.33,5025.02,801472.0
2019-07-05,5026.33,5055.01,5001.52,5042.66,649041.0
2019-07-08,5028.63,5028.63,4855.21,4870.78,917661.0
2019-07-09,4868.48,4892.56,4838.94,4881.62,610125.0
2019-07-10,4891.91,4896.04,4829.28,4843.86,607952.0
2019-07-11,4867.68,4905.16,4821.55,4844.55,626285.0
2019-07-12,4848.22,4874.32,4820.66,4861.57,614794.0
2019-07-15,4850.89,4951.62,4787.91,4925.32,845945.0
2019-07-16,4917.79,4940.23,4909.66,4932.05,689250.0
2019-07-17,4930.65,4953.41,4914.49,4929.09,753611.0
2019-07-18,4909.72,4909.72,4843.51,4844.11,726362.0
2019-07-19,4861.21,4920.41,4861.2,4878.69,685973.0
2019-07-22,4885.43,4886.4,4766.07,4776.57,721916.0
2019-07-23,4778.05,4823.92,4778.05,4823.92,547293.0
2019-07-24,4837.77,4898.81,4837.77,4873.03,694514.0
2019-07-25,4873.17,4899.72,4861.77,4891.64,673844.0
2019-07-26,4880.72,4902.09,4868.2,4898.11,592528.0
2019-07-29,4897.65,4914.48,4872.55,4897.02,565815.0
2019-07-30,4902.84,4961.02,4902.78,4922.92,711941.0
2019-07-31,4914.04,4921.72,4892.56,4903.2,627545.0
2019-08-01,4877.56,4900.09,4850.53,4870.47,643325.0
2019-08-02,4773.43,4816.81,4756.4,4809.92,790024.0
2019-08-05,4795.91,4838.76,4749.94,4751.98,716125.0
2019-08-06,4665.84,4684.52,4558.06,4650.56,986679.0
2019-08-07,4678.43,4686.73,4624.74,4626.36,674174.0
2019-08-08,4641.87,4663.03,4636.24,4656.1,600778.0
2019-08-09,4677.25,4690.65,4593.22,4600.35,644433.0
2019-08-12,4608.12,4685.05,4591.66,4685.05,619465.0
2019-08-13,4649.35,4667.72,4638.03,4658.39,586913.0
2019-08-14,4713.5,4731.86,4677.13,4683.84,711488.0
2019-08-15,4585.09,4709.36,4576.46,4706.55,782616.0
2019-08-16,4702.14,4755.95,4696.92,4722.66,775425.0
2019-08-19,4765.06,4875.04,4765.06,4875.04,1065809.0
2019-08-20,4878.67,4912.99,4864.82,4872.61,1002023.0
2019-08-21,4865.72,4896.29,4859.33,4882.72,849408.0
2019-08-22,4894.36,4896.58,4851.97,4887.91,822381.0
2019-08-23,4888.53,4902.78,4861.2,4887.9,825025.0
2019-08-26,4799.48,4867.3,4793.84,4855.46,884531.0
2019-08-27,4878.29,4976.58,4878.29,4936.12,1081926.0
2019-08-28,4929.89,4948.02,4910.6,4928.19,989943.0
2019-08-29,4937.59,4954.96,4912.22,4934.18,968180.0
2019-08-30,4963.28,4975.97,4862.58,4886.49,1024516.0
2019-09-02,4894.05,5020.26,4890.23,5008.3,1082929.0
2019-09-03,5019.4,5044.18,4999.89,5044.18,1090904.0
2019-09-04,5036.52,5093.27,5027.67,5093.27,1224992.0
2019-09-05,5119.57,5209.0,5119.43,5138.41,1589474.0
2019-09-06,5152.19,5167.48,5111.73,5154.64,1127986.0
2019-09-09,5202.71,5263.46,5171.85,5263.46,1329419.0
2019-09-10,5264.33,5264.33,5212.53,5245.31,1311115.0
2019-09-11,5262.49,5273.97,5206.97,5217.29,1156039.0
2019-09-12,5230.29,5255.79,5197.57,5242.61,960442.0
2019-09-16,5263.3,5279.59,5228.29,5250.34,1141363.0
2019-09-17,5237.56,5237.56,5118.21,5140.45,1147714.0
2019-09-18,5148.06,5163.81,5119.61,5141.04,895560.0
2019-09-19,5150.5,5191.67,5126.15,5191.67,881293.0
2019-09-20,5198.73,5220.24,5180.08,5204.48,941864.0
2019-09-23,5192.88,5192.88,5124.8,5171.48,946577.0
2019-09-24,5168.12,5237.41,5159.33,5180.74,945280.0
2019-09-25,5162.15,5162.15,5087.01,5087.01,922029.0
2019-09-26,5099.52,5108.8,4970.24,4970.24,946708.0
2019-09-27,4974.03,5033.19,4974.03,5005.63,743298.0
2019-09-30,5009.14,5022.43,4940.9,4940.9,657851.0
2019-10-08,4955.08,4994.44,4937.03,4941.76,664434.0
2019-10-09,4926.21,4985.44,4904.32,4982.95,665058.0
2019-10-10,4988.14,5049.22,4979.19,5046.36,738182.0
2019-10-11,5057.81,5074.9,5012.38,5055.52,827860.0
2019-10-14,5095.22,5151.69,5089.31,5131.13,1036889.0
2019-10-15,5115.25,5115.25,5057.28,5061.0,883214.0
2019-10-16,5064.33,5086.97,5036.5,5038.36,782214.0
2019-10-17,5039.27,5049.36,5017.47,5029.85,705145.0
2019-10-18,5033.82,5056.56,4953.15,4961.81,820389.0
2019-10-21,4956.79,4957.24,4906.36,4951.04,698993.0
2019-10-22,4954.11,5011.01,4954.11,5005.55,655350.0
2019-10-23,5009.36,5009.94,4955.06,4967.19,690365.0
2019-10-24,4961.69,4972.76,4921.11,4958.25,648684.0
2019-10-25,4953.33,5001.51,4922.08,4994.57,731588.0
2019-10-28,5026.06,5084.69,5026.06,5084.47,1029074.0
2019-10-29,5080.93,5080.93,5007.71,5007.71,1087063.0
2019-10-30,4975.67,4984.4,4938.1,4947.9,857622.0
2019-10-31,4950.03,4967.75,4911.38,4917.42,795827.0
2019-11-01,4908.65,4967.05,4896.01,4962.35,741557.0
2019-11-04,4974.36,5016.94,4974.36,4987.84,812782.0
2019-11-05,4995.46,5041.24,4972.72,5025.3,850730.0
2019-11-06,5022.1,5027.79,4955.83,4974.73,832163.0
2019-11-07,4970.53,5020.22,4960.84,5007.07,720922.0
2019-11-08,5036.66,5051.56,4985.95,4988.29,790966.0
2019-11-11,4961.19,4961.19,4868.43,4876.16,770964.0
2019-11-12,4878.97,4887.3,4823.43,4881.61,687855.0
2019-11-13,4878.97,4888.19,4853.59,4875.54,606064.0
2019-11-14,4875.25,4925.44,4871.56,4912.11,639101.0
2019-11-15,4910.21,4936.98,4868.44,4868.44,700764.0
2019-11-18,4862.28,4901.0,4851.39,4892.46,639654.0
2019-11-19,4892.34,4975.11,4890.76,4975.11,723634.0
2019-11-20,4975.76,4991.7,4941.91,4946.28,789983.0
2019-11-21,4929.85,4963.09,4919.59,4945.72,661675.0
2019-11-22,4954.31,5018.06,4876.81,4904.08,880277.0
2019-11-25,4904.99,4915.35,4853.84,4901.5,863473.0
2019-11-26,4906.43,4920.68,4882.16,4882.16,812597.0
2019-11-27,4881.4,4935.63,4872.3,4904.26,726469.0
2019-11-28,4897.65,4916.8,4878.01,4889.26,596723.0
2019-11-29,4888.35,4909.41,4850.59,4894.94,613956.0
2019-12-02,4897.63,4930.59,4889.32,4905.42,631502.0
2019-12-03,4889.41,4926.45,4863.66,4926.45,603455.0
2019-12-04,4902.49,4935.57,4901.04,4920.67,634965.0
2019-12-05,4927.78,4978.99,4923.11,4967.6,740771.0
2019-12-06,4968.04,5010.51,4954.79,5010.51,737060.0
2019-12-09,5020.22,5040.24,5005.84,5024.6,884864.0
2019-12-10,5012.47,5054.31,4998.15,5049.05,829363.0
2019-12-11,5044.94,5052.35,5007.56,5027.28,860110.0
2019-12-12,5025.49,5044.2,5008.37,5012.0,800554.0
2019-12-13,5047.9,5082.76,5029.88,5073.69,999792.0
2019-12-16,5095.35,5166.04,5081.91,5166.04,1165225.0
2019-12-17,5167.23,5257.83,5161.15,5236.06,1502191.0
2019-12-18,5235.48,5267.41,5221.7,5235.12,1292644.0
2019-12-19,5236.92,5255.17,5215.88,5241.74,1136663.0
2019-12-20,5244.21,5258.01,5182.06,5184.68,1179985.0
2019-12-23,5161.28,5188.85,5079.44,5084.35,1056525.0
2019-12-24,5098.81,5165.16,5092.91,5162.07,854519.0
2019-12-25,5157.37,5195.87,5153.51,5183.1,959187.0
2019-12-26,5181.38,5219.14,5171.44,5219.14,956255.0
2019-12-27,5223.47,5252.79,5175.85,5179.19,1262596.0
2019-12-30,5160.31,5242.12,5119.86,5241.94,1168695.0
2019-12-31,5239.91,5269.87,5228.17,5267.66,1038897.0
2020-01-02,5306.67,5374.91,5288.17,5366.14,1458944.0
2020-01-03,5376.03,5395.26,5351.8,5380.64,1284520.0
2020-01-06,5365.22,5481.55,5355.02,5434.85,1595874.0
2020-01-07,5441.9,5499.84,5440.69,5499.84,1441427.0
2020-01-08,5481.98,5500.16,5409.57,5423.8,1554068.0
2020-01-09,5465.86,5497.54,5457.35,5497.54,1324317.0
2020-01-10,5511.67,5516.09,5455.25,5480.23,1138198.0
2020-01-13,5478.32,5559.63,5447.73,5559.63,1180762.0
2020-01-14,5576.63,5583.72,5539.9,5542.33,1298114.0
2020-01-15,5532.96,5545.1,5492.65,5530.03,1124250.0
2020-01-16,5539.42,5559.02,5514.69,5527.67,1118973.0
2020-01-17,5539.72,5555.41,5499.47,5510.05,1049493.0
2020-01-20,5523.01,5587.54,5500.59,5587.54,1154030.0
2020-01-21,5581.01,5581.98,5515.19,5523.94,1246048.0
2020-01-22,5502.59,5597.99,5440.2,5575.51,1234748.0
2020-01-23,5521.79,5558.43,5326.93,5377.74,1457731.0
2020-02-03,4896.89,4960.75,4896.89,4910.9,817771.0
2020-02-04,4736.12,5013.77,4736.12,4996.47,1896723.0
2020-02-05,5035.41,5178.44,5026.41,5123.96,1710953.0
2020-02-06,5128.19,5299.18,5100.48,5282.89,1859575.0
2020-02-07,5287.27,5329.36,5226.7,5327.04,1911476.0
2020-02-10,5322.01,5389.04,5301.41,5388.43,1767033.0
2020-02-11,5390.53,5396.96,5323.76,5361.28,1525082.0
2020-02-12,5345.52,5461.67,5340.49,5459.95,1510415.0
2020-02-13,5456.66,5482.8,5397.23,5412.84,1582026.0
2020-02-14,5407.47,5474.47,5375.93,5420.8,1453465.0
2020-02-17,5454.46,5594.44,5454.46,5594.44,1746367.0
2020-02-18,5607.84,5660.81,5577.9,5660.81,1850987.0
2020-02-19,5654.18,5678.82,5601.39,5603.26,1856421.0
2020-02-20,5619.52,5712.18,5580.07,5706.71,1920760.0
2020-02-21,5704.84,5822.4,5700.95,5784.03,2072362.0
2020-02-24,5784.58,5884.14,5754.68,5865.47,2180990.0
2020-02-25,5745.62,5912.27,5643.88,5897.72,2673667.0
2020-02-26,5824.05,5885.27,5724.5,5743.39,2663751.0
2020-02-27,5770.22,5829.04,5689.54,5753.73,2046949.0
2020-02-28,5558.42,5641.77,5438.85,5451.29,2243067.0
2020-03-02,5516.44,5683.24,5505.27,5656.42,1995116.0
2020-03-03,5756.79,5832.35,5658.12,5710.02,2263255.0
2020-03-04,5670.5,5719.18,5603.93,5716.51,1851331.0
2020-03-05,5795.25,5811.21,5732.17,5801.12,2172322.0
2020-03-06,5737.1,5802.63,5723.73,5763.86,1852971.0
2020-03-09,5668.64,5699.92,5525.82,5525.82,2185381.0
2020-03-10,5459.17,5675.88,5423.43,5675.11,2084029.0
2020-03-11,5692.72,5708.92,5589.53,5589.53,1877509.0
2020-03-12,5507.32,5549.35,5446.79,5493.88,1587532.0
2020-03-13,5225.51,5507.39,5224.73,5457.2,1952667.0
2020-03-16,5496.89,5496.89,5183.34,5200.11,1868500.0
2020-03-17,5245.52,5300.56,5052.65,5212.06,1591379.0
2020-03-18,5257.94,5333.12,5119.47,5119.47,1642866.0
2020-03-19,5119.94,5185.09,5020.44,5157.82,1545937.0
2020-03-20,5217.49,5225.03,5129.07,5219.28,1275133.0
2020-03-23,5079.35,5129.14,4981.67,4998.91,1386847.0
2020-03-24,5089.15,5118.04,4963.29,5096.04,1407877.0
2020-03-25,5200.78,5229.22,5160.39,5217.42,1468811.0
2020-03-26,5180.47,5227.47,5157.15,5166.11,1256525.0
2020-03-27,5222.85,5227.79,5134.49,5137.34,1170451.0
2020-03-30,5073.7,5074.63,4974.32,5027.49,1239813.0
2020-03-31,5073.52,5090.57,5030.57,5041.45,1116056.0
2020-04-01,5029.58,5108.18,5007.71,5019.22,1121541.0
2020-04-02,4998.63,5147.2,4998.11,5147.2,1133511.0
2020-04-03,5143.52,5161.57,5085.09,5107.04,1094790.0
2020-04-07,5202.55,5273.09,5197.58,5267.07,1451095.0
2020-04-08,5243.16,5291.41,5232.62,5271.8,1377863.0
2020-04-09,5301.27,5336.12,5289.38,5322.46,1250985.0
2020-04-10,5321.79,5321.79,5197.98,5208.51,1238164.0
2020-04-13,5176.44,5198.37,5140.85,5169.18,981810.0
2020-04-14,5197.17,5288.59,5189.82,5288.59,1101882.0
2020-04-15,5291.97,5320.58,5264.01,5268.75,1224774.0
2020-04-16,5245.92,5328.12,5238.43,5316.97,1207422.0
2020-04-17,5354.98,5377.15,5309.58,5318.45,1369698.0
2020-04-20,5329.87,5381.79,5311.2,5381.79,1206422.0
2020-04-21,5358.6,5358.6,5287.66,5343.88,1307444.0
2020-04-22,5304.73,5388.21,5296.26,5387.62,1235970.0
2020-04-23,5402.65,5407.49,5354.94,5357.79,1446183.0
2020-04-24,5350.54,5354.76,5258.57,5273.55,1313834.0
2020-04-27,5278.98,5314.41,5249.31,5265.72,1171324.0
2020-04-28,5268.13,5273.26,5102.06,5227.85,1408249.0
2020-04-29,5203.71,5269.74,5201.47,5226.81,1059268.0
2020-04-30,5261.05,5368.89,5261.05,5353.86,1330367.0
2020-05-06,5320.94,5451.46,5318.44,5451.32,1416791.0
2020-05-07,5454.25,5473.77,5425.8,5445.75,1401464.0
2020-05-08,5474.87,5527.09,5467.65,5507.7,1363186.0
2020-05-11,5529.11,5547.94,5466.62,5496.19,1298520.0
2020-05-12,5494.07,5519.29,5441.7,5512.46,1159437.0
2020-05-13,5495.9,5546.55,5483.99,5536.28,1078958.0
2020-05-14,5513.08,5528.09,5485.02,5487.11,1191977.0
2020-05-15,5510.15,5543.93,5486.26,5507.93,1126515.0
2020-05-18,5522.72,5528.78,5454.96,5478.82,1336547.0
2020-05-19,5515.03,5548.22,5504.23,5547.88,1120089.0
2020-05-20,5545.04,5547.17,5473.79,5489.7,1234913.0
2020-05-21,5508.2,5511.23,5415.6,5426.17,1145591.0
2020-05-22,5421.73,5421.89,5307.3,5328.23,1064157.0
2020-05-25,5323.97,5344.28,5293.23,5316.6,843857.0
2020-05-26,5341.11,5421.9,5341.08,5420.21,909690.0
2020-05-27,5426.56,5426.56,5358.47,5369.5,1039604.0
2020-05-28,5367.27,5390.14,5290.29,5361.17,1025243.0
2020-05-29,5349.57,5416.66,5336.07,5406.34,1050033.0
2020-06-01,5446.29,5576.65,5446.29,5569.48,1416976.0
2020-06-02,5595.36,5596.44,5544.19,5566.44,1390291.0
2020-06-03,5583.7,5618.29,5567.07,5572.31,1383455.0
2020-06-04,5589.34,5597.26,5549.36,5576.75,1207785.0
2020-06-05,5585.16,5592.35,5542.87,5585.42,1122539.0
2020-06-08,5618.38,5627.19,5567.21,5575.3,1194462.0
2020-06-09,5582.14,5616.04,5560.14,5610.38,1148709.0
2020-06-10,5611.66,5616.61,5581.92,5615.24,1083681.0
2020-06-11,5618.64,5673.31,5567.54,5589.1,1275155.0
2020-06-12,5483.78,5620.21,5479.27,5591.49,1295455.0
2020-06-15,5605.88,5661.97,5590.64,5590.64,1453598.0
2020-06-16,5633.26,5695.3,5624.85,5695.3,1339517.0
2020-06-17,5708.69,5735.42,5685.62,5735.42,1468375.0
2020-06-18,5738.03,5744.45,5705.3,5734.4,1581544.0
2020-06-19,5733.43,5796.36,5727.62,5787.15,1417681.0
2020-06-22,5793.79,5815.39,5770.81,5784.03,1453923.0
2020-06-23,5783.12,5809.28,5755.4,5804.34,1257481.0
2020-06-24,5808.54,5824.31,5773.29,5789.09,1102414.0
2020-06-29,5774.46,5789.16,5740.26,5762.44,1177612.0
2020-06-30,5790.06,5875.33,5788.21,5864.42,1153503.0
2020-07-01,5884.54,5885.87,5814.76,5881.89,1428330.0
2020-07-02,5880.88,5979.99,5858.57,5975.28,2011814.0
2020-07-03,5990.0,6052.52,5968.07,6051.51,2268268.0
2020-07-06,6095.96,6318.31,6095.96,6299.86,3023765.0
2020-07-07,6368.31,6480.03,6300.24,6380.03,3258654.0
2020-07-08,6378.95,6541.44,6352.37,6535.42,2888474.0
2020-07-09,6541.29,6712.14,6530.02,6693.75,3174123.0
2020-07-10,6664.33,6763.81,6644.36,6676.44,2887367.0
2020-07-13,6710.64,6899.62,6710.64,6899.52,2973056.0
2020-07-14,6897.0,6897.0,6672.8,6807.73,2938683.0
2020-07-15,6815.62,6838.15,6598.52,6638.84,2564728.0
2020-07-16,6642.33,6711.0,6305.13,6320.0,2533159.0
2020-07-17,6327.03,6447.51,6272.94,6344.59,1968039.0
2020-07-20,6419.08,6526.83,6340.65,6526.83,2124132.0
2020-07-21,6546.57,6591.01,6500.87,6563.32,1939659.0
2020-07-22,6554.17,6699.69,6534.74,6620.69,2101012.0
2020-07-23,6562.05,6629.21,6431.26,6620.09,2079925.0
2020-07-24,6584.81,6609.29,6265.38,6283.98,2190178.0
2020-07-27,6304.59,6337.33,6229.47,6298.74,1455425.0
2020-07-28,6345.68,6385.39,6307.79,6359.66,1388381.0
2020-07-29,6341.01,6530.27,6324.05,6530.27,1592217.0
2020-07-30,6548.7,6564.78,6491.45,6511.44,1776156.0
2020-07-31,6499.39,6619.26,6463.42,6579.67,1799129.0
2020-08-03,6635.34,6739.81,6614.43,6739.81,2072667.0
2020-08-04,6758.49,6764.9,6672.89,6697.71,2094789.0
2020-08-05,6696.69,6790.01,6653.28,6772.84,1848438.0
2020-08-06,6780.33,6792.28,6656.28,6770.3,2052298.0
2020-08-07,6743.29,6755.53,6578.67,6688.88,1981282.0
2020-08-10,6666.56,6768.87,6651.74,6725.3,1753532.0
2020-08-11,6727.77,6756.85,6594.98,6600.85,1808458.0
2020-08-12,6580.01,6599.66,6395.01,6528.4,1778890.0
2020-08-13,6552.37,6592.12,6518.42,6552.66,1620605.0
2020-08-14,6542.6,6629.51,6506.03,6623.56,1568760.0
2020-08-17,6646.54,6752.32,6614.18,6744.55,2014074.0
2020-08-18,6747.61,6811.56,6737.53,6789.4,1891662.0
2020-08-19,6782.59,6782.59,6661.99,6666.27,1943091.0
2020-08-20,6622.01,6672.49,6570.69,6593.79,1576463.0
2020-08-21,6628.9,6686.02,6589.2,6643.94,1429635.0
2020-08-24,6667.3,6702.75,6589.93,6688.96,1430204.0
2020-08-25,6698.12,6734.44,6631.69,6652.55,1470981.0
2020-08-26,6650.45,6660.76,6501.24,6525.88,1537348.0
2020-08-27,6538.14,6585.72,6486.75,6578.79,1298362.0
2020-08-28,6571.9,6695.36,6553.92,6691.21,1419496.0
2020-08-31,6719.29,6765.89,6667.68,6668.43,1560244.0
2020-09-01,6667.17,6710.46,6637.63,6710.46,1256325.0
2020-09-02,6725.69,6742.55,6647.03,6717.56,1495625.0
2020-09-03,6715.1,6732.67,6638.45,6662.25,1421103.0
2020-09-04,6545.89,6631.03,6538.49,6618.58,1253585.0
2020-09-07,6619.9,6669.39,6459.1,6478.81,1555817.0
2020-09-08,6493.77,6543.0,6432.95,6525.1,1612303.0
2020-09-09,6455.31,6471.48,6319.27,6349.22,2169164.0
2020-09-10,6404.66,6414.96,6219.64,6235.57,1810495.0
2020-09-11,6209.79,6319.67,6209.79,6311.97,1246292.0
2020-09-14,6350.36,6381.18,6297.9,6351.24,1305023.0
2020-09-15,6351.04,6388.13,6328.54,6387.88,1151842.0
2020-09-16,6379.52,6387.77,6321.57,6353.84,1133799.0
2020-09-17,6345.67,6416.01,6291.63,6367.02,1189597.0
2020-09-18,6367.79,6473.6,6353.56,6469.47,1352263.0
2020-09-21,6492.22,6515.34,6434.32,6445.96,1260237.0
2020-09-22,6392.03,6462.98,6341.48,6358.65,1213059.0
2020-09-23,6382.28,6411.2,6356.16,6392.03,950488.0
2020-09-24,6353.69,6354.68,6243.28,6244.64,1128015.0
2020-09-25,6271.7,6285.47,6206.18,6236.89,877988.0
2020-09-28,6255.02,6261.93,6171.02,6178.47,789629.0
2020-09-29,6206.99,6280.44,6179.88,6228.77,813712.0
2020-09-30,6245.12,6260.12,6155.02,6192.5,814841.0
2020-10-09,6300.07,6373.94,6290.47,6357.97,1003862.0
2020-10-12,6408.08,6541.31,6399.68,6541.18,1448243.0
2020-10-13,6538.84,6557.86,6486.31,6551.4,1115585.0
2020-10-14,6547.84,6547.84,6492.66,6508.37,1186296.0
2020-10-15,6511.07,6518.55,6456.77,6460.04,1070043.0
2020-10-16,6456.74,6473.63,6388.65,6428.68,987320.0
2020-10-19,6466.57,6483.51,6346.26,6358.32,1036684.0
2020-10-20,6349.64,6423.16,6324.39,6423.11,861892.0
2020-10-21,6426.19,6426.51,6323.44,6350.01,875123.0
2020-10-22,6331.8,6334.54,6256.23,6317.14,857247.0
2020-10-23,6312.01,6362.43,6202.53,6213.26,805651.0
2020-10-26,6195.35,6239.72,6127.38,6214.38,733930.0
2020-10-27,6187.47,6227.84,6168.97,6221.34,755865.0
2020-10-28,6221.74,6254.72,6164.24,6246.0,871309.0
2020-10-29,6168.91,6287.65,6159.14,6255.19,925875.0
2020-10-30,6272.93,6274.62,6103.89,6111.48,1121224.0
2020-11-02,6119.45,6162.28,6095.8,6143.12,1117564.0
2020-11-03,6175.16,6245.56,6155.73,6241.77,1054400.0
2020-11-04,6246.64,6256.07,6181.1,6234.16,929297.0
2020-11-05,6294.61,6358.44,6273.31,6351.98,1188432.0
2020-11-06,6366.19,6366.19,6254.09,6301.25,1182442.0
2020-11-09,6337.44,6452.91,6337.44,6421.65,1600279.0
2020-11-10,6434.43,6435.41,6339.29,6373.09,1419289.0
2020-11-11,6356.37,6375.24,6292.84,6294.61,1307281.0
2020-11-12,6305.07,6341.0,6285.29,6315.49,1046807.0
2020-11-13,6304.46,6319.41,6248.36,6306.97,1071163.0
2020-11-16,6319.7,6387.42,6294.29,6387.37,1336773.0
2020-11-17,6380.77,6380.77,6300.57,6336.94,1412743.0
2020-11-18,6333.45,6382.5,6314.31,6341.01,1339825.0
2020-11-19,6328.08,6370.18,6293.56,6360.6,1238048.0
2020-11-20,6354.79,6429.87,6351.31,6422.99,1306676.0
2020-11-23,6435.92,6516.24,6407.06,6472.93,1819257.0
2020-11-24,6472.75,6495.14,6454.67,6475.19,1540630.0
2020-11-25,6489.26,6489.72,6350.37,6350.37,1538131.0
2020-11-26,6349.86,6358.17,6284.97,6334.3,1232369.0
2020-11-27,6337.38,6351.81,6276.07,6351.61,1208851.0
2020-11-30,6360.46,6397.72,6309.44,6320.94,1631577.0
2020-12-01,6307.85,6437.94,6299.41,6426.62,1509573.0
2020-12-02,6437.96,6446.81,6392.99,6434.98,1497051.0
2020-12-03,6437.38,6461.09,6392.9,6440.88,1522149.0
2020-12-04,6426.03,6471.86,6409.68,6464.73,1288552.0
2020-12-07,6465.99,6472.85,6417.65,6424.68,1210783.0
2020-12-08,6424.16,6448.39,6406.72,6423.65,1054950.0
2020-12-09,6430.48,6437.43,6307.22,6307.22,1215162.0
2020-12-10,6295.35,6350.92,6267.17,6320.1,1105771.0
2020-12-11,6328.83,6340.39,6163.41,6209.43,1326416.0
2020-12-14,6207.83,6260.61,6176.54,6259.02,1068771.0
2020-12-15,6250.1,6276.58,6228.68,6265.58,979810.0
2020-12-16,6268.21,6271.03,6219.09,6235.44,992840.0
2020-12-17,6225.08,6312.01,6184.54,6308.9,1277027.0
2020-12-18,6310.16,6332.53,6269.21,6291.92,1286223.0
2020-12-21,6302.26,6401.55,6293.92,6398.6,1363478.0
2020-12-22,6372.88,6378.5,6241.56,6250.06,1513106.0
2020-12-23,6255.35,6330.6,6242.62,6307.6,1440443.0
2020-12-24,6308.48,6308.48,6202.4,6205.22,1312217.0
2020-12-25,6190.99,6284.59,6186.03,6278.5,1344783.0
2020-12-28,6283.78,6288.24,6219.09,6244.48,1489602.0
2020-12-29,6240.74,6280.04,6196.41,6199.85,1544760.0
2020-12-30,6196.45,6289.27,6188.59,6269.25,1380417.0
2020-12-31,6282.96,6370.57,6281.01,6367.11,1601941.0
2021-01-04,6395.61,6501.59,6359.08,6482.79,1866212.0
2021-01-05,6470.25,6539.73,6452.52,6539.73,1967263.0
2021-01-06,6549.73,6569.2,6472.74,6528.14,1785211.0
2021-01-07,6523.68,6567.27,6467.44,6538.12,1971356.0
2021-01-08,6541.56,6598.38,6484.4,6557.6,1808374.0
2021-01-11,6557.45,6572.85,6419.73,6455.4,1832573.0
2021-01-12,6425.81,6543.23,6425.81,6543.23,1623112.0
2021-01-13,6550.03,6553.65,6457.88,6496.91,1849134.0
2021-01-14,6471.79,6516.27,6402.6,6439.89,1630238.0
2021-01-15,6427.13,6447.88,6339.43,6417.5,1382432.0
2021-01-18,6414.83,6529.41,6392.07,6514.46,1368328.0
2021-01-19,6510.48,6532.65,6456.12,6476.37,1476167.0
2021-01-20,6477.67,6535.48,6449.28,6535.42,1285254.0
2021-01-21,6552.03,6649.86,6550.88,6622.5,1568096.0
2021-01-22,6619.86,6643.67,6573.82,6637.81,1580623.0
2021-01-25,6636.22,6711.57,6599.97,6645.31,1656231.0
2021-01-26,6621.15,6624.45,6515.26,6532.96,1433713.0
2021-01-27,6527.68,6564.29,6481.16,6557.16,1397600.0
2021-01-28,6475.86,6529.84,6405.81,6414.38,1448254.0
2021-01-29,6448.67,6462.37,6255.7,6346.14,1460416.0
2021-02-01,6338.64,6397.01,6328.34,6393.28,1373252.0
2021-02-02,6404.85,6459.48,6361.09,6454.79,1323943.0
2021-02-03,6459.66,6484.49,6399.33,6399.33,1454572.0
2021-02-04,6375.67,6414.3,6249.53,6328.79,1488613.0
2021-02-05,6343.83,6382.96,6236.27,6239.87,1351329.0
2021-02-08,6247.92,6354.02,6215.73,6323.16,1161340.0
2021-02-09,6334.42,6468.43,6330.79,6457.88,1193191.0
2021-02-10,6474.75,6542.75,6424.72,6525.17,1190427.0
2021-02-18,6657.31,6678.61,6564.31,6614.54,1668924.0
2021-02-19,6600.25,6706.39,6542.78,6703.48,1787678.0
2021-02-22,6731.51,6810.92,6657.06,6657.06,2370656.0
2021-02-23,6613.6,6701.43,6609.08,6631.23,1926569.0
2021-02-24,6633.28,6661.43,6477.75,6536.19,1737188.0
2021-02-25,6600.21,6609.56,6484.55,6499.15,1620682.0
2021-02-26,6365.74,6446.95,6346.13,6364.35,1507602.0
2021-03-01,6407.16,6491.94,6404.89,6488.44,1586084.0
2021-03-02,6514.02,6514.02,6386.49,6433.33,1658771.0
2021-03-03,6426.04,6528.22,6420.21,6524.75,1710175.0
2021-03-04,6482.79,6485.16,6371.73,6401.99,1943346.0
2021-03-05,6325.75,6442.02,6319.53,6403.5,1665049.0
2021-03-08,6453.78,6488.82,6253.7,6256.41,1685463.0
2021-03-09,6235.31,6250.94,6033.41,6108.0,1964327.0
2021-03-10,6164.77,6179.85,6053.02,6062.26,1425543.0
2021-03-11,6074.33,6213.93,6045.55,6213.83,1608146.0
2021-03-12,6231.48,6232.5,6137.99,6222.38,1757462.0
2021-03-15,6192.3,6229.57,6111.36,6173.87,1707997.0
2021-03-16,6176.07,6222.18,6124.78,6195.24,1528460.0
2021-03-17,6180.89,6230.56,6124.05,6225.36,1348404.0
2021-03-18,6231.19,6300.94,6227.19,6273.86,1407257.0
2021-03-19,6195.25,6258.13,6167.51,6206.6,1432383.0
2021-03-22,6208.93,6307.55,6206.08,6305.69,1430414.0
2021-03-23,6307.98,6307.98,6181.13,6219.17,1509641.0
2021-03-24,6180.31,6232.13,6131.82,6142.54,1476731.0
2021-03-25,6118.87,6190.94,6108.26,6157.41,1293071.0
2021-03-26,6164.82,6264.56,6164.82,6251.79,1288876.0
2021-03-29,6270.0,6277.76,6215.8,6254.94,1396339.0
2021-03-30,6239.47,6287.87,6217.33,6280.36,1344096.0
2021-03-31,6277.7,6277.7,6205.94,6254.07,1251285.0
2021-04-01,6259.41,6321.58,6238.31,6311.66,1303748.0
2021-04-02,6316.56,6341.65,6291.71,6326.61,1239389.0
2021-04-06,6345.89,6367.78,6323.24,6343.1,1114892.0
2021-04-07,6350.38,6350.38,6289.07,6348.08,1500168.0
2021-04-08,6332.93,6385.2,6309.12,6356.75,1737413.0
2021-04-09,6345.29,6360.45,6307.66,6335.24,1413069.0
2021-04-12,6325.26,6344.16,6203.57,6226.42,1554414.0
2021-04-13,6210.22,6254.9,6193.81,6209.78,1303877.0
2021-04-14,6206.64,6287.84,6206.64,6277.21,1174382.0
2021-04-15,6263.63,6281.43,6211.66,6276.46,1197762.0
2021-04-16,6283.86,6344.95,6276.43,6339.59,1267647.0
2021-04-19,6331.71,6431.78,6315.08,6425.26,1422009.0
2021-04-20,6419.73,6467.38,6410.28,6428.54,1346745.0
2021-04-21,6396.27,6434.63,6369.77,6420.26,1210517.0
2021-04-22,6444.28,6472.8,6424.75,6445.47,1249239.0
2021-04-23,6445.52,6463.97,6412.99,6462.76,1261173.0
2021-04-26,6480.3,6546.64,6437.19,6442.65,1449641.0
2021-04-27,6434.61,6466.25,6399.44,6446.28,1258947.0
2021-04-28,6433.1,6489.74,6410.32,6489.74,1172349.0
2021-04-29,6495.65,6502.43,6453.52,6491.93,1283054.0
2021-04-30,6470.35,6503.15,6434.73,6485.71,1442542.0
2021-05-06,6503.6,6548.07,6440.33,6489.35,1541420.0
2021-05-07,6505.58,6524.18,6439.89,6444.44,1775187.0
2021-05-10,6461.42,6493.5,6437.11,6475.99,1890801.0
2021-05-11,6436.29,6472.87,6349.79,6456.04,1872636.0
2021-05-12,6434.91,6521.49,6419.74,6512.05,1564909.0
2021-05-13,6448.96,6497.0,6426.58,6439.03,1596586.0
2021-05-14,6454.68,6525.8,6421.21,6525.8,1662434.0
2021-05-17,6521.89,6613.89,6521.89,6578.14,1593638.0
2021-05-18,6578.97,6604.69,6558.78,6599.6,1325055.0
2021-05-19,6582.1,6590.98,6544.84,6584.39,1351813.0
2021-05-20,6541.09,6580.44,6506.41,6548.71,1623299.0
2021-05-21,6557.49,6570.46,6512.81,6527.86,1343507.0
2021-05-24,6515.83,6564.07,6494.62,6544.12,1372266.0
2021-05-25,6549.34,6628.69,6524.3,6619.67,1446920.0
2021-05-26,6631.37,6642.38,6612.42,6628.21,1562370.0
2021-05-27,6629.24,6685.48,6620.72,6685.41,1451667.0
2021-05-28,6699.28,6718.09,6643.64,6668.17,1573184.0
2021-05-31,6681.55,6729.07,6667.26,6728.99,1469295.0
2021-06-01,6718.64,6742.98,6656.66,6739.76,1610920.0
2021-06-02,6740.5,6748.15,6662.75,6681.43,1573653.0
2021-06-03,6680.1,6744.52,6654.46,6667.73,1548857.0
2021-06-04,6642.06,6725.69,6628.01,6693.06,1378664.0
2021-06-07,6705.74,6729.85,6689.7,6721.5,1405609.0
2021-06-08,6726.09,6752.63,6652.39,6684.56,1386849.0
2021-06-09,6677.14,6712.25,6656.05,6692.9,1365110.0
2021-06-10,6688.82,6773.46,6683.49,6765.64,1542810.0
2021-06-11,6773.64,6775.86,6717.27,6725.92,1695696.0
2021-06-15,6734.1,6736.54,6649.2,6663.66,1522093.0
2021-06-16,6659.49,6662.78,6554.89,6566.29,1368079.0
2021-06-17,6554.3,6618.5,6554.3,6616.17,1244926.0
2021-06-18,6610.27,6671.88,6587.03,6657.76,1380226.0
2021-06-21,6652.65,6722.98,6638.52,6707.18,1430312.0
2021-06-22,6723.3,6748.97,6691.82,6739.79,1465435.0
2021-06-23,6741.58,6803.97,6720.58,6789.95,1553096.0
2021-06-24,6791.86,6791.86,6743.33,6754.87,1450465.0
2021-06-25,6748.87,6824.86,6739.02,6813.41,1514857.0
2021-06-28,6814.32,6843.52,6802.86,6828.52,1455041.0
2021-06-29,6833.06,6835.05,6756.92,6765.42,1366257.0
2021-06-30,6767.74,6812.38,6757.34,6808.18,1254062.0
2021-07-01,6827.7,6827.7,6716.67,6716.67,1383508.0
2021-07-02,6701.06,6718.51,6651.48,6658.05,1364723.0
2021-07-05,6670.13,6716.15,6663.54,6711.01,1347347.0
2021-07-06,6727.97,6747.85,6633.61,6709.5,1450180.0
2021-07-07,6661.85,6765.43,6642.57,6764.13,1476470.0
2021-07-08,6774.84,6797.08,6740.85,6748.65,1595645.0
2021-07-09,6721.61,6814.65,6683.79,6804.54,1661070.0
2021-07-12,6852.48,6926.76,6840.02,6904.38,1935610.0
2021-07-13,6901.81,6961.97,6889.03,6961.85,1796208.0
2021-07-14,6953.82,6973.61,6898.75,6898.75,1717354.0
2021-07-15,6874.8,6936.58,6828.48,6932.41,1732211.0
2021-07-16,6931.05,6992.83,6922.35,6925.12,1849079.0
2021-07-19,6912.1,6931.14,6856.65,6889.34,1697348.0
2021-07-20,6831.05,6901.13,6825.82,6901.13,1401406.0
2021-07-21,6923.61,6998.28,6922.92,6984.54,1630093.0
2021-07-22,6996.26,7026.73,6960.3,7026.55,1902333.0
2021-07-23,7036.3,7061.67,6968.31,6985.75,2250791.0
2021-07-26,6974.11,6986.5,6778.5,6868.21,2081972.0
2021-07-27,6877.44,6925.97,6719.26,6719.26,2286143.0
2021-07-28,6650.15,6709.23,6534.92,6621.98,1972672.0
2021-07-29,6720.62,6773.57,6682.12,6758.89,1710179.0
2021-07-30,6739.75,6775.01,6702.51,6767.32,1897117.0
2021-08-02,6756.81,6875.42,6731.78,6872.0,2062052.0
2021-08-03,6844.37,6879.59,6792.71,6816.01,1941894.0
2021-08-04,6814.08,6931.78,6813.23,6931.34,1740643.0
2021-08-05,6920.94,6946.34,6880.69,6911.83,1793719.0
2021-08-06,6929.02,6947.54,6885.65,6938.87,1723569.0
2021-08-09,6914.32,6989.71,6877.2,6979.53,1738334.0
2021-08-10,6970.83,7019.69,6958.81,7019.23,1730880.0
2021-08-11,7024.77,7076.37,6999.93,7073.52,1883579.0
2021-08-12,7059.47,7115.89,7051.01,7095.2,1940791.0
2021-08-13,7070.47,7124.92,7050.31,7088.89,1921906.0
2021-08-16,7087.58,7102.4,7039.1,7052.49,1881789.0
2021-08-17,7045.75,7063.02,6876.5,6894.4,2019364.0
2021-08-18,6883.27,6950.88,6865.07,6941.01,1753673.0
2021-08-19,6917.51,6978.98,6869.29,6947.06,1718136.0
2021-08-20,6915.02,6952.52,6843.0,6920.02,1756271.0
2021-08-23,6949.33,7031.88,6949.33,7024.56,1894566.0
2021-08-24,7031.65,7098.03,7009.69,7090.78,2027269.0
2021-08-25,7092.15,7153.27,7058.57,7153.0,1981269.0
2021-08-26,7151.53,7175.51,7115.84,7118.84,2301762.0
2021-08-27,7096.65,7185.73,7083.21,7180.11,2238305.0
2021-08-30,7202.63,7262.6,7190.61,7226.88,2506491.0
2021-08-31,7202.52,7255.34,7159.3,7255.34,2451083.0
2021-09-01,7271.03,7278.16,7100.31,7193.1,2955201.0
2021-09-02,7172.4,7309.33,7172.4,7307.01,2534117.0
2021-09-03,7335.7,7385.24,7227.03,7278.68,2888012.0
2021-09-06,7297.36,7359.54,7231.73,7355.4,2558752.0
2021-09-07,7360.38,7501.13,7350.7,7498.93,2607275.0
2021-09-08,7496.33,7549.45,7483.87,7544.04,2728478.0
2021-09-09,7534.98,7617.66,7526.97,7617.45,2872041.0
2021-09-10,7613.6,7661.43,7564.26,7607.67,2934686.0
2021-09-13,7613.54,7650.88,7566.78,7648.75,2636186.0
2021-09-14,7630.72,7688.6,7544.02,7556.62,2715015.0
2021-09-15,7535.25,7627.67,7521.88,7592.31,2333984.0
2021-09-16,7616.88,7657.23,7445.23,7446.94,2676498.0
2021-09-17,7421.81,7471.42,7275.98,7395.56,2336042.0
2021-09-22,7305.08,7453.93,7298.03,7453.62,1967945.0
2021-09-23,7512.33,7543.66,7467.2,7502.84,2411587.0
2021-09-24,7490.56,7490.56,7373.29,7380.38,2317156.0
2021-09-27,7400.0,7410.47,7128.51,7170.59,2395424.0
2021-09-28,7158.62,7227.46,7155.27,7198.9,2028006.0
2021-09-29,7142.76,7161.21,6996.57,7010.22,2105707.0
2021-09-30,7034.69,7116.04,7034.69,7103.61,2024826.0
2021-10-08,7191.23,7198.96,7058.83,7091.34,2054677.0
2021-10-11,7102.88,7123.75,7048.87,7090.47,1954208.0
2021-10-12,7069.35,7079.71,6891.84,6952.19,2016667.0
2021-10-13,6957.73,6991.24,6887.34,6981.59,1626047.0
2021-10-14,6970.65,7033.4,6949.48,7008.33,1547647.0
2021-10-15,6996.12,7034.03,6975.24,7024.16,1741083.0
2021-10-18,7027.14,7071.87,6983.72,7068.1,1756270.0
2021-10-19,7060.77,7127.24,7051.78,7120.38,1681358.0
2021-10-20,7081.99,7154.91,7067.13,7118.8,1705113.0
2021-10-21,7127.64,7145.58,7069.45,7098.25,1679720.0
2021-10-22,7089.13,7110.66,7020.87,7026.07,1716152.0
2021-10-25,7019.02,7105.98,7003.78,7103.99,1590046.0
2021-10-26,7120.07,7155.63,7085.07,7102.43,1750322.0
2021-10-27,7093.12,7097.86,7017.86,7048.6,1790209.0
2021-10-28,7026.29,7043.42,6930.54,6950.28,1880753.0
2021-10-29,6955.85,7022.75,6920.31,7022.5,1707795.0
2021-11-01,7005.07,7087.29,6993.27,7060.76,1841430.0
2021-11-02,7061.0,7093.61,6921.85,6985.1,1961147.0
2021-11-03,6975.06,7034.09,6962.87,7017.85,1508146.0
2021-11-04,7031.95,7073.85,7018.61,7073.85,1526520.0
2021-11-05,7071.08,7073.85,6991.15,6991.91,1772414.0
2021-11-08,6986.5,7034.14,6984.81,7026.97,1463609.0
2021-11-09,7037.57,7087.02,7028.31,7081.75,1416968.0
2021-11-10,7061.64,7072.15,6965.86,7062.33,1621384.0
2021-11-11,7048.86,7121.92,7033.09,7119.86,1654007.0
2021-11-12,7118.99,7165.11,7112.58,7156.61,1685134.0
2021-11-15,7166.04,7176.77,7083.78,7098.21,1611482.0
2021-11-16,7083.92,7121.74,7040.51,7045.94,1623703.0
2021-11-17,7043.63,7106.05,7033.95,7104.53,1403471.0
2021-11-18,7108.78,7130.29,7066.49,7084.68,1627149.0
2021-11-19,7083.01,7174.25,7073.72,7169.88,1781859.0
2021-11-22,7177.4,7259.53,7177.4,7255.07,1805225.0
2021-11-23,7245.95,7292.92,7239.0,7261.38,1895950.0
2021-11-24,7260.22,7278.4,7229.6,7256.11,1776741.0
2021-11-25,7262.79,7262.79,7228.29,7233.54,1640681.0
2021-11-26,7216.64,7249.2,7201.2,7219.86,1594231.0
2021-11-29,7129.94,7226.34,7125.43,7221.9,1669414.0
2021-11-30,7252.33,7281.13,7210.84,7252.76,1863362.0
2021-12-01,7239.13,7272.94,7215.67,7272.84,1718063.0
2021-12-02,7256.42,7279.95,7221.36,7229.99,1765555.0
2021-12-03,7233.57,7310.27,7223.8,7301.92,1862227.0
2021-12-06,7308.99,7330.47,7235.45,7240.46,2130700.0
2021-12-07,7274.13,7284.64,7148.07,7206.83,1922439.0
2021-12-08,7225.0,7302.99,7214.26,7302.99,1692805.0
2021-12-09,7298.8,7331.58,7290.27,7320.32,1960872.0
2021-12-10,7285.97,7317.27,7276.61,7306.65,1872307.0
2021-12-13,7334.11,7371.31,7322.44,7353.03,1853631.0
2021-12-14,7330.24,7349.88,7314.43,7324.13,1595838.0
2021-12-15,7319.66,7352.38,7302.38,7314.26,1599239.0
2021-12-16,7323.41,7381.0,7323.41,7381.0,1776903.0
2021-12-17,7380.72,7384.02,7308.72,7314.56,1962653.0
2021-12-20,7290.95,7313.48,7191.05,7195.97,1817279.0
2021-12-21,7190.97,7285.72,7190.97,7275.47,1762167.0
2021-12-22,7289.91,7318.61,7271.82,7302.46,1741172.0
2021-12-23,7306.16,7350.0,7290.38,7337.19,1691318.0
2021-12-24,7336.0,7339.94,7257.53,7278.76,1694187.0
2021-12-27,7269.37,7323.88,7255.72,7272.75,1486188.0
2021-12-28,7281.0,7290.54,7240.93,7286.03,1432620.0
2021-12-29,7275.67,7290.86,7242.3,7247.77,1362096.0
2021-12-30,7246.03,7324.5,7244.22,7310.96,1416511.0
2021-12-31,7320.94,7368.13,7317.7,7359.4,1499090.0
2022-01-04,7387.81,7392.1,7317.5,7354.46,2008100.0
2022-01-05,7343.9,7346.26,7200.73,7222.67,1940024.0
2022-01-06,7187.95,7242.77,7167.81,7229.96,1733358.0
2022-01-07,7232.41,7262.81,7168.04,7175.68,2000180.0
2022-01-10,7161.44,7193.92,7122.09,7191.45,1657489.0
2022-01-11,7187.02,7206.92,7118.84,7135.22,1694946.0
2022-01-12,7160.18,7196.93,7148.63,7196.93,1560515.0
2022-01-13,7203.24,7203.24,7096.33,7097.76,1691490.0
2022-01-14,7063.42,7125.09,7052.63,7081.14,1755912.0
2022-01-17,7080.62,7169.34,7078.66,7157.86,1617797.0
2022-01-18,7163.13,7191.0,7133.2,7163.16,1792354.0
2022-01-19,7144.48,7182.06,7078.36,7118.76,1631784.0
2022-01-20,7119.51,7135.78,7040.01,7056.79,1686663.0
2022-01-21,7037.94,7040.43,6965.33,6976.62,1446798.0
2022-01-24,6942.92,7006.7,6925.77,6979.25,1226796.0
2022-01-25,6960.0,6979.48,6743.96,6743.96,1503372.0
2022-01-26,6762.35,6799.81,6721.9,6782.58,1206153.0
2022-01-27,6781.61,6785.73,6605.92,6605.92,1252438.0
2022-01-28,6690.18,6690.18,6510.18,6580.53,1270888.0
2022-02-07,6664.57,6702.33,6656.13,6676.61,1450926.0
2022-02-08,6678.99,6742.4,6599.37,6742.19,1595986.0
2022-02-09,6736.75,6848.69,6725.8,6843.03,1628227.0
2022-02-10,6841.16,6864.69,6797.01,6840.49,1549166.0
2022-02-11,6811.78,6840.72,6735.89,6745.02,1598014.0
2022-02-14,6711.59,6765.52,6667.49,6695.7,1370825.0
2022-02-15,6700.82,6762.86,6686.95,6760.28,1128058.0
2022-02-16,6779.21,6788.36,6751.8,6772.03,1084140.0
2022-02-17,6764.33,6797.62,6730.18,6768.79,1229851.0
2022-02-18,6734.52,6835.2,6727.82,6835.02,1399526.0
2022-02-21,6843.08,6871.99,6822.88,6867.11,1451463.0
2022-02-22,6827.05,6827.05,6743.85,6784.76,1486099.0
2022-02-23,6785.1,6889.7,6785.1,6887.42,1441166.0
2022-02-24,6861.41,6898.41,6688.75,6764.88,2108498.0
2022-02-25,6805.64,6895.04,6801.33,6819.43,1564291.0
2022-02-28,6831.49,6853.34,6770.05,6853.31,1396014.0
2022-03-01,6868.62,6889.33,6837.25,6874.04,1377172.0
2022-03-02,6853.07,6878.35,6828.06,6875.24,1371150.0
2022-03-03,6900.98,6907.41,6843.99,6859.55,1890918.0
2022-03-04,6823.83,6871.09,6779.41,6803.83,1774119.0
2022-03-07,6800.77,6800.82,6628.48,6659.39,1664846.0
2022-03-08,6650.58,6665.95,6416.8,6429.89,1862961.0
2022-03-09,6443.2,6462.48,6066.76,6305.61,1978027.0
2022-03-10,6424.91,6475.14,6390.73,6414.94,1531524.0
2022-03-11,6343.19,6479.72,6270.02,6474.13,1521145.0
2022-03-14,6419.24,6490.61,6323.58,6323.58,1379540.0
2022-03-15,6272.44,6278.07,5964.98,5964.98,1947137.0
2022-03-16,6068.9,6173.79,5824.33,6156.27,1788268.0
2022-03-17,6233.64,6369.89,6225.98,6267.52,1704385.0
2022-03-18,6249.48,6338.22,6231.73,6332.22,1526202.0
2022-03-21,6340.56,6389.21,6284.85,6358.94,1596537.0
2022-03-22,6343.4,6404.83,6313.27,6358.11,1511079.0
2022-03-23,6368.31,6420.16,6353.34,6398.1,1431794.0
2022-03-24,6370.97,6384.4,6315.14,6344.12,1377491.0
2022-03-25,6346.71,6373.47,6268.24,6268.24,1349723.0
2022-03-28,6230.12,6322.13,6176.25,6283.28,1448579.0
2022-03-29,6289.48,6316.31,6233.28,6253.07,1413621.0
2022-03-30,6272.0,6377.87,6261.8,6377.87,1640146.0
2022-03-31,6361.1,6383.07,6313.97,6324.96,1769039.0
2022-04-01,6289.39,6373.26,6274.0,6364.52,1751286.0
2022-04-06,6363.0,6363.0,6279.07,6356.93,1968536.0
2022-04-07,6321.81,6364.63,6221.59,6221.59,1907622.0
2022-04-08,6227.2,6237.91,6117.01,6224.12,1839549.0
2022-04-11,6202.02,6202.02,6001.57,6029.89,1783848.0
2022-04-12,6019.67,6135.57,5964.39,6126.91,1731802.0
2022-04-13,6094.68,6129.66,6039.92,6044.33,1670431.0
2022-04-14,6074.13,6156.5,6060.68,6126.49,1590331.0
2022-04-15,6094.12,6122.29,6048.16,6070.75,1846270.0
2022-04-18,6019.53,6094.67,5975.45,6074.01,1491864.0
2022-04-19,6067.48,6106.93,6052.1,6092.4,1419975.0
2022-04-20,6082.81,6093.78,5942.0,5956.92,1510556.0
2022-04-21,5933.79,5971.19,5742.42,5759.8,1578545.0
2022-04-22,5728.19,5794.34,5667.34,5740.98,1399976.0
2022-04-25,5656.39,5656.39,5369.72,5369.72,1867535.0
2022-04-26,5374.25,5434.7,5225.21,5234.01,1712994.0
2022-04-27,5179.03,5440.07,5158.48,5437.04,1796934.0
2022-04-28,5398.9,5472.82,5339.61,5418.76,1550398.0
2022-04-29,5458.91,5630.93,5443.67,5627.9,1812895.0
2022-05-05,5612.5,5728.62,5606.94,5686.7,1686432.0
2022-05-06,5560.98,5629.65,5542.18,5563.77,1529933.0
2022-05-09,5552.48,5626.59,5537.98,5608.52,1315539.0
2022-05-10,5532.6,5698.51,5519.47,5690.09,1653296.0
2022-05-11,5697.43,5856.19,5696.7,5737.82,1851636.0
2022-05-12,5707.56,5779.32,5687.18,5743.1,1392162.0
2022-05-13,5765.32,5796.8,5731.86,5796.8,1365598.0
2022-05-16,5840.24,5855.72,5767.54,5791.08,1513873.0
2022-05-17,5789.92,5816.34,5724.44,5816.34,1308294.0
2022-05-18,5815.61,5846.84,5785.45,5797.49,1272438.0
2022-05-19,5708.8,5838.41,5700.11,5838.41,1366237.0
2022-05-20,5854.01,5929.54,5849.76,5929.49,1657273.0
2022-05-23,5941.14,5968.85,5908.66,5965.73,1538760.0
2022-05-24,5962.15,5967.23,5745.68,5745.68,1775408.0
2022-05-25,5741.23,5844.28,5736.14,5844.25,1435906.0
2022-05-26,5848.03,5928.71,5780.97,5911.56,1623504.0
2022-05-27,5921.33,5952.62,5854.61,5899.92,1434069.0
2022-05-30,5918.24,5943.0,5867.19,5942.83,1338526.0
2022-05-31,5940.37,6033.47,5902.28,6026.24,1559449.0
2022-06-01,6008.75,6042.37,5970.49,6023.64,1553658.0
2022-06-02,6000.62,6084.32,5987.64,6078.43,1595717.0
2022-06-06,6079.89,6194.43,6070.71,6187.44,1826800.0
2022-06-07,6186.58,6199.72,6136.04,6186.57,1773117.0
2022-06-08,6184.96,6227.33,6110.06,6217.83,1864289.0
2022-06-09,6207.73,6209.11,6088.46,6130.69,1721298.0
2022-06-10,6083.5,6250.36,6078.78,6240.1,1925413.0
2022-06-13,6188.77,6250.68,6172.91,6233.62,1881324.0
2022-06-14,6161.62,6278.97,6061.19,6275.57,1974032.0
2022-06-15,6275.37,6398.36,6261.04,6261.06,2381408.0
2022-06-16,6262.29,6330.35,6242.33,6264.82,1946151.0
2022-06-17,6220.58,6328.36,6181.85,6316.31,1678591.0
2022-06-20,6323.41,6359.0,6277.22,6330.39,1752071.0
2022-06-21,6324.84,6337.08,6215.29,6277.0,1644616.0
2022-06-22,6281.87,6285.65,6176.85,6179.57,1540943.0
2022-06-23,6186.99,6300.47,6142.94,6300.47,1682660.0
2022-06-24,6306.83,6378.5,6304.08,6368.28,1577127.0
2022-06-27,6398.36,6449.34,6390.28,6407.74,1689182.0
2022-06-28,6412.44,6506.67,6392.11,6501.35,1705827.0
2022-06-29,6479.17,6501.39,6370.02,6374.3,1907283.0
2022-06-30,6385.21,6493.09,6385.21,6454.08,1638468.0
2022-07-01,6450.75,6481.15,6423.86,6438.54,1442046.0
2022-07-04,6445.07,6524.3,6405.38,6523.13,1578200.0
2022-07-05,6535.45,6548.3,6435.74,6511.53,1866255.0
2022-07-06,6489.02,6496.97,6359.47,6418.55,1771045.0
2022-07-07,6414.41,6482.42,6380.17,6452.99,1573511.0
2022-07-08,6478.29,6490.15,6404.16,6404.44,1509867.0
2022-07-11,6387.45,6387.45,6274.74,6319.14,1519937.0
2022-07-12,6317.88,6346.51,6238.56,6241.48,1445131.0
2022-07-13,6238.68,6287.64,6207.72,6268.49,1427107.0
2022-07-14,6267.47,6339.42,6254.68,6302.43,1403541.0
2022-07-15,6279.68,6323.53,6196.8,6196.8,1583868.0
2022-07-18,6216.1,6315.66,6200.52,6312.36,1591446.0
2022-07-19,6318.84,6347.24,6283.4,6335.71,1463848.0
2022-07-20,6353.0,6416.87,6351.82,6410.71,1429326.0
2022-07-21,6400.07,6408.46,6347.6,6347.6,1482102.0
2022-07-22,6353.92,6371.32,6236.34,6289.53,1306207.0
2022-07-25,6297.1,6319.18,6213.47,6231.24,1294580.0
2022-07-26,6239.21,6319.25,6213.84,6307.96,1172765.0
2022-07-27,6301.61,6344.21,6286.35,6332.23,1204351.0
2022-07-28,6361.27,6393.73,6339.55,6348.17,1384734.0
2022-07-29,6356.52,6365.26,6285.72,6294.11,1379258.0
2022-08-01,6293.38,6350.04,6253.06,6347.22,1286790.0
2022-08-02,6288.61,6288.61,6095.06,6170.0,1829025.0
2022-08-03,6171.62,6261.91,6111.22,6124.31,1472134.0
2022-08-04,6160.49,6177.62,6080.1,6158.73,1136464.0
2022-08-05,6175.48,6274.27,6163.51,6270.51,1242844.0
2022-08-08,6266.57,6324.34,6249.62,6323.07,1161329.0
2022-08-09,6314.1,6344.84,6290.87,6341.48,1169667.0
2022-08-10,6331.41,6362.29,6298.86,6322.06,1188999.0
2022-08-11,6349.5,6439.36,6341.72,6439.36,1420383.0
2022-08-12,6425.11,6463.07,6416.29,6420.85,1403999.0
2022-08-15,6405.72,6462.54,6394.22,6442.81,1336275.0
2022-08-16,6446.76,6492.54,6440.38,6465.19,1358415.0
2022-08-17,6473.25,6501.36,6428.97,6493.5,1462203.0
2022-08-18,6481.37,6483.69,6448.75,6468.81,1304518.0
2022-08-19,6468.82,6477.31,6390.93,6391.72,1425909.0
2022-08-22,6381.34,6472.79,6363.22,6472.68,1337355.0
2022-08-23,6460.17,6475.82,6436.08,6466.4,1336764.0
2022-08-24,6470.69,6472.68,6277.99,6284.58,1581039.0
2022-08-25,6303.14,6327.09,6225.68,6322.7,1419464.0
2022-08-26,6331.08,6381.48,6286.52,6298.37,1304058.0
2022-08-29,6213.4,6310.99,6205.13,6310.4,1252688.0
2022-08-30,6309.58,6319.17,6248.14,6285.93,1321092.0
2022-08-31,6265.59,6280.19,6132.23,6155.75,1472754.0
2022-09-01,6153.29,6207.24,6118.58,6126.77,1185751.0
2022-09-02,6135.3,6176.17,6117.73,6149.43,1065644.0
2022-09-05,6147.71,6184.8,6122.62,6182.65,1174792.0
2022-09-06,6198.49,6292.53,6187.95,6291.57,1298460.0
2022-09-07,6269.99,6314.12,6256.61,6301.56,1201603.0
2022-09-08,6299.91,6309.9,6266.52,6272.58,1161643.0
2022-09-09,6275.9,6321.82,6254.26,6316.97,1213892.0
2022-09-13,6334.86,6343.77,6291.44,6300.42,1181063.0
2022-09-14,6214.91,6273.63,6206.92,6249.96,1091212.0
2022-09-15,6280.45,6282.69,6053.8,6107.8,1416435.0
2022-09-16,6091.42,6102.54,5954.5,5954.5,1371721.0
2022-09-19,5947.86,5967.65,5880.49,5913.15,1040254.0
2022-09-20,5949.34,6002.79,5940.58,5958.29,888130.0
2022-09-21,5943.09,5998.7,5876.52,5978.58,1034636.0
2022-09-22,5938.1,6015.12,5931.73,5965.89,998676.0
2022-09-23,5961.06,5986.82,5839.93,5889.6,1006094.0
2022-09-26,5841.58,5922.32,5798.28,5806.32,1032444.0
2022-09-27,5823.55,5920.05,5808.25,5920.05,974180.0
2022-09-28,5910.05,5910.05,5769.52,5769.52,936949.0
2022-09-29,5823.27,5856.16,5741.02,5771.88,953858.0
2022-09-30,5764.15,5804.2,5714.06,5714.06,855452.0
2022-10-10,5729.75,5758.04,5618.8,5635.71,974693.0
2022-10-11,5642.48,5703.27,5606.99,5684.51,865715.0
2022-10-12,5680.36,5820.45,5594.3,5820.45,1061018.0
2022-10-13,5789.66,5876.48,5780.18,5830.34,1057223.0
2022-10-14,5866.86,5996.04,5866.86,5973.44,1182122.0
2022-10-17,5952.38,6023.53,5945.43,6015.6,1114619.0
2022-10-18,6031.05,6074.37,5996.39,6035.67,1057502.0
2022-10-19,6021.8,6037.44,5970.44,5972.72,938811.0
2022-10-20,5943.48,6035.55,5886.4,5948.86,1033882.0
2022-10-21,5959.21,5993.88,5928.92,5956.88,968263.0
2022-10-24,5968.54,6061.21,5857.86,5896.9,1195011.0
2022-10-25,5864.02,5926.57,5785.41,5869.78,1070459.0
2022-10-26,5871.08,6016.92,5871.08,5971.6,1165301.0
2022-10-27,5978.28,6020.89,5962.97,5963.0,1170882.0
2022-10-28,5922.82,5934.8,5760.05,5781.8,1316763.0
2022-10-31,5745.08,5859.6,5743.56,5807.11,1270161.0
2022-11-01,5814.21,5942.14,5786.87,5941.15,1366168.0
2022-11-02,5925.65,6028.77,5916.06,5997.8,1423303.0
2022-11-03,5944.51,6018.42,5937.61,5996.72,1063869.0
2022-11-04,5996.31,6157.43,5996.31,6133.46,1387071.0
2022-11-07,6133.24,6166.19,6100.61,6141.41,1380924.0
2022-11-08,6139.89,6141.02,6095.44,6134.26,1082675.0
2022-11-09,6140.54,6182.34,6118.73,6120.83,1047623.0
2022-11-10,6085.28,6119.03,6061.81,6089.7,1164019.0
2022-11-11,6223.23,6249.35,6134.68,6138.62,1764921.0
2022-11-14,6140.19,6189.38,6104.93,6129.51,1594867.0
2022-11-15,6125.11,6236.38,6112.62,6236.38,1498610.0
2022-11-16,6238.58,6263.16,6190.01,6203.92,1297704.0
2022-11-17,6182.69,6217.21,6148.61,6217.21,1234302.0
2022-11-18,6213.09,6251.11,6181.55,6191.65,1311811.0
2022-11-21,6147.72,6196.65,6116.3,6189.71,1128544.0
2022-11-22,6178.16,6196.2,6100.11,6125.4,1160860.0
2022-11-23,6114.27,6140.11,6045.02,6115.6,1151935.0
2022-11-24,6126.6,6149.96,6099.75,6120.07,1002007.0
2022-11-25,6095.13,6107.07,6062.0,6087.86,1077423.0
2022-11-28,5999.85,6059.02,5970.09,6055.28,1179401.0
2022-11-29,6071.45,6173.85,6071.22,6163.82,1553245.0
2022-11-30,6156.77,6175.68,6118.9,6156.15,1546480.0
2022-12-01,6211.29,6229.83,6186.1,6186.1,1525233.0
2022-12-02,6177.92,6206.99,6154.21,6168.01,1155010.0
2022-12-05,6201.98,6227.21,6182.98,6215.12,1704772.0
2022-12-06,6202.52,6244.64,6185.49,6211.25,1493728.0
2022-12-07,6198.05,6243.9,6183.33,6204.01,1378212.0
2022-12-08,6199.16,6206.14,6168.78,6186.28,1310513.0
2022-12-09,6185.79,6213.52,6159.5,6192.3,1678068.0
2022-12-12,6181.24,6182.08,6146.25,6154.81,1340983.0
2022-12-13,6153.74,6154.3,6113.41,6121.66,1048575.0
2022-12-14,6122.43,6139.74,6084.08,6096.39,950899.0
2022-12-15,6090.12,6108.96,6078.0,6101.88,881905.0
2022-12-16,6071.96,6087.46,6036.05,6072.86,939107.0
2022-12-19,6058.89,6081.44,5911.88,5936.48,1051062.0
2022-12-20,5919.03,5920.99,5857.86,5878.03,786233.0
2022-12-21,5879.27,5892.91,5819.67,5845.84,697834.0
2022-12-22,5867.72,5875.47,5761.98,5779.06,822319.0
2022-12-23,5751.95,5805.51,5732.47,5763.35,665569.0
2022-12-26,5769.07,5850.91,5769.07,5843.26,754241.0
2022-12-27,5857.75,5891.35,5832.27,5885.66,817804.0
2022-12-28,5869.46,5889.32,5848.24,5862.1,900989.0
2022-12-29,5843.94,5895.98,5835.33,5857.4,795108.0
2022-12-30,5875.28,5885.89,5848.95,5864.47,753450.0
2023-01-03,5861.55,5964.82,5848.15,5955.9,995578.0
2023-01-04,5952.51,5970.58,5922.86,5952.45,971604.0
2023-01-05,5959.44,6017.34,5950.09,6010.46,966300.0
2023-01-06,6004.17,6050.89,5998.83,6012.82,992449.0
2023-01-09,6028.4,6070.16,6023.64,6040.02,1006968.0
2023-01-10,6044.64,6053.58,6017.15,6048.3,963934.0
2023-01-11,6049.04,6070.45,6004.22,6014.16,944064.0
2023-01-12,6022.56,6048.19,5995.91,6015.29,929001.0
2023-01-13,6030.93,6058.22,6015.22,6057.69,900250.0
2023-01-16,6068.91,6168.74,6068.14,6126.18,1296197.0
2023-01-17,6129.73,6138.17,6107.76,6132.64,959217.0
2023-01-18,6139.69,6168.37,6136.97,6151.46,945558.0
2023-01-19,6145.62,6204.33,6130.42,6204.33,997778.0
2023-01-20,6214.03,6253.27,6214.03,6251.43,1139045.0
2023-01-30,6331.88,6342.45,6279.45,6283.33,1465179.0
2023-01-31,6266.3,6303.91,6259.53,6289.15,1353021.0
2023-02-01,6300.5,6368.79,6293.49,6365.91,1524422.0
2023-02-02,6383.3,6402.26,6347.73,6370.14,1492928.0
2023-02-03,6354.71,6354.71,6267.44,6343.69,1215072.0
2023-02-06,6314.6,6330.79,6274.54,6302.33,1084853.0
2023-02-07,6309.22,6318.84,6273.6,6317.24,1096627.0
2023-02-08,6319.52,6323.85,6263.76,6268.28,1059949.0
2023-02-09,6256.31,6354.8,6250.45,6354.56,1090311.0
2023-02-10,6349.0,6368.49,6296.55,6334.25,1201008.0
2023-02-13,6333.22,6386.72,6331.37,6383.83,1315662.0
2023-02-14,6394.62,6408.55,6369.57,6397.21,1246744.0
2023-02-15,6398.87,6407.75,6365.31,6384.35,1159070.0
2023-02-16,6384.21,6429.05,6244.48,6289.48,1683884.0
2023-02-17,6284.92,6308.57,6237.41,6237.41,1172110.0
2023-02-20,6248.26,6349.41,6227.35,6346.07,1403341.0
2023-02-21,6349.91,6396.74,6337.6,6383.42,1418247.0
2023-02-22,6352.03,6397.15,6344.99,6375.07,1090830.0
2023-02-23,6377.29,6396.66,6328.64,6360.32,1160647.0
2023-02-24,6367.63,6372.49,6308.22,6340.84,969573.0
2023-02-27,6318.64,6349.09,6288.3,6307.21,1010827.0
2023-02-28,6323.84,6357.54,6293.18,6357.54,966032.0
2023-03-01,6356.5,6410.52,6340.0,6402.14,1239076.0
2023-03-02,6398.26,6410.23,6375.01,6382.23,1253493.0
2023-03-03,6384.06,6398.47,6346.96,6390.32,1232348.0
2023-03-06,6398.1,6405.82,6362.47,6395.22,1268456.0
2023-03-07,6389.81,6396.54,6284.22,6284.3,1379289.0
2023-03-08,6264.43,6303.71,6258.32,6301.52,986984.0
2023-03-09,6311.04,6311.34,6258.45,6285.95,926889.0
2023-03-10,6251.56,6261.33,6202.61,6204.9,1080523.0
2023-03-13,6189.98,6245.0,6178.67,6245.0,1080066.0
2023-03-14,6237.73,6243.42,6127.69,6189.4,1212001.0
2023-03-15,6210.93,6254.49,6210.93,6224.64,1129485.0
2023-03-16,6191.3,6209.97,6133.83,6140.83,1276327.0
2023-03-17,6174.19,6233.75,6169.84,6183.18,1371083.0
2023-03-20,6195.35,6201.97,6152.81,6160.35,1455809.0
2023-03-21,6171.89,6235.01,6171.28,6234.68,1230253.0
2023-03-22,6244.36,6271.52,6242.16,6269.74,1282664.0
2023-03-23,6253.58,6305.76,6245.98,6305.76,1291796.0
2023-03-24,6312.43,6315.68,6279.54,6310.1,1410210.0
2023-03-27,6304.48,6320.66,6265.01,6311.6,1446649.0
2023-03-28,6314.58,6331.56,6272.72,6279.92,1391561.0
2023-03-29,6285.95,6294.3,6239.94,6260.55,1315483.0
2023-03-30,6257.64,6287.44,6213.97,6286.18,1232186.0
2023-03-31,6284.85,6343.23,6282.14,6339.82,1294898.0
2023-04-03,6346.69,6419.87,6346.69,6413.81,1639210.0
2023-04-04,6414.82,6423.31,6377.53,6408.9,1574918.0
2023-04-06,6387.23,6428.72,6382.03,6416.85,1440644.0
2023-04-07,6418.26,6470.09,6416.68,6464.47,1279646.0
2023-04-10,6474.94,6476.22,6395.37,6410.52,1451342.0
2023-04-11,6405.63,6421.49,6381.06,6420.88,1423991.0
2023-04-12,6415.7,6450.35,6407.2,6443.44,1494480.0
2023-04-13,6438.16,6451.79,6396.02,6404.65,1561996.0
2023-04-14,6420.31,6444.89,6390.92,6431.07,1453007.0
2023-04-17,6422.87,6459.24,6421.39,6459.24,1688231.0
2023-04-18,6448.76,6462.25,6422.05,6449.85,1434713.0
2023-04-19,6444.87,6456.15,6404.99,6416.97,1486998.0
2023-04-20,6408.81,6413.08,6376.35,6411.76,1505013.0
2023-04-21,6411.51,6411.51,6250.54,6250.54,1623133.0
2023-04-24,6250.96,6260.54,6184.71,6208.78,1476948.0
2023-04-25,6205.62,6208.4,6042.64,6118.15,1624593.0
2023-04-26,6095.13,6178.17,6093.2,6142.15,1521664.0
2023-04-27,6127.64,6190.25,6121.61,6157.94,1431361.0
2023-04-28,6151.64,6245.55,6151.64,6241.24,1678765.0
2023-05-04,6223.23,6264.52,6218.78,6262.39,2024880.0
2023-05-05,6255.7,6256.23,6172.69,6200.58,1782610.0
2023-05-08,6202.68,6259.69,6200.15,6248.58,2027183.0
2023-05-09,6242.66,6274.9,6177.65,6181.98,2243895.0
2023-05-10,6167.13,6199.16,6137.15,6173.81,1754537.0
2023-05-11,6185.67,6190.39,6151.07,6154.47,1460649.0
2023-05-12,6138.94,6173.91,6088.22,6091.65,1404107.0
2023-05-15,6094.68,6159.39,6036.81,6159.39,1498436.0
2023-05-16,6159.17,6159.17,6095.69,6110.83,1218411.0
2023-05-17,6097.98,6137.02,6090.88,6122.05,1072663.0
2023-05-18,6132.52,6153.99,6101.24,6128.18,1229421.0
2023-05-19,6116.84,6149.14,6085.04,6117.08,1193049.0
2023-05-22,6111.84,6136.86,6086.23,6115.32,1127157.0
2023-05-23,6114.21,6117.36,6052.43,6052.43,1111042.0
2023-05-24,6032.69,6058.39,5988.03,6005.79,1072234.0
2023-05-25,6000.22,6028.64,5926.2,5988.19,1099228.0
2023-05-26,5983.14,6045.13,5953.88,6034.98,1063816.0
2023-05-29,6046.54,6058.92,6012.4,6025.16,1251394.0
2023-05-30,6008.46,6061.31,5960.34,6061.31,1273120.0
2023-05-31,6044.02,6063.19,6009.25,6047.8,1174761.0
2023-06-01,6028.8,6094.24,6008.27,6051.46,1262503.0
2023-06-02,6061.91,6115.07,6061.91,6105.22,1223067.0
2023-06-05,6102.13,6107.12,6075.59,6097.11,1157480.0
2023-06-06,6088.66,6089.07,5969.29,5983.42,1230454.0
2023-06-07,5982.31,6010.03,5969.16,5987.01,935979.0
2023-06-08,5971.72,5992.97,5922.39,5966.15,1089816.0
2023-06-09,5968.7,6017.28,5960.11,6009.58,1275534.0
2023-06-12,5999.62,6045.66,5987.27,6027.71,1136125.0
2023-06-13,6016.69,6047.06,6014.06,6044.04,986803.0
2023-06-14,6046.44,6064.29,6034.47,6044.08,1096890.0
2023-06-15,6049.47,6100.23,6046.16,6096.81,1184177.0
2023-06-16,6094.84,6154.93,6091.18,6148.01,1153496.0
2023-06-19,6148.85,6148.85,6126.39,6131.38,1137872.0
2023-06-20,6122.74,6144.01,6100.14,6126.11,1066308.0
2023-06-21,6104.25,6104.25,5990.79,5990.85,1064478.0
2023-06-26,5947.57,5970.61,5875.94,5887.03,1110818.0
2023-06-27,5897.69,5956.18,5884.95,5948.0,930392.0
2023-06-28,5945.64,5951.13,5857.13,5942.31,939443.0
2023-06-29,5928.71,5964.86,5924.28,5940.58,883769.0
2023-06-30,5931.87,6016.45,5927.94,5998.73,945047.0
2023-07-03,6009.27,6056.16,5997.85,6042.31,1130759.0
2023-07-04,6042.72,6059.57,6027.29,6055.26,1055838.0
2023-07-05,6050.35,6059.38,6011.87,6020.82,1041290.0
2023-07-06,6010.66,6042.29,5983.48,5988.55,939650.0
2023-07-07,5973.98,5994.28,5936.23,5961.61,941183.0
2023-07-10,5980.61,6003.4,5958.73,5984.28,851686.0
2023-07-11,5991.02,6029.23,5972.14,6029.23,845319.0
2023-07-12,6030.64,6033.58,5960.43,5962.79,966922.0
2023-07-13,5986.25,6049.06,5986.25,6044.06,996564.0
2023-07-14,6052.95,6055.53,6026.33,6030.52,949632.0
2023-07-17,6012.76,6018.07,5985.44,6012.69,884202.0
2023-07-18,6015.98,6027.61,5984.06,6001.8,877199.0
2023-07-19,5998.38,6017.45,5962.99,5993.41,777910.0
2023-07-20,5996.84,6009.43,5920.15,5925.48,911954.0
2023-07-21,5914.35,5961.05,5904.79,5925.63,819753.0
2023-07-24,5913.57,5954.24,5896.45,5916.71,759280.0
2023-07-25,5976.97,6016.75,5971.73,6016.63,1318964.0
2023-07-26,6014.76,6015.58,5984.39,6001.54,1218252.0
2023-07-27,5998.85,6017.67,5952.89,5961.18,1230008.0
2023-07-28,5945.91,6049.76,5932.06,6043.24,1631719.0
2023-07-31,6059.11,6133.72,6059.11,6088.24,1865511.0
2023-08-01,6086.9,6113.98,6077.11,6098.88,1875886.0
2023-08-02,6088.14,6111.24,6059.87,6077.46,1471545.0
2023-08-03,6062.64,6101.81,6047.68,6098.69,1464790.0
2023-08-04,6126.15,6164.16,6105.64,6128.56,1969435.0
2023-08-07,6115.84,6117.92,6072.54,6090.73,1453191.0
2023-08-08,6077.3,6088.1,6044.24,6066.1,1215457.0
2023-08-09,6049.45,6062.02,6012.25,6021.75,988092.0
2023-08-10,6013.35,6040.46,5999.56,6031.71,998426.0
2023-08-11,6030.05,6030.05,5913.35,5913.35,1130720.0
2023-08-14,5864.48,5919.8,5833.46,5916.8,1036757.0
2023-08-15,5919.77,5926.42,5830.97,5879.78,924174.0
2023-08-16,5858.6,5891.81,5833.22,5833.22,1049504.0
2023-08-17,5808.91,5882.15,5778.53,5874.36,1135764.0
2023-08-18,5875.11,5891.4,5777.8,5777.8,1029318.0
2023-08-21,5764.67,5802.51,5710.78,5710.78,928357.0
2023-08-22,5733.25,5754.57,5646.51,5741.06,1061752.0
2023-08-23,5732.39,5732.39,5629.5,5629.5,941867.0
2023-08-24,5650.36,5701.32,5619.33,5652.67,1080868.0
2023-08-25,5624.77,5648.62,5560.22,5581.21,1062416.0
2023-08-28,5885.88,5887.51,5631.69,5644.14,1857456.0
2023-08-29,5631.01,5789.96,5626.52,5770.32,1608519.0
2023-08-30,5780.28,5817.73,5753.22,5775.15,1360044.0
2023-08-31,5770.95,5777.42,5728.47,5739.4,1163351.0
2023-09-01,5746.41,5775.18,5732.97,5750.8,1041791.0
2023-09-04,5772.03,5829.78,5758.03,5829.78,1356489.0
2023-09-05,5819.97,5822.06,5779.37,5788.71,1065177.0
2023-09-06,5771.85,5800.96,5748.65,5790.38,904805.0
2023-09-07,5782.07,5782.07,5701.8,5702.7,929205.0
2023-09-08,5684.66,5732.37,5683.4,5708.62,795200.0
2023-09-11,5723.02,5802.21,5704.7,5774.73,1128371.0
2023-09-12,5774.47,5793.83,5763.3,5770.93,860412.0
2023-09-13,5764.82,5770.41,5681.5,5715.4,914725.0
2023-09-14,5714.67,5721.21,5679.2,5702.1,902478.0
2023-09-15,5716.29,5741.07,5680.9,5704.66,983760.0
2023-09-18,5685.85,5734.19,5665.58,5719.69,923057.0
2023-09-19,5713.49,5713.6,5670.42,5687.9,851121.0
2023-09-20,5677.92,5689.83,5651.01,5651.01,776342.0
2023-09-21,5638.44,5666.7,5609.21,5611.92,819315.0
2023-09-22,5606.83,5700.32,5603.81,5698.82,1041190.0
2023-09-25,5694.9,5699.15,5659.32,5666.66,933407.0
2023-09-26,5661.03,5682.28,5646.65,5646.65,743096.0
2023-09-27,5642.39,5701.51,5641.85,5674.35,810862.0
2023-09-28,5687.64,5704.62,5677.53,5690.77,794773.0
2023-10-09,5679.64,5680.95,5634.35,5658.08,900298.0
2023-10-10,5665.66,5678.46,5627.41,5630.37,877264.0
2023-10-11,5639.07,5674.25,5617.87,5629.79,906448.0
2023-10-12,5655.61,5677.82,5642.49,5671.64,1005030.0
2023-10-13,5645.44,5646.07,5616.85,5633.38,893917.0
2023-10-16,5633.3,5636.32,5559.42,5580.67,898676.0
2023-10-17,5585.14,5599.42,5556.57,5595.34,925167.0
2023-10-18,5586.02,5586.02,5519.46,5524.6,989536.0
2023-10-19,5496.76,5529.87,5463.65,5464.03,1080783.0
2023-10-20,5443.46,5473.21,5413.02,5423.67,949361.0
2023-10-23,5400.54,5400.79,5269.83,5290.33,1030831.0
2023-10-24,5311.67,5363.2,5290.5,5352.01,1147457.0
2023-10-25,5386.43,5423.01,5376.0,5376.0,1149212.0
2023-10-26,5351.16,5404.99,5337.49,5398.93,1024850.0
2023-10-27,5387.27,5514.31,5380.94,5492.03,1125428.0
2023-10-30,5484.62,5559.78,5483.16,5546.39,1230342.0
2023-10-31,5547.32,5554.19,5505.93,5528.24,1056794.0
2023-11-01,5534.89,5534.94,5496.83,5509.97,871858.0
2023-11-02,5514.52,5532.85,5457.75,5459.45,902026.0
2023-11-03,5462.14,5537.73,5462.14,5510.36,979906.0
2023-11-06,5549.29,5609.26,5549.29,5605.06,1392410.0
2023-11-07,5594.47,5631.1,5578.51,5611.1,1205793.0
2023-11-08,5602.97,5633.97,5577.39,5608.02,1229946.0
2023-11-09,5602.49,5638.08,5582.12,5592.06,1063628.0
2023-11-10,5577.34,5585.21,5550.82,5573.1,943240.0
2023-11-13,5589.06,5605.57,5565.09,5605.57,1021589.0
2023-11-14,5602.98,5639.19,5600.78,5630.55,1010731.0
2023-11-15,5677.55,5684.75,5649.72,5664.62,1130879.0
2023-11-16,5647.06,5652.4,5609.36,5609.36,946627.0
2023-11-17,5598.95,5632.39,5593.49,5631.42,894223.0
2023-11-20,5635.59,5669.38,5609.27,5659.77,1031051.0
2023-11-21,5669.17,5696.09,5634.27,5641.08,1148612.0
2023-11-22,5622.86,5639.0,5572.9,5572.9,1047184.0
2023-11-23,5566.73,5627.79,5548.97,5622.99,980424.0
2023-11-24,5619.32,5619.32,5556.71,5570.42,1012480.0
2023-11-27,5562.75,5579.72,5531.65,5566.51,982187.0
2023-11-28,5561.58,5594.72,5529.54,5591.5,893733.0
2023-11-29,5588.77,5593.37,5547.84,5553.33,895092.0
2023-11-30,5548.52,5560.33,5509.96,5545.05,878415.0
2023-12-01,5541.23,5576.73,5521.06,5566.87,933717.0
2023-12-04,5578.42,5590.84,5559.07,5559.07,993065.0
2023-12-05,5542.87,5542.87,5460.41,5460.41,912982.0
2023-12-06,5448.46,5513.09,5443.07,5481.82,883740.0
2023-12-07,5475.27,5501.48,5443.29,5481.14,890487.0
2023-12-08,5484.68,5522.06,5477.53,5497.99,1181238.0
2023-12-11,5473.65,5574.12,5429.44,5564.85,1186059.0
2023-12-12,5560.44,5576.01,5545.16,5566.18,842323.0
2023-12-13,5557.05,5558.06,5507.51,5507.51,759299.0
2023-12-14,5532.99,5557.37,5487.75,5489.33,741181.0
2023-12-15,5499.37,5516.22,5438.53,5449.79,801254.0
2023-12-18,5436.99,5448.08,5374.59,5385.27,780225.0
2023-12-19,5380.73,5406.96,5344.03,5379.87,703237.0
2023-12-20,5386.0,5388.46,5308.57,5309.29,753871.0
2023-12-21,5286.45,5352.5,5253.32,5338.76,815223.0
2023-12-22,5337.38,5366.23,5293.22,5311.69,903870.0
2023-12-25,5301.57,5339.66,5288.47,5315.37,659188.0
2023-12-26,5312.8,5313.92,5238.04,5258.28,675320.0
2023-12-27,5261.57,5293.8,5235.46,5285.53,753979.0
2023-12-28,5280.69,5400.24,5275.4,5382.8,1076992.0
2023-12-29,5376.98,5437.15,5374.69,5429.23,909318.0
2024-01-02,5431.48,5439.48,5409.46,5409.46,929647.0
2024-01-03,5398.29,5428.52,5373.83,5401.4,867052.0
2024-01-04,5395.14,5395.14,5331.89,5355.32,788466.0
2024-01-05,5347.07,5373.68,5260.59,5281.87,895389.0
2024-01-08,5268.23,5268.98,5167.7,5167.7,837852.0
2024-01-09,5176.11,5220.46,5153.0,5180.65,787404.0
2024-01-10,5167.73,5211.82,5118.43,5158.08,711739.0
2024-01-11,5152.36,5243.14,5146.9,5223.86,850413.0
2024-01-12,5213.14,5262.62,5206.16,5206.18,766198.0
2024-01-15,5189.53,5238.96,5171.24,5193.3,739251.0
2024-01-16,5188.37,5210.08,5124.08,5190.4,830704.0
2024-01-17,5180.93,5180.93,5061.54,5061.54,787418.0
2024-01-18,5033.1,5069.23,4924.68,5066.96,1187511.0
2024-01-19,5056.48,5084.29,5014.77,5018.43,784674.0
2024-01-22,5008.68,5008.77,4753.63,4780.97,1097085.0
2024-01-23,4771.5,4889.42,4727.88,4865.74,999447.0
2024-01-24,4886.2,4941.44,4766.8,4933.7,1140258.0
2024-01-25,4931.63,5074.49,4910.96,5073.18,1323078.0
2024-01-26,5055.29,5086.13,5009.97,5027.09,1170098.0
2024-01-29,5032.11,5050.11,4927.91,4927.91,1168767.0
2024-01-30,4898.36,4939.35,4810.1,4814.99,996758.0
2024-01-31,4786.81,4832.4,4690.94,4696.98,1210932.0
2024-02-01,4667.91,4771.05,4629.99,4678.73,1114719.0
2024-02-02,4686.1,4724.05,4435.56,4563.22,1375018.0
2024-02-05,4527.71,4598.06,4281.24,4460.26,1659583.0
2024-02-06,4411.3,4817.12,4405.31,4805.9,1730583.0
2024-02-07,4813.95,5110.8,4813.23,5109.57,2271989.0
2024-02-08,5131.8,5367.22,5129.78,5150.23,2136761.0
2024-02-19,5225.14,5225.14,5074.76,5141.6,1629499.0
2024-02-20,5107.57,5151.72,5072.88,5140.96,1216464.0
2024-02-21,5101.41,5252.88,5074.82,5139.04,1508725.0
2024-02-22,5133.55,5184.62,5117.68,5176.34,1166148.0
2024-02-23,5190.65,5197.71,5118.57,5197.71,1352650.0
2024-02-26,5194.74,5255.36,5162.95,5195.46,1440189.0
2024-02-27,5174.82,5307.8,5160.88,5307.8,1389718.0
2024-02-28,5311.43,5383.32,5184.05,5184.05,2025610.0
2024-02-29,5154.15,5349.77,5154.15,5346.79,1607902.0
2024-03-01,5350.86,5387.78,5321.56,5379.05,1422984.0
2024-03-04,5386.94,5400.12,5325.96,5388.82,1439285.0
2024-03-05,5358.22,5382.98,5329.97,5351.83,1408165.0
2024-03-06,5332.83,5405.49,5293.95,5350.1,1210996.0
2024-03-07,5354.33,5384.66,5277.3,5277.3,1398313.0
2024-03-08,5282.41,5361.71,5268.53,5349.6,1214680.0
2024-03-11,5342.18,5443.04,5339.26,5441.05,1429817.0
2024-03-12,5445.88,5473.29,5385.14,5423.72,1470725.0
2024-03-13,5430.04,5459.32,5389.53,5415.11,1297463.0
2024-03-14,5415.15,5447.54,5352.12,5392.93,1318874.0
2024-03-15,5380.02,5456.73,5357.18,5454.15,1364050.0
2024-03-18,5472.31,5528.45,5459.55,5528.45,1598626.0
2024-03-19,5514.55,5533.64,5477.12,5478.22,1467772.0
2024-03-20,5469.61,5499.24,5455.76,5493.41,1262733.0
2024-03-21,5505.7,5517.46,5454.23,5465.83,1294895.0
2024-03-22,5454.41,5463.54,5356.11,5384.57,1370960.0
2024-03-25,5369.78,5401.6,5292.64,5294.75,1307783.0
2024-03-26,5291.52,5318.88,5237.9,5284.42,1164681.0
2024-03-27,5280.73,5282.7,5156.68,5156.68,1101071.0
2024-03-28,5156.48,5276.64,5156.48,5223.81,1163182.0
2024-03-29,5220.55,5287.04,5211.19,5286.16,1090471.0
2024-04-01,5309.83,5401.78,5309.83,5401.22,1367349.0
2024-04-02,5395.48,5402.16,5353.31,5381.23,1321486.0
2024-04-03,5373.5,5386.34,5350.16,5374.6,1336281.0
2024-04-08,5358.96,5383.66,5297.56,5298.59,1485886.0
2024-04-09,5294.47,5342.9,5284.96,5342.9,1133007.0
2024-04-10,5335.73,5335.73,5242.86,5275.47,1179086.0
2024-04-11,5244.05,5353.81,5240.51,5301.81,1277451.0
2024-04-12,5307.72,5336.45,5270.46,5277.22,1185249.0
2024-04-15,5270.04,5376.05,5219.43,5339.72,1592176.0
2024-04-16,5309.1,5346.76,5184.65,5191.55,1625840.0
2024-04-17,5211.25,5339.75,5211.25,5339.75,1475946.0
2024-04-18,5317.8,5410.7,5299.23,5349.84,1534977.0
2024-04-19,5322.36,5369.95,5292.02,5314.87,1421342.0
2024-04-22,5289.41,5340.63,5264.19,5267.58,1352669.0
2024-04-23,5257.77,5280.06,5196.96,5208.27,1258011.0
2024-04-24,5210.18,5263.04,5183.7,5263.04,1172972.0
2024-04-25,5240.48,5297.16,5229.82,5259.34,1108339.0
2024-04-26,5258.38,5379.67,5258.38,5372.12,1737777.0
2024-04-29,5371.21,5488.28,5371.21,5478.49,1909361.0
2024-04-30,5471.17,5478.04,5436.58,5441.14,1627973.0
2024-05-06,5498.44,5535.95,5496.91,5528.6,1657916.0
2024-05-07,5532.32,5543.13,5507.5,5527.08,1365354.0
2024-05-08,5516.45,5516.45,5454.87,5458.76,1239556.0
2024-05-09,5461.36,5568.73,5461.36,5556.77,1311212.0
2024-05-10,5562.19,5570.57,5497.5,5535.4,1286880.0
2024-05-13,5503.13,5527.2,5462.51,5505.26,1316276.0
2024-05-14,5508.47,5538.74,5484.96,5500.74,1189944.0
2024-05-15,5495.56,5497.08,5441.35,5446.66,1101250.0
2024-05-16,5461.11,5475.37,5408.13,5424.67,1221081.0
2024-05-17,5418.66,5493.2,5409.7,5491.89,1269162.0
2024-05-20,5496.79,5536.66,5484.36,5523.5,1449714.0
2024-05-21,5511.48,5513.42,5460.98,5478.91,1086912.0
2024-05-22,5472.01,5486.3,5455.08,5468.61,1130578.0
2024-05-23,5448.94,5448.94,5352.39,5362.31,1266576.0
2024-05-24,5348.51,5400.16,5311.49,5313.45,1065642.0
2024-05-27,5325.85,5373.11,5284.51,5371.37,1156432.0
2024-05-28,5363.33,5365.47,5310.32,5316.13,1109654.0
2024-05-29,5308.59,5361.74,5305.96,5328.31,1043613.0
2024-05-30,5316.4,5349.69,5296.49,5308.66,1073502.0
2024-05-31,5310.72,5357.02,5308.54,5308.54,1041511.0
2024-06-03,5300.79,5316.34,5232.69,5274.07,1269685.0
2024-06-04,5263.23,5352.28,5247.58,5341.95,1080831.0
2024-06-05,5328.87,5347.43,5277.94,5277.94,1057928.0
2024-06-06,5291.52,5305.88,5213.66,5228.8,1333682.0
2024-06-07,5247.15,5258.82,5172.05,5208.98,1135275.0
2024-06-11,5182.41,5232.85,5159.33,5217.47,1164371.0
2024-06-12,5209.13,5245.99,5205.57,5232.95,1030656.0
2024-06-13,5231.91,5233.8,5182.74,5194.59,1182328.0
2024-06-14,5180.29,5235.88,5163.38,5213.09,1339986.0
2024-06-17,5189.28,5223.59,5184.6,5207.13,1079707.0
2024-06-18,5207.98,5243.59,5204.97,5230.89,940909.0
2024-06-19,5235.48,5236.3,5168.82,5168.82,878496.0
2024-06-20,5162.16,5184.75,5092.29,5094.57,956090.0
2024-06-21,5079.92,5128.14,5071.65,5102.33,838389.0
2024-06-24,5072.8,5078.96,4986.77,4992.91,1001866.0
2024-06-25,4989.07,5007.34,4918.04,4948.63,916368.0
2024-06-26,4942.17,5024.77,4915.66,5020.43,933946.0
2024-06-27,4998.99,5000.18,4925.16,4928.05,885372.0
2024-06-28,4914.67,5003.41,4914.55,4942.78,1063083.0
2024-07-01,4943.79,5017.61,4929.09,5003.16,973128.0
2024-07-02,5000.58,5002.74,4934.12,4949.48,962093.0
2024-07-03,4945.4,4950.51,4905.39,4910.92,845283.0
2024-07-04,4917.44,4935.61,4827.34,4834.5,910085.0
2024-07-05,4828.86,4877.93,4794.13,4866.26,831333.0
2024-07-08,4857.02,4857.27,4768.56,4783.62,902545.0
2024-07-09,4775.31,4888.48,4745.32,4876.9,1114020.0
2024-07-10,4857.48,4891.37,4836.17,4844.16,1009532.0
2024-07-11,4902.81,4941.7,4871.17,4939.73,1152755.0
2024-07-12,4926.98,4937.35,4905.8,4919.36,971751.0
2024-07-15,4903.52,4903.52,4868.74,4883.9,868243.0
2024-07-16,4877.6,4907.83,4850.43,4898.36,872680.0
2024-07-17,4893.41,4900.36,4853.6,4856.58,969095.0
2024-07-18,4822.13,4879.69,4793.43,4877.69,966548.0
2024-07-19,4853.04,4900.38,4842.93,4872.05,932907.0
2024-07-22,4872.64,4885.36,4839.11,4865.98,927105.0
2024-07-23,4862.97,4862.97,4722.8,4722.8,1024037.0
2024-07-24,4712.29,4738.76,4661.83,4668.06,1126746.0
2024-07-25,4644.42,4710.46,4635.24,4665.45,886001.0
2024-07-26,4670.45,4744.45,4670.45,4736.38,864720.0
2024-07-29,4740.5,4742.15,4702.98,4708.84,811020.0
2024-07-30,4694.52,4712.04,4650.56,4699.28,833534.0
2024-07-31,4694.73,4887.92,4687.05,4886.41,1431809.0
2024-08-01,4893.87,4928.24,4834.65,4852.97,1132134.0
2024-08-02,4816.94,4874.71,4783.12,4788.62,985298.0
2024-08-05,4756.08,4846.54,4693.82,4693.85,1133381.0
2024-08-06,4740.45,4774.93,4699.18,4750.78,1077748.0
2024-08-07,4747.98,4783.42,4719.94,4751.94,969895.0
2024-08-08,4737.09,4791.66,4701.79,4755.81,1043093.0
2024-08-09,4778.26,4805.1,4720.31,4720.31,1088196.0
2024-08-12,4716.96,4737.19,4696.05,4714.16,891008.0
2024-08-13,4713.96,4731.84,4680.59,4731.84,813652.0
2024-08-14,4729.81,4730.24,4667.07,4667.07,745880.0
2024-08-15,4656.7,4746.41,4647.79,4698.38,909733.0
2024-08-16,4703.6,4708.02,4662.11,4670.38,873796.0
2024-08-19,4666.33,4729.87,4666.26,4682.96,871369.0
2024-08-20,4684.29,4686.36,4590.39,4602.01,918461.0
2024-08-21,4589.09,4610.87,4582.27,4587.12,835269.0
2024-08-22,4589.5,4595.05,4526.25,4533.37,858569.0
2024-08-23,4523.99,4549.3,4513.2,4537.09,757784.0
2024-08-26,4542.86,4558.59,4523.73,4544.36,871183.0
2024-08-27,4532.49,4532.49,4487.09,4495.29,825292.0
2024-08-28,4486.43,4527.77,4482.03,4500.01,826812.0
2024-08-29,4483.55,4577.79,4475.22,4557.9,1031156.0
2024-08-30,4557.5,4704.34,4548.38,4639.11,1515934.0
2024-09-02,4631.9,4632.31,4546.84,4546.88,1263685.0
2024-09-03,4543.22,4612.28,4543.22,4596.48,985897.0
2024-09-04,4567.69,4623.38,4552.3,4582.08,924357.0
2024-09-05,4585.17,4630.64,4582.05,4601.09,805837.0
2024-09-06,4609.34,4613.31,4535.35,4537.45,901476.0
2024-09-09,4517.57,4541.79,4487.84,4507.19,919446.0
2024-09-10,4509.32,4528.67,4432.91,4507.71,985295.0
2024-09-11,4490.19,4529.35,4479.03,4514.92,852068.0
2024-09-12,4518.99,4568.75,4496.59,4496.59,866543.0
2024-09-13,4500.39,4509.07,4450.96,4450.96,925338.0
2024-09-18,4450.09,4474.72,4397.16,4462.87,909897.0
2024-09-19,4481.46,4565.39,4437.54,4520.39,1156119.0
2024-09-20,4514.96,4515.81,4471.94,4498.39,943120.0
2024-09-23,4495.78,4545.54,4483.13,4494.69,899352.0
2024-09-24,4524.22,4690.57,4503.12,4689.6,1771447.0
2024-09-25,4743.63,4847.2,4724.43,4731.48,2045935.0
2024-09-26,4726.0,4938.18,4719.35,4938.18,2299303.0
2024-09-27,5027.26,5227.96,5021.51,5201.67,2301775.0
2024-09-30,5449.79,5757.92,5387.34,5743.22,3887032.0
2024-10-08,6417.81,6417.81,5868.85,6155.58,4935464.0
2024-10-09,6013.7,6088.08,5704.48,5735.64,4311564.0
2024-10-10,5768.61,5875.94,5597.48,5690.88,3534802.0
2024-10-11,5650.05,5652.85,5408.87,5470.81,2443834.0
2024-10-14,5503.65,5623.97,5408.39,5608.15,2506085.0
2024-10-15,5578.26,5661.07,5471.88,5472.56,2389970.0
2024-10-16,5393.67,5546.18,5393.67,5461.09,2054509.0
2024-10-17,5499.77,5541.03,5417.88,5418.99,2027687.0
2024-10-18,5416.03,5774.14,5404.2,5640.02,2871142.0
2024-10-21,5680.56,5797.88,5631.23,5704.23,2668852.0
2024-10-22,5703.32,5779.3,5673.79,5753.85,2370236.0
2024-10-23,5745.11,5853.46,5727.77,5776.38,2734126.0
2024-10-24,5747.56,5759.87,5694.78,5726.7,2076900.0
2024-10-25,5735.29,5855.26,5729.44,5809.69,2367257.0
2024-10-28,5816.33,5883.72,5787.48,5883.72,2706538.0
2024-10-29,5903.31,5917.21,5807.29,5812.53,2753711.0
2024-10-30,5793.83,5869.11,5777.43,5837.93,2520213.0
2024-10-31,5839.98,5935.18,5812.03,5901.29,3135492.0
2024-11-01,5893.32,5934.2,5795.08,5831.82,3698406.0
2024-11-04,5835.39,5928.91,5835.39,5928.91,2865523.0
2024-11-05,5925.87,6119.25,5910.89,6111.97,3663445.0
2024-11-06,6134.92,6204.53,6081.81,6125.79,4151877.0
2024-11-07,6061.73,6240.76,6049.59,6239.56,4184133.0
2024-11-08,6306.8,6333.68,6206.29,6222.45,3856483.0
2024-11-11,6211.03,6330.8,6199.06,6330.62,3340969.0
2024-11-12,6349.23,6382.98,6205.1,6263.88,3328569.0
2024-11-13,6234.16,6282.28,6162.9,6259.84,2604007.0
2024-11-14,6240.61,6240.61,6068.66,6078.31,2397431.0
2024-11-15,6055.54,6093.42,5924.35,5924.48,2362260.0
2024-11-18,5940.49,5977.49,5799.91,5833.04,2825272.0
2024-11-19,5836.61,5936.93,5776.2,5936.6,2414042.0
2024-11-20,5920.32,6015.23,5909.11,5992.39,2173452.0
2024-11-21,5973.15,6009.63,5937.81,5985.31,2061989.0
2024-11-22,5969.08,5983.34,5750.25,5750.25,2250667.0
2024-11-25,5754.55,5774.82,5662.09,5735.65,1860051.0
2024-11-26,5727.37,5773.36,5688.58,5690.48,1475629.0
2024-11-27,5669.55,5805.64,5604.0,5804.94,1753133.0
2024-11-28,5802.8,5826.49,5749.29,5757.6,1721835.0
2024-11-29,5748.17,5899.87,5736.41,5851.94,2042555.0
2024-12-02,5853.71,5956.6,5848.42,5943.62,2361813.0
2024-12-03,5946.74,5954.66,5877.8,5932.12,2098705.0
2024-12-04,5929.48,5940.85,5850.91,5879.27,2159916.0
2024-12-05,5855.74,5923.62,5853.53,5901.99,1985422.0
2024-12-06,5903.5,6011.77,5877.04,5979.2,2653295.0
2024-12-09,5983.33,6004.23,5911.36,5947.11,2844622.0
2024-12-10,6132.29,6141.07,5982.58,5992.09,3205278.0
2024-12-11,5973.33,6051.47,5972.27,6047.11,2538839.0
2024-12-12,6048.78,6107.71,6023.23,6100.39,2436537.0
2024-12-13,6065.95,6065.95,5988.29,5988.29,2863282.0
2024-12-16,5983.16,5991.58,5888.04,5912.6,2146474.0
2024-12-17,5896.97,5924.62,5837.25,5848.16,1931085.0
2024-12-18,5861.26,5921.98,5853.16,5888.62,1879963.0
2024-12-19,5829.26,5918.49,5816.47,5901.92,1965312.0
2024-12-20,5889.95,5962.42,5889.95,5917.18,1780904.0
2024-12-23,5917.69,5935.15,5815.34,5818.55,1773155.0
2024-12-24,5827.16,5897.19,5827.16,5895.26,1673658.0
2024-12-25,5896.43,5897.51,5796.65,5840.29,1572791.0
2024-12-26,5830.72,5897.48,5830.72,5887.06,1453194.0
2024-12-27,5892.69,5975.79,5881.72,5899.17,1790855.0
2024-12-30,5890.46,5928.57,5867.85,5898.88,1555656.0
2024-12-31,5902.03,5905.46,5725.73,5725.73,1821589.0
2025-01-02,5717.92,5722.11,5498.82,5545.82,1937632.0
2025-01-03,5552.75,5581.4,5419.74,5427.8,1740773.0
2025-01-06,5421.07,5482.63,5384.33,5427.1,1462657.0
2025-01-07,5429.17,5485.58,5405.13,5484.68,1450653.0
2025-01-08,5462.32,5501.66,5326.93,5461.59,1638499.0
2025-01-09,5437.81,5493.68,5436.7,5456.59,1298326.0
2025-01-10,5449.0,5496.38,5369.28,5369.28,1301796.0
2025-01-13,5319.7,5422.01,5319.27,5381.7,1196829.0
2025-01-14,5393.76,5582.84,5378.59,5572.27,1721429.0
2025-01-15,5559.58,5569.19,5509.58,5522.46,1383932.0
2025-01-16,5546.7,5633.85,5508.91,5545.63,1493181.0
2025-01-17,5524.21,5621.94,5519.41,5587.29,1266912.0
2025-01-20,5621.92,5665.18,5598.16,5614.33,1357125.0
2025-01-21,5639.6,5642.92,5573.5,5633.92,1264913.0
2025-01-22,5606.85,5618.58,5567.78,5607.06,1153750.0
2025-01-23,5659.37,5717.69,5584.25,5584.25,1634200.0
2025-01-24,5570.48,5660.43,5570.48,5649.95,1394381.0
2025-01-27,5660.48,5676.03,5589.34,5589.34,1365461.0
2025-02-05,5643.17,5646.04,5588.56,5614.39,1556741.0
2025-02-06,5606.87,5749.02,5597.32,5747.9,1814282.0
2025-02-07,5750.29,5889.43,5741.73,5833.99,2327189.0
2025-02-10,5858.24,5895.41,5836.17,5888.55,2093009.0
2025-02-11,5890.37,5890.37,5827.38,5858.28,1819205.0
2025-02-12,5841.36,5940.54,5841.32,5940.53,1954462.0
2025-02-13,5938.2,5957.58,5889.7,5898.26,2282818.0
2025-02-14,5893.93,5954.48,5886.95,5947.8,2119143.0
2025-02-17,5979.84,5985.36,5906.27,5948.72,2339017.0
2025-02-18,5935.5,5947.93,5816.05,5840.71,2149415.0
2025-02-19,5834.95,5945.35,5831.48,5943.88,2052983.0
2025-02-20,5941.6,5977.73,5920.57,5957.55,1982074.0
2025-02-21,5969.65,6061.82,5943.19,6057.06,2523171.0
2025-02-24,6057.38,6079.02,6007.18,6044.97,2438138.0
2025-02-25,5967.04,6044.76,5956.18,5979.97,2068340.0
2025-02-26,5990.29,6055.87,5973.86,6051.74,2108609.0
2025-02-27,6050.19,6064.49,5940.34,6028.99,2166529.0
2025-02-28,5997.92,6007.47,5847.15,5859.87,2052238.0
2025-03-03,5875.95,5964.27,5851.56,5885.77,1850246.0
2025-03-04,5845.47,5943.08,5843.46,5937.63,1539222.0
2025-03-05,5937.11,5955.9,5892.53,5950.7,1630715.0
2025-03-06,5980.38,6062.54,5972.6,6047.77,2130429.0
2025-03-07,6029.38,6067.35,5989.32,6013.77,2074371.0
2025-03-10,6022.68,6041.52,5971.81,6013.62,1730443.0
2025-03-11,5944.42,6044.97,5942.91,6044.97,1738556.0
2025-03-12,6068.38,6098.24,6038.82,6040.5,1847635.0
2025-03-13,6032.85,6050.18,5947.78,5993.97,1937107.0
2025-03-14,5993.97,6099.98,5978.53,6099.98,2192458.0
2025-03-17,6119.61,6129.85,6098.51,6108.02,1843173.0
2025-03-18,6126.04,6161.23,6114.21,6133.3,1660230.0
2025-03-19,6117.42,6128.23,6076.56,6101.44,1538938.0
2025-03-20,6094.84,6109.18,6055.38,6059.49,1471879.0
2025-03-21,6038.99,6071.08,5951.8,5971.93,1741038.0
2025-03-24,5973.05,5987.06,5882.88,5969.08,1691924.0
2025-03-25,5969.42,5993.93,5929.67,5946.95,1474839.0
2025-03-26,5935.85,5983.47,5935.85,5948.5,1367021.0
2025-03-27,5932.52,6000.66,5891.77,5957.6,1347089.0
2025-03-28,5954.73,5973.8,5904.92,5916.03,1342619.0
2025-03-31,5886.96,5908.3,5802.42,5857.77,1542561.0
2025-04-01,5870.94,5931.5,5867.85,5892.85,1364486.0
2025-04-02,5884.89,5936.65,5884.11,5899.09,1121600.0
2025-04-03,5842.62,5906.71,5817.97,5845.5,1349386.0
2025-04-07,5523.96,5587.85,5212.68,5287.03,2365227.0
2025-04-08,5279.76,5371.18,5249.23,5326.91,2238407.0
2025-04-09,5249.68,5465.14,5135.97,5439.77,2451180.0
2025-04-10,5534.56,5610.19,5513.95,5544.06,2119630.0
2025-04-11,5514.19,5631.6,5510.89,5581.32,1644117.0
2025-04-14,5633.78,5661.8,5608.73,5627.14,1554871.0
2025-04-15,5625.0,5626.68,5567.03,5602.53,1232737.0
2025-04-16,5589.78,5592.67,5492.65,5556.86,1325372.0
2025-04-17,5527.59,5604.62,5526.89,5557.01,1136524.0
2025-04-18,5546.97,5579.48,5525.4,5560.72,1116443.0
2025-04-21,5556.51,5646.22,5535.7,5642.38,1231119.0
2025-04-22,5634.89,5651.55,5617.88,5624.21,1246667.0
2025-04-23,5647.91,5670.26,5614.77,5634.95,1270078.0
2025-04-24,5633.02,5651.53,5583.43,5605.88,1226967.0
2025-04-25,5613.14,5661.59,5596.53,5627.18,1400008.0
2025-04-28,5624.42,5628.08,5587.79,5598.3,1362181.0
2025-04-29,5583.72,5622.02,5571.24,5604.91,1267429.0
2025-04-30,5604.65,5647.78,5603.17,5631.82,1383866.0
2025-05-06,5668.88,5740.33,5666.47,5740.33,1627736.0
2025-05-07,5805.66,5819.24,5713.27,5750.29,1710118.0
2025-05-08,5731.72,5783.79,5724.95,5773.81,1361403.0
2025-05-09,5770.44,5770.44,5705.17,5721.72,1239390.0
2025-05-12,5751.44,5794.52,5737.46,5793.67,1358244.0
2025-05-13,5838.03,5838.03,5772.07,5781.67,1382711.0
2025-05-14,5778.08,5835.49,5750.54,5799.12,1562800.0
2025-05-15,5786.78,5786.78,5715.29,5715.3,1351608.0
2025-05-16,5703.74,5735.01,5703.74,5715.85,1167091.0
2025-05-19,5719.44,5729.07,5669.72,5720.79,1153849.0
2025-05-20,5723.51,5759.46,5707.81,5747.37,1168966.0
2025-05-21,5741.69,5763.08,5733.83,5757.92,1158045.0
2025-05-22,5739.19,5757.79,5701.16,5703.28,1090577.0
2025-05-23,5697.14,5738.08,5653.04,5653.04,1143612.0
2025-05-26,5653.21,5693.63,5644.58,5669.46,971710.0
2025-05-27,5666.3,5667.87,5629.13,5652.15,951494.0
2025-05-28,5651.88,5660.47,5628.42,5637.24,949089.0
2025-05-29,5637.06,5724.52,5637.06,5719.91,1146825.0
2025-05-30,5704.77,5704.77,5665.52,5671.07,1099007.0
2025-06-03,5653.67,5710.42,5653.3,5694.84,1228539.0
2025-06-04,5696.57,5744.45,5696.57,5739.01,1161961.0
2025-06-05,5741.03,5778.1,5719.55,5769.97,1252236.0
2025-06-06,5768.4,5771.76,5750.66,5762.08,1082177.0
2025-06-09,5772.78,5823.9,5765.35,5805.65,1281886.0
2025-06-10,5809.83,5810.92,5715.97,5757.99,1382692.0
2025-06-11,5758.53,5818.57,5758.53,5792.95,1237167.0
2025-06-12,5780.97,5808.8,5766.52,5799.93,1256158.0
2025-06-13,5783.16,5794.67,5728.21,5740.24,1676134.0
2025-06-16,5725.0,5775.95,5725.0,5767.81,1282427.0
2025-06-17,5772.3,5776.63,5734.83,5750.91,1215266.0
2025-06-18,5740.16,5753.71,5709.8,5745.87,1127038.0
2025-06-19,5733.81,5750.46,5660.05,5676.83,1255311.0
2025-06-20,5669.09,5688.74,5636.78,5639.51,1017948.0
2025-06-23,5613.28,5684.4,5613.28,5674.17,1116018.0
2025-06-24,5683.46,5766.02,5683.46,5765.84,1420823.0
2025-06-25,5777.74,5866.52,5776.12,5862.55,1846323.0
2025-06-26,5868.29,5885.25,5835.34,5838.25,1801642.0
2025-06-27,5850.43,5905.7,5839.58,5863.73,1993897.0
2025-06-30,5877.67,5918.31,5872.23,5915.39,1662751.0
2025-07-01,5915.8,5936.92,5890.11,5934.67,1541924.0
2025-07-02,5922.54,5922.54,5873.89,5892.95,1625005.0
2025-07-03,5896.24,5929.73,5885.94,5922.66,1300700.0
2025-07-04,5917.75,5969.3,5889.73,5911.44,1649411.0
2025-07-07,5901.4,5910.8,5889.6,5900.41,1372074.0
2025-07-08,5903.1,5979.63,5903.1,5977.74,1686811.0
2025-07-09,5980.65,5992.13,5940.18,5953.49,1649144.0
2025-07-10,5950.97,6000.69,5942.29,5983.05,1762426.0
2025-07-11,5985.82,6057.62,5963.26,6027.08,2223631.0
2025-07-14,6033.18,6042.89,6011.69,6020.86,1892774.0
2025-07-15,6018.63,6049.79,5973.8,6018.76,1897362.0
2025-07-16,6019.58,6061.2,5997.16,6017.19,1486101.0
2025-07-17,6013.71,6082.46,6013.04,6082.46,1496927.0
2025-07-18,6092.23,6112.11,6073.64,6099.61,1531522.0
2025-07-21,6115.03,6162.44,6110.99,6161.31,2073505.0
2025-07-22,6166.62,6215.41,6152.81,6213.41,2462116.0
2025-07-23,6218.21,6256.15,6187.01,6196.76,2583779.0
2025-07-24,6197.85,6293.6,6197.85,6293.6,2683556.0
2025-07-25,6297.63,6311.17,6276.42,6299.59,2370553.0
2025-07-28,6305.22,6329.03,6271.93,6323.42,2144483.0
2025-07-29,6308.12,6356.15,6272.31,6356.13,2017576.0
2025-07-30,6345.37,6368.27,6269.51,6314.69,2121284.0
2025-07-31,6297.91,6322.07,6206.19,6226.34,2242142.0
2025-08-01,6221.05,6253.66,6177.48,6213.2,1659072.0
2025-08-04,6190.34,6261.96,6187.62,6261.73,1485915.0
2025-08-05,6277.01,6303.24,6272.51,6303.24,1542067.0
2025-08-06,6298.93,6357.59,6293.22,6357.38,1660276.0
2025-08-07,6356.33,6366.21,6299.49,6337.54,1704464.0
2025-08-08,6324.17,6351.33,6308.15,6323.5,1725075.0
2025-08-11,6335.43,6404.83,6335.43,6391.76,1749092.0
2025-08-12,6392.4,6418.16,6360.11,6418.16,1683519.0
2025-08-13,6422.79,6514.46,6422.21,6508.1,2160224.0
2025-08-14,6509.21,6519.79,6411.92,6429.85,2289532.0
2025-08-15,6417.39,6570.5,6417.39,6568.57,2452172.0
2025-08-18,6612.99,6709.78,6580.44,6668.17,3024482.0
2025-08-19,6663.16,6707.11,6631.12,6655.31,2528393.0
2025-08-20,6623.61,6728.07,6598.55,6728.07,2442339.0
2025-08-21,6739.69,6767.32,6673.06,6704.17,2425402.0
2025-08-22,6704.03,6823.36,6704.03,6822.85,2567838.0
2025-08-25,6886.27,6967.8,6863.93,6951.9,3338289.0
2025-08-26,6928.29,7008.96,6910.41,6964.07,2815324.0
2025-08-27,6964.77,7074.63,6862.56,6862.56,3280602.0
2025-08-28,6858.5,7011.16,6798.93,7011.16,3080618.0
2025-08-29,7030.27,7078.92,6990.75,7043.94,2809158.0
2025-09-01,7087.73,7110.69,7038.34,7110.29,2859083.0
2025-09-02,7108.94,7108.94,6909.72,6961.69,2940365.0
2025-09-03,6988.02,7003.27,6846.18,6868.46,2590833.0
2025-09-04,6884.36,6906.69,6607.98,6698.45,2703419.0
2025-09-05,6709.15,6919.34,6678.6,6913.95,2408575.0
2025-09-08,6927.41,6995.72,6896.66,6992.12,2441743.0
2025-09-09,6959.94,6999.73,6895.51,6928.97,2258436.0
2025-09-10,6911.11,6977.77,6870.4,6932.11,1899229.0
2025-09-11,6924.3,7123.05,6889.59,7122.71,2439511.0
2025-09-12,7115.61,7200.16,7112.42,7147.75,2665675.0
2025-09-15,7170.41,7174.89,7126.83,7137.36,2382657.0
2025-09-16,7152.19,7195.42,7080.43,7190.99,2423492.0
2025-09-17,7184.26,7265.39,7159.67,7260.04,2582644.0
2025-09-18,7248.28,7350.98,7115.63,7199.88,3485895.0
2025-09-19,7200.69,7232.0,7142.06,7170.35,2715072.0
2025-09-22,7182.89,7225.86,7143.08,7225.13,2318581.0
2025-09-23,7240.85,7250.82,7045.56,7180.71,2812836.0
2025-09-24,7140.31,7327.02,7133.43,7323.71,2400649.0
2025-09-25,7325.66,7379.61,7312.35,7341.32,2361750.0
2025-09-26,7311.84,7351.79,7237.05,7240.91,2114441.0
2025-09-29,7251.52,7377.22,7216.74,7350.56,2335394.0
2025-09-30,7372.52,7428.03,7372.06,7412.37,2207075.0
2025-10-09,7470.05,7559.09,7437.32,7548.92,2831308.0
2025-10-10,7499.39,7509.12,7373.98,7398.22,2622566.0
2025-10-13,7135.1,7391.82,7135.1,7376.56,2580278.0
2025-10-14,7434.11,7459.02,7166.08,7194.85,2773589.0
2025-10-15,7205.74,7294.0,7153.42,7294.0,2175598.0
2025-10-16,7269.26,7305.95,7206.44,7231.53,1949364.0
2025-10-17,7226.42,7254.58,7009.89,7016.07,2000441.0
2025-10-20,7092.88,7129.99,7033.38,7069.64,1768342.0
2025-10-21,7095.62,7193.73,7082.3,7185.62,2059738.0
2025-10-22,7135.21,7166.56,7101.83,7128.48,1697433.0
2025-10-23,7108.85,7153.66,7022.29,7142.95,1889337.0
2025-10-24,7175.92,7258.53,7174.35,7258.53,1953239.0
2025-10-27,7336.2,7391.21,7302.02,7379.39,2320518.0
2025-10-28,7344.45,7404.76,7308.27,7341.03,2021185.0
2025-10-29,7350.76,7480.97,7350.76,7480.97,2238441.0
2025-10-30,7462.43,7463.65,7375.24,7385.71,2434120.0
2025-10-31,7385.74,7430.86,7331.0,7331.0,2320417.0
2025-11-03,7327.12,7336.51,7214.83,7333.6,2216871.0
2025-11-04,7315.19,7323.7,7167.35,7210.83,1933258.0
2025-11-05,7098.96,7257.84,7098.96,7229.34,1955802.0
2025-11-06,7243.2,7352.18,7243.2,7345.72,2017230.0
2025-11-07,7307.3,7371.44,7285.82,7327.91,1929206.0
2025-11-10,7357.34,7384.79,7289.77,7343.8,2045013.0
2025-11-11,7364.93,7379.81,7281.97,7291.61,1916603.0
2025-11-12,7264.79,7305.86,7187.87,7243.25,1855070.0
2025-11-13,7243.64,7366.41,7243.64,7355.29,1998902.0
2025-11-14,7283.7,7329.6,7235.46,7235.46,2058649.0
2025-11-17,7248.92,7262.33,7202.59,7235.35,2030506.0
2025-11-18,7215.03,7230.54,7118.41,7151.02,2022141.0
2025-11-19,7141.26,7178.15,7086.12,7122.75,1627866.0
2025-11-20,7174.1,7180.73,7056.9,7061.95,1596187.0
2025-11-21,6955.75,6986.78,6817.41,6817.41,2089334.0
2025-11-24,6856.75,6905.92,6797.5,6868.97,1663639.0
2025-11-25,6915.12,7018.47,6912.32,6954.6,1627125.0
2025-11-26,6946.08,7024.88,6936.88,6965.05,1489435.0
2025-11-27,6970.73,7045.84,6943.44,6951.28,1378411.0
2025-11-28,6947.24,7031.71,6941.48,7031.55,1402112.0
2025-12-01,7053.85,7101.83,7040.8,7101.83,1789734.0
2025-12-02,7084.8,7085.3,7022.61,7040.3,1495182.0
2025-12-03,7044.86,7064.16,6975.09,6996.36,1578389.0
2025-12-04,7001.64,7039.72,6958.63,7012.81,1410383.0
2025-12-05,7008.65,7104.02,6965.81,7097.84,1687383.0
2025-12-08,7119.05,7193.72,7114.32,7172.37,1926118.0
2025-12-09,7150.97,7185.11,7103.83,7121.33,1669011.0
2025-12-10,7111.57,7171.97,7070.48,7155.99,1539678.0
2025-12-11,7171.21,7179.42,7082.89,7082.89,1818486.0
2025-12-12,7088.1,7187.1,7063.84,7169.79,1984025.0
2025-12-15,7121.38,7177.15,7110.68,7113.96,1721741.0
2025-12-16,7101.67,7102.77,6962.65,7001.32,1720659.0
2025-12-17,7002.51,7160.78,6988.87,7137.83,1744131.0
2025-12-18,7096.98,7172.96,7094.54,7100.84,1548961.0
2025-12-19,7124.4,7197.07,7117.16,7169.55,1788431.0
2025-12-22,7205.49,7277.39,7205.49,7255.66,1782429.0
2025-12-23,7257.91,7297.7,7228.72,7256.79,1734760.0
2025-12-24,7257.62,7362.57,7247.41,7352.04,1688377.0
2025-12-25,7341.92,7426.14,7334.34,7410.71,1684142.0
2025-12-26,7422.6,7484.92,7397.43,7458.84,1992769.0
2025-12-29,7467.5,7491.69,7411.45,7430.61,1988443.0
2025-12-30,7390.14,7495.06,7389.87,7458.94,1962036.0
2025-12-31,7473.75,7488.07,7435.07,7465.57,1944277.0
2026-01-05,7523.88,7651.24,7523.25,7651.2,2518539.0
2026-01-06,7663.94,7814.65,7663.66,7814.14,3131251.0
2026-01-07,7838.91,7909.66,7828.39,7875.08,2939034.0
2026-01-08,7853.21,7938.59,7849.07,7894.54,2935617.0
2026-01-09,7907.85,8064.76,7907.85,8056.69,3146247.0
2026-01-12,8141.63,8261.35,8103.24,8249.13,3352363.0
2026-01-13,8270.42,8270.42,8106.61,8143.28,3641310.0
2026-01-14,8165.35,8368.22,8123.4,8227.7,4227660.0
2026-01-15,8170.35,8249.03,8148.79,8223.27,3135958.0
2026-01-16,8241.69,8292.74,8204.53,8232.67,2819790.0
2026-01-19,8199.5,8318.37,8195.09,8287.95,2614974.0
2026-01-20,8307.64,8342.87,8142.14,8247.8,2898645.0
2026-01-21,8196.56,8351.45,8196.56,8340.11,2433044.0
2026-01-22,8355.68,8396.13,8337.2,8387.59,2688052.0
2026-01-23,8422.36,8590.17,8417.75,8590.17,3196901.0
2026-01-26,8624.89,8671.35,8453.48,8506.69,3492856.0
2026-01-27,8464.65,8581.1,8368.18,8548.93,3028526.0
2026-01-28,8565.34,8633.15,8526.53,8601.16,3117743.0
2026-01-29,8584.68,8658.94,8503.09,8517.84,3541984.0
2026-01-30,8439.65,8496.34,8194.58,8370.52,3289472.0
2026-02-02,8279.72,8324.43,8032.35,8037.05,2996460.0
2026-02-03,8135.87,8286.7,8075.37,8286.7,2722271.0
2026-02-04,8270.84,8309.86,8179.35,8299.06,2688603.0
2026-02-05,8203.06,8224.78,8081.43,8146.11,2318405.0
2026-02-06,8054.22,8247.3,8014.66,8146.41,2186421.0
2026-02-09,8280.11,8313.47,8229.0,8311.28,2116676.0
2026-02-10,8318.53,8331.99,8258.15,8306.44,1958062.0
2026-02-11,8295.33,8373.5,8295.12,8325.81,2040197.0
2026-02-12,8342.37,8437.42,8341.77,8423.57,2121383.0
2026-02-13,8366.33,8419.76,8290.84,8299.58,2027857.0
2026-02-24,8403.31,8444.13,8328.57,8392.91,2246293.0
2026-02-25,8412.08,8551.53,8401.6,8527.56,2778934.0
2026-02-26,8542.83,8582.76,8490.92,8557.22,2541118.0
2026-02-27,8499.8,8658.45,8499.8,8658.45,2803612.0
2026-03-02,8585.85,8683.98,8551.46,8658.33,3390323.0
2026-03-03,8651.06,8654.57,8267.11,8281.61,3461539.0
2026-03-04,8167.98,8377.17,8167.98,8248.95,2721077.0
2026-03-05,8383.55,8391.04,8251.11,8309.17,2563435.0
2026-03-06,8273.18,8394.33,8258.64,8360.33,2345150.0
2026-03-09,8234.19,8305.92,8066.14,8279.48,2865185.0
2026-03-10,8341.14,8412.93,8330.93,8410.3,2399414.0
2026-03-11,8419.31,8439.62,8379.03,8403.33,2644874.0
2026-03-12,8396.72,8433.04,8290.59,8359.47,2824365.0
2026-03-13,8317.78,8371.72,8217.97,8239.8,2881310.0
2026-03-16,8227.69,8233.66,8060.78,8185.15,2562060.0
2026-03-17,8199.99,8207.46,8016.0,8016.03,2301328.0
2026-03-18,8044.92,8105.96,7958.45,8096.43,2064939.0
2026-03-19,7975.85,8000.43,7844.15,7877.09,2197449.0
2026-03-20,7913.49,7941.59,7757.83,7760.04,2194488.0
2026-03-23,7623.24,7708.43,7399.04,7440.75,2715610.0
2026-03-24,7555.08,7597.37,7379.86,7597.37,2289664.0
2026-03-25,7660.4,7806.91,7660.4,7767.67,2407116.0
2026-03-26,7757.02,7777.29,7620.78,7642.13,2062161.0
2026-03-27,7539.2,7785.38,7539.2,7737.61,1882051.0
2026-03-30,7655.15,7766.11,7610.55,7753.72,1978386.0
2026-03-31,7740.58,7788.89,7617.33,7617.33,1990860.0
2026-04-01,7764.34,7778.99,7689.59,7750.09,1759607.0
2026-04-02,7726.45,7740.1,7562.21,7605.29,1720849.0
2026-04-03,7636.66,7640.84,7518.35,7534.94,1516374.0
2026-04-07,7562.14,7630.14,7529.4,7571.11,1469614.0
2026-04-08,7741.63,7945.15,7741.63,7945.15,2319366.0
2026-04-09,7865.21,7947.68,7845.96,7898.63,1905557.0
2026-04-10,7958.81,8070.65,7953.5,7969.36,2034044.0
2026-04-13,7917.92,7990.98,7917.92,7967.7,1949487.0
2026-04-14,8039.07,8088.57,8002.65,8088.57,2142957.0
2026-04-15,8144.81,8150.62,8020.87,8044.08,2036561.0
2026-04-16,8068.15,8189.18,8056.78,8180.08,1884557.0
2026-04-17,8155.4,8230.11,8149.94,8214.19,1915788.0
2026-04-20,8223.58,8310.94,8214.26,8290.02,2137640.0
2026-04-21,8263.38,8281.32,8189.76,8270.33,2018363.0
2026-04-22,8226.85,8377.34,8226.85,8376.18,2133372.0
2026-04-23,8387.76,8401.5,8220.95,8295.21,2494870.0
2026-04-24,8244.78,8299.88,8165.8,8247.88,2223119.0
2026-04-27,8236.43,8326.15,8219.94,8299.05,2245958.0
2026-04-28,8274.63,8275.33,8173.44,8203.96,2201091.0
2026-04-29,8157.35,8356.72,8157.35,8342.42,2308720.0
2026-04-30,8331.44,8375.19,8300.5,8349.51,2475547.0
2026-05-06,8441.34,8621.35,8441.34,8588.44,2746475.0
2026-05-07,8637.84,8700.34,8598.71,8696.8,2709942.0
2026-05-08,8638.84,8706.33,8616.22,8694.17,2711435.0
2026-05-11,8771.18,8863.77,8716.45,8839.74,2883302.0
2026-05-12,8856.18,8856.18,8736.42,8785.98,2698710.0
2026-05-13,8730.91,8925.88,8730.91,8918.24,2540969.0
2026-05-14,8952.95,8956.66,8670.16,8670.16,2895026.0
2026-05-15,8676.62,8717.09,8473.04,8536.34,2709618.0
2026-05-18,8493.02,8606.41,8472.42,8554.24,2310934.0
2026-05-19,8524.15,8633.06,8416.52,8627.95,2438688.0
2026-05-20,8581.39,8681.72,8552.43,8656.31,2304187.0
2026-05-21,8703.17,8790.38,8406.29,8419.84,2794892.0
2026-05-22,8473.61,8591.15,8414.94,8576.94,2216104.0
2026-05-25,8631.21,8705.2,8543.89,8703.89,2350529.0
2026-05-26,8665.44,8673.21,8529.67,8658.62,2471078.0
2026-05-27,8659.22,8722.58,8491.32,8530.98,2591167.0
2026-05-28,8503.67,8596.45,8424.45,8563.22,2422400.0
2026-05-29,8589.82,8597.98,8296.24,8359.56,2811906.0
2026-06-01,8358.49,8442.53,8259.6,8274.21,2581750.0
2026-06-02,8290.83,8378.43,8142.51,8321.43,2395897.0
2026-06-03,8317.0,8462.67,8294.29,8362.16,2535765.0
2026-06-04,8279.86,8391.05,8279.86,8356.74,2308220.0
2026-06-05,8317.64,8399.41,8218.14,8251.14,2470893.0
2026-06-08,7978.66,8142.34,7889.4,7963.45,2447932.0
2026-06-09,8059.34,8181.13,7965.49,8176.18,2092930.0
2026-06-10,8094.14,8148.26,7973.55,8063.86,2109101.0
2026-06-11,8025.61,8091.68,7965.02,8035.78,1968578.0
2026-06-12,8189.21,8258.91,8098.78,8106.2,2662441.0
2026-06-15,8175.05,8406.78,8174.59,8406.75,2555626.0
2026-06-16,8430.92,8538.19,8413.51,8507.98,2314951.0
2026-06-17,8451.63,8630.52,8451.63,8627.09,2246460.0
2026-06-18,8590.5,8716.34,8587.98,8673.09,2394676.0
2026-06-22,8709.66,8870.49,8605.22,8868.78,2800231.0
2026-06-23,8831.59,8895.34,8629.01,8688.59,2724031.0
2026-06-24,8638.66,8850.79,8613.08,8842.94,2453115.0
2026-06-25,8844.85,8940.96,8803.6,8938.01,2601021.0
2026-06-26,8891.03,8926.75,8647.77,8703.57,2585583.0
2026-06-29,8731.58,8837.03,8587.88,8821.09,2514611.0
2026-06-30,8815.11,9040.13,8771.66,9031.38,2243308.0
2026-07-01,9052.04,9147.56,8956.18,9028.93,2631046.0
2026-07-02,8829.62,8932.65,8667.42,8694.18,2612814.0
2026-07-03,8702.33,8860.42,8636.15,8745.26,2301484.0
2026-07-06,8790.97,8823.05,8570.89,8651.13,2301529.0
2026-07-07,8604.08,8663.67,8457.58,8508.79,1996392.0
2026-07-08,8539.02,8571.52,8343.92,8390.02,1972202.0
2026-07-09,8437.15,8659.65,8281.95,8652.79,2150805.0
2026-07-10,8672.36,8783.25,8503.24,8503.97,2514144.0
2026-07-13,8409.14,8457.69,8106.27,8138.14,2240376.0
2026-07-14,8135.05,8275.96,7955.31,8275.94,2158411.0
2026-07-15,8294.14,8305.27,8117.46,8147.58,2091155.0
2026-07-16,8006.45,8148.04,7907.1,7955.66,1931106.0
2026-07-17,7900.1,7908.74,7474.15,7513.76,2367457.0
2026-07-20,7597.77,7626.49,7253.52,7411.31,2537633.0
2026-07-21,7437.45,7802.75,7270.95,7800.61,2683815.0
2026-07-22,7741.91,7889.45,7701.22,7751.66,2307473.0
2026-07-23,7750.85,7795.35,7659.0,7734.31,2049744.0
2026-07-24,7625.2,7703.6,7532.67,7532.7,1866248.0
