date,国证2000优化版,国证2000买入持有,沪深300
2018-04-27,1.0,1.0,1.0
2018-05-02,1.0,0.9958688261942736,1.0018020272140713
2018-05-03,1.0,1.0054296666575089,1.0096143608526225
2018-05-04,1.0,1.004855611354438,1.0047166797981304
2018-05-07,1.0,1.0222088549114987,1.0205782457784118
2018-05-08,1.0,1.0282790920961116,1.0324205191541918
2018-05-09,1.0,1.029344781663777,1.0305413002278485
2018-05-10,1.0,1.0349985757066158,1.0362481633696046
2018-05-11,1.0,1.0234364945898542,1.030866037776027
2018-05-14,1.0,1.0164639639313968,1.0405682374736482
2018-05-15,1.0,1.027411502217415,1.044510338365878
2018-05-16,1.0,1.023542051358429,1.0361896041396053
2018-05-17,1.0,1.0205344064456143,1.0285263303592342
2018-05-18,1.0,1.0250704555280659,1.0389099465513936
2018-05-21,1.0,1.0378023369979366,1.0437490683758863
2018-05-22,1.0,1.0422328293118133,1.0397484082536572
2018-05-23,1.0,1.0323177229814438,1.0260056216860798
2018-05-24,1.0,1.0303106983953925,1.0187229829007047
2018-05-25,1.0,1.0208930102621423,1.0158695513298268
2018-05-28,1.0,1.0135777816015998,1.0203306999425055
2018-05-29,1.0,1.0056610239584944,1.0125449841357723
2018-05-30,1.0,0.9716066752365268,0.9910803645578246
2018-05-31,1.0,0.9875240575443447,1.0121111134771406
2018-06-01,1.0,0.976968380686871,1.003649304742233
2018-06-04,1.0,0.974316447624322,1.0134952407316709
2018-06-05,1.0,0.9885622734325181,1.0235408104597432
2018-06-06,1.0,0.9898520903855135,1.0214193692638571
2018-06-07,1.0,0.9819613604387691,1.019731798726603
2018-06-08,1.0,0.97189731784589,1.0060528949553884
2018-06-11,1.0,0.9630059675723823,1.006148719149933
2018-06-12,1.0,0.9696097725323937,1.0183849364366175
2018-06-13,1.0,0.9535376700295415,1.0083739698899086
2018-06-14,1.0,0.9491013937831402,1.0043892804667702
2018-06-15,1.0,0.9276589099311567,0.9990816848022827
2018-06-19,1.0,0.8641093972997711,0.9638636315240305
2018-06-20,1.0,0.8739117169459102,0.9676753050403526
2018-06-21,1.0,0.8525212884866485,0.956370711867294
2018-06-22,1.0,0.8644448653862004,0.9606109324758842
2018-06-25,1.0,0.8616237522973057,0.9477225783096612
2018-06-26,1.0,0.8687379893026167,0.9399049211047465
2018-06-27,1.0,0.863082749276647,0.9207800089435916
2018-06-28,1.0,0.8537951996252012,0.911269457635059
2018-06-29,1.0,0.8781137439250634,0.9345467515598049
2018-07-02,1.0,0.868344681890941,0.9071250612210132
2018-07-03,1.0,0.8800036438774905,0.9074764166010094
2018-07-04,1.0,0.863632222866488,0.8953573177743234
2018-07-05,1.0,0.8396852962313343,0.8896850578139307
2018-07-06,1.0,0.8422273345759149,0.8957219820702285
2018-07-09,1.0,0.8587679356132631,0.9207587146781371
2018-07-10,1.0,0.8655394746164891,0.9229786418517493
2018-07-11,1.0,0.8455791234739455,0.9070106045441962
2018-07-12,1.0,0.8672616405257015,0.9265826962798918
2018-07-13,1.0,0.8700682937832848,0.9296783501203126
2018-07-16,1.0,0.8704991967563707,0.924195076765827
2018-07-17,1.0,0.8728359054963264,0.9181501671599838
2018-07-18,1.0,0.8693496401670978,0.9133429867336726
2018-07-19,1.0,0.8594576695668269,0.9125497753454994
2018-07-20,1.0,0.8683880613848759,0.9297315857839483
2018-07-23,1.0,0.8741777778420438,0.9384782053193075
2018-07-24,1.0,0.8885161465706342,0.9533735440045995
2018-07-25,1.0,0.8907559744408021,0.952319477864611
2018-07-26,1.0,0.8901558914413705,0.9412730776601861
2018-07-27,1.0,0.8847450225645668,0.9372750793211388
2018-07-30,1.0,0.8715359666614129,0.9356380826643385
2018-07-31,1.0,0.8717051466877588,0.93632482272524
2018-08-01,1.0,0.8593087333043172,0.9176204723068078
2018-08-02,1.0,0.8380831469220079,0.8972764634483933
2018-08-03,1.0,0.8288852482246942,0.8824556546921914
2018-08-06,1.0,0.8129505141193023,0.8712735035454952
2018-08-07,1.0,0.8335875853672291,0.8967201507633994
2018-08-08,1.0,0.8213458921788218,0.8822506973871936
2018-08-09,1.0,0.8384345208228801,0.9043488213624071
2018-08-10,1.0,0.8432033731894484,0.9063424969655671
2018-08-13,1.0,0.8452783589826641,0.9024349992547007
2018-08-14,1.0,0.8445033120243619,0.8977955111688422
2018-08-15,1.0,0.8292091484460742,0.8762536998786227
2018-08-16,1.0,0.8205158978615356,0.8721944805263943
2018-08-17,1.0,0.805888332506713,0.8596548199569856
2018-08-20,1.0,0.8097751351632732,0.8696711100700582
2018-08-21,1.0,0.8186404577404199,0.8854821021698857
2018-08-22,1.0,0.8093774898022039,0.8805045676199399
2018-08-23,1.0,0.813964148294246,0.8837200017035413
2018-08-24,1.0,0.8119571237081948,0.8851307467898895
2018-08-27,1.0,0.8278340184883404,0.9067550733587445
2018-08-28,1.0,0.8291469711714343,0.9050515321223994
2018-08-29,1.0,0.8255175535122207,0.9014315069951662
2018-08-30,1.0,0.8127553063965955,0.8919875002661783
2018-08-31,1.0,0.8045898396549307,0.8875716019675901
2018-09-03,1.0,0.8041878563444679,0.8841964608930815
2018-09-04,1.0,0.8130445030228277,0.8953972445220502
2018-09-05,1.0,0.8019610423224802,0.8778933583186047
2018-09-06,1.0,0.7992917574623575,0.8685079108196163
2018-09-07,1.0,0.8009286103668314,0.872436702795937
2018-09-10,1.0,0.7859626849593172,0.8597746002001662
2018-09-11,1.0,0.7877166624974152,0.8582147952556376
2018-09-12,1.0,0.7874404797193636,0.8523082983752475
2018-09-13,1.0,0.7939633096240298,0.861504759268329
2018-09-14,1.0,0.7864138316962394,0.8629740635846767
2018-09-17,1.0,0.7749688752131018,0.8530802154979664
2018-09-18,1.0,0.7878945184225481,0.8702513788036881
2018-09-19,1.0,0.796122162438853,0.8817103554012904
2018-09-20,1.0,0.7935352986172063,0.8810848363535699
2018-09-21,1.0,0.8022169813366957,0.9077984923660057
2018-09-25,1.0,0.7997269983848369,0.899629479781095
2018-09-26,1.0,0.8023702555485988,0.9095951960137134
2018-09-27,1.0,0.7890469669780832,0.9059618619705714
2018-09-28,1.0,0.7960006998558354,0.9153499712527416
2018-10-08,1.0,0.7704067984342894,0.8759662272949894
2018-10-09,1.0,0.7718325378016141,0.8753779732118141
2018-10-10,1.0,0.7732105597256103,0.8734907689359255
2018-10-11,1.0,0.7164282481480571,0.8315703456059284
2018-10-12,1.0,0.7102611300936563,0.8439795787994293
2018-10-15,1.0,0.7010646773794736,0.8321932028704669
2018-10-16,1.0,0.6870169512602466,0.8254109793232681
2018-10-17,1.0,0.6922138146336384,0.8300105406613999
2018-10-18,1.0,0.6705385274975382,0.8103506100807052
2018-10-19,1.0,0.6835784033743463,0.8344557185749877
2018-10-22,1.0,0.716283649834941,0.8704749685909584
2018-10-23,1.0,0.7065059119020317,0.8473600434403015
2018-10-24,1.0,0.7070799672051026,0.8486297140180149
2018-10-25,1.0,0.7020913254025979,0.850256063542088
2018-10-26,1.0,0.7052305547803479,0.8447541577053299
2018-10-29,1.0,0.6954210052185531,0.8190014054215199
2018-10-30,1.0,0.703126649324509,0.8278837758991504
2018-10-31,1.0,0.7135304979532109,0.8394785034390239
2018-11-01,1.0,0.7171338879160636,0.8456565022039565
2018-11-02,1.0,0.7360791589005323,0.8757932113881731
2018-11-05,1.0,0.7423648475716882,0.8684972636868892
2018-11-06,1.0,0.7429663765542511,0.8632562126019463
2018-11-07,1.0,0.7411111801969719,0.8576025851238261
2018-11-08,1.0,0.739637723386319,0.8551697152956709
2018-11-09,1.0,0.7385908315993586,0.8431038521326206
2018-11-12,1.0,0.7599855980080137,0.8531387747279657
2018-11-13,1.0,0.7750353904371352,0.861720363706054
2018-11-14,1.0004085956506814,0.7757395842220105,0.8530855390643299
2018-11-15,1.0188269041012301,0.7900215596084856,0.8630485935137667
2018-11-16,1.0306569890268429,0.7991948765925697,0.8671211217819041
2018-11-19,1.035115648083769,0.8026522222591751,0.8769510870722514
2018-11-20,1.00658657032889,0.7805301263355462,0.8566709610101999
2018-11-21,1.015047020408888,0.7870905518016227,0.8588216818210855
2018-11-22,1.0167607417277147,0.7884194102991594,0.8556115713038478
2018-11-23,0.9726235601223658,0.7541944355677147,0.8367262196290539
2018-11-26,0.9721372483423047,0.7532964800432638,0.836129980196333
2018-11-27,0.9721372483423047,0.7594303404856478,0.8350652669236174
2018-11-28,0.9721372483423047,0.7678748819716269,0.8461622410084964
2018-11-29,0.9480873226439732,0.7492621871073253,0.8351744000340708
2018-11-30,0.9476132789826512,0.7531085022362128,0.8445012883030599
2018-12-03,0.9476132789826512,0.7769079385919884,0.8679941866655309
2018-12-04,0.9552260385249874,0.7835377712483607,0.8697935520964204
2018-12-05,0.9474854696541781,0.7771884593194336,0.8656118907178296
2018-12-06,0.9313891056461251,0.7639851873488044,0.8468915696003066
2018-12-07,0.9318756456161418,0.7643842786930048,0.8468622899853069
2018-12-10,0.92029387893857,0.7548841695212785,0.837066927876323
2018-12-11,0.9198337319991007,0.761535691924618,0.8410755733480973
2018-12-12,0.9198337319991007,0.761499542346339,0.8439476374012479
2018-12-13,0.9198337319991007,0.7682869871640078,0.857011669257469
2018-12-14,0.9198337319991007,0.7489325029534205,0.8426965993058069
2018-12-17,0.9198337319991007,0.747991167935035,0.8414428994271842
2018-12-18,0.9198337319991007,0.7429880663012185,0.8327202359404612
2018-12-19,0.9198337319991007,0.7338480069291512,0.8227917846723878
2018-12-20,0.9198337319991007,0.736984344340639,0.8164806967483657
2018-12-21,0.9198337319991007,0.7315344339192938,0.8063605970912033
2018-12-24,0.9198337319991007,0.7379329092746804,0.8087029662911777
2018-12-25,0.9198337319991007,0.7302576308144789,0.8031345158748749
2018-12-26,0.9198337319991007,0.729340877509323,0.7990752965226465
2018-12-27,0.9198337319991007,0.7178207299033649,0.7960089222972254
2018-12-28,0.9198337319991007,0.7194011894657237,0.8013697536253487
2019-01-02,0.9198337319991007,0.7186246965242904,0.7904271629650135
2019-01-03,0.9198337319991007,0.7151268633300123,0.7891761248695727
2019-01-04,0.9198337319991007,0.7334330097705081,0.8080827708098208
2019-01-07,0.9198337319991007,0.7497393615406082,0.8129884372138584
2019-01-08,0.9198337319991007,0.7490337217726019,0.8112316603138774
2019-01-09,0.9198337319991007,0.7511115995320798,0.8194246289474244
2019-01-10,0.9198337319991007,0.7501673725474318,0.8178834564851686
2019-01-11,0.9198337319991007,0.7567306899797707,0.8237633355337408
2019-01-14,0.9198337319991007,0.7536623137754475,0.8165765209429101
2019-01-15,0.9198337319991007,0.7609818803853834,0.8326031174804625
2019-01-16,0.9165510758377573,0.7586466176285588,0.8327787951704606
2019-01-17,0.9073691088142807,0.7510465302911776,0.828192542748238
2019-01-18,0.9104926546738651,0.753631948129693,0.8432981623048913
2019-01-21,0.9159728355248253,0.7581679972121446,0.8479482975234769
2019-01-22,0.9078320504545434,0.7514297158209352,0.8366836310981453
2019-01-23,0.9106044594473625,0.7537244910500874,0.8360794063158792
2019-01-24,0.9145088917718431,0.7569562633482319,0.8407987478971913
2019-01-25,0.9074564562935753,0.7511188294477357,0.8476368688912075
2019-01-28,0.9070027280654286,0.745178730744927,0.8474532058516642
2019-01-29,0.9070027280654286,0.7297414148366546,0.8501655629139072
2019-01-30,0.9070027280654286,0.7176746856071177,0.8433806775835267
2019-01-31,0.9070027280654286,0.7050743886021826,0.8522044888311577
2019-02-01,0.9070027280654286,0.7238446956277808,0.8643874704542067
2019-02-11,0.9070027280654286,0.7433914955948123,0.880110623709035
2019-02-12,0.9070027280654286,0.7539486184354174,0.8864643001639658
2019-02-13,0.9221510047067981,0.7669176411387985,0.9042157322033176
2019-02-14,0.9274209059758295,0.7713004160093468,0.9055759034092118
2019-02-15,0.9273218019268903,0.7712179949708707,0.8886895509039415
2019-02-18,0.9583952679381499,0.7970606054909763,0.9171812780818125
2019-02-19,0.9626932540605669,0.8006350757912059,0.9155496049913758
2019-02-20,0.9649952498639972,0.8025495574568626,0.91882892187134
2019-02-21,0.962519387308042,0.8004904774780898,0.9163747577777305
2019-02-22,0.9834998883352282,0.817939155921807,0.9369796213879602
2019-02-25,1.0315636134032264,0.8579119135996159,0.9927067140818977
2019-02-26,1.0295902257620682,0.8562707227457484,0.9807845872106642
2019-02-27,1.0278098302162124,0.8547900360194397,0.9791076638061369
2019-02-28,1.031918301578377,0.8582068941583727,0.9767067353761631
2019-03-01,1.0373238189143779,0.8627024557131516,0.9980915014586572
2019-03-04,1.0568681805657079,0.87895675209053,1.0099071570026192
2019-03-05,1.088424996148987,0.9052013459210985,1.0157391239539193
2019-03-06,1.1120899998351585,0.924882622319328,1.0242781244010988
2019-03-07,1.1331261382231528,0.9423775722232425,1.013833287195758
2019-03-08,1.0828751694083907,0.9005857677664332,0.9735684930048337
2019-03-11,1.1309232464686618,0.9405455115960617,0.9928318178914417
2019-03-12,1.1556697013555384,0.9611261895018732,0.9995927471731862
2019-03-13,1.1340406773414342,0.943138159350233,0.9912986307787313
2019-03-14,1.098832659955131,0.9138570009442271,0.9844578480015331
2019-03-15,1.1167426741327264,0.9287520731783142,0.9968404633632163
2019-03-18,1.1404946111951604,0.948505648733102,1.0252523370456337
2019-03-19,1.1471397984766643,0.9540321962603985,1.0205170247652307
2019-03-20,1.1472284705204518,0.9541059414000875,1.0209109686761355
2019-03-21,1.162014099155174,0.966402581947479,1.021296927237495
2019-03-22,1.1696972709492517,0.9727923814040785,1.020474436234322
2019-03-25,1.1616959229980532,0.9661379670344765,0.9962601946295861
2019-03-26,1.1297652938968457,0.9395824868307087,0.9849768957219821
2019-03-27,1.1375910364279938,0.9460908569040634,0.9964092544877664
2019-03-28,1.1205451400104474,0.931914438286163,0.9924192414982645
2019-03-29,1.1492470635172667,0.9557847278153654,1.0307329486169374
2019-04-01,1.1923312447929502,0.9916161898055297,1.0577740039607333
2019-04-02,1.2007359636100066,0.998606072261561,1.057071293200741
2019-04-03,1.213454316557207,1.0091834388660021,1.0706117842465024
2019-04-04,1.2181730602207341,1.0131078370839726,1.0812775494559315
2019-04-08,1.215441613538567,1.010836197584919,1.079946657865037
2019-04-09,1.220855824212194,1.0153389890553537,1.084791103255893
2019-04-10,1.2210209976270927,1.0154763574528138,1.0875646813313173
2019-04-11,1.2001117819684417,0.9980869643174742,1.0640691211856645
2019-04-12,1.199464997649049,0.9975490585926825,1.0616841634547816
2019-04-15,1.1899857823013884,0.9896655585615938,1.0581972274866378
2019-04-16,1.2139237567890242,1.0095738543114157,1.0875487106322268
2019-04-17,1.2273914754396071,1.020774439645387,1.087934669193586
2019-04-18,1.2202507679134074,1.0148357869257099,1.0838994058899938
2019-04-19,1.2292970550472806,1.0223592371571393,1.0968170396712165
2019-04-22,1.216368323329525,1.0116069065938276,1.0715300994442196
2019-04-23,1.1923625408084049,0.9916422175018906,1.069773322544239
2019-04-24,1.2049991763819183,1.0021516228991674,1.0727225783096612
2019-04-25,1.1537867244256932,0.9595601897708261,1.0492270181640084
2019-04-26,1.138702044976628,0.947014840124875,1.0352393475437065
2019-04-29,1.0945920498610473,0.9103302480873258,1.0381832797427653
2019-04-30,1.0940447538361169,0.9196452714182636,1.0416116564809097
2019-05-06,1.0940447538361169,0.8496220923086711,0.9807659547283916
2019-05-07,1.0940447538361169,0.8624913421760021,0.9903616830987415
2019-05-08,1.0940447538361169,0.8610164393822182,0.9761983347884414
2019-05-09,1.0940447538361169,0.8544632438317975,0.9581620919486381
2019-05-10,1.0940447538361169,0.8863442799076305,0.9929649070505312
2019-05-13,1.0940447538361169,0.8828739203928446,0.9765363812525286
2019-05-14,1.0940447538361169,0.8773878603932207,0.9702598965098699
2019-05-15,1.0940447538361169,0.8981955576506244,0.9920705479014501
2019-05-16,1.0940447538361169,0.9034531523155251,0.9965609761291284
2019-05-17,1.0940447538361169,0.8705946316430272,0.9712208002384958
2019-05-20,1.0940447538361169,0.8678024382167558,0.9629772577244947
2019-05-21,1.0940447538361169,0.8839757595387892,0.9760173335320799
2019-05-22,1.0940447538361169,0.8793254777889761,0.9713858307957667
2019-05-23,1.0940447538361169,0.8587404619337711,0.9539724452205021
2019-05-24,1.0940447538361169,0.8502568789032507,0.9566209194863823
2019-05-27,1.0940447538361169,0.8750554896026583,0.9681437788803474
2019-05-28,1.0940447538361169,0.8765867857385576,0.9774759907157002
2019-05-29,1.0940447538361169,0.8798894112101289,0.9752534017589063
2019-05-30,1.0940447538361169,0.8737613347002694,0.9692031685866995
2019-05-31,1.0940447538361169,0.8721259277789265,0.9661713975426417
2019-06-03,1.0940447538361169,0.8587867333939682,0.966762313408999
2019-06-04,1.0940447538361169,0.8435807747866814,0.957834692617278
2019-06-05,1.0940447538361169,0.8440507193043086,0.9574726901045548
2019-06-06,1.0940447538361169,0.8218057148145309,0.9488405272460125
2019-06-10,1.0940447538361169,0.8314070428054386,0.9611007005813333
2019-06-11,1.0940447538361169,0.8626504003204298,0.9899916952364728
2019-06-12,1.0940447538361169,0.8589457915383959,0.9824907902301909
2019-06-13,1.0940447538361169,0.864898904089385,0.9809709120333894
2019-06-14,1.0940447538361169,0.8445177718556734,0.9728498115457507
2019-06-17,1.0940447538361169,0.8444440267159844,0.97283384084666
2019-06-18,1.0940447538361169,0.8436039105167799,0.9762409233193501
2019-06-19,1.0940447538361169,0.8558181300256952,0.9891026596537552
2019-06-20,1.0940447538361169,0.8682680447849894,1.0190690147143373
2019-06-21,1.0940447538361169,0.883226740276848,1.0205117011988671
2019-06-24,1.0940447538361169,0.8826685907882198,1.0224627882711186
2019-06-25,1.0940447538361169,0.8739406366085334,1.0118263026766892
2019-06-26,1.0940447538361169,0.8728098777999657,1.0099683780158002
2019-06-27,1.0940447538361169,0.8780790403299155,1.0207459381188646
2019-06-28,1.0940447538361169,0.8650131367567466,1.0182891122420732
2019-07-01,1.0940447538361169,0.8905506448361773,1.047627286471753
2019-07-02,1.0940447538361169,0.8901356476775342,1.0479892889844764
2019-07-03,1.0940447538361169,0.8812081478257475,1.0363732671791486
2019-07-04,1.0940447538361169,0.8781397716214243,1.0309352441387534
2019-07-05,1.0940447538361169,0.8810259539512212,1.0362854283341496
2019-07-08,1.0940447538361169,0.8501527681178072,1.012220246587594
2019-07-09,1.0940447538361169,0.8537865237264142,1.0096489640339856
2019-07-10,1.0940447538361169,0.8476815829466533,1.0079480845808222
2019-07-11,1.0940447538361169,0.8474603475275857,1.0075434935371903
2019-07-12,1.0940447538361169,0.8498722473903619,1.0138013457975767
2019-07-15,1.0940447538361169,0.8580478360139451,1.0179164625966226
2019-07-16,1.0940447538361169,0.8603990045852126,1.0132982687762186
2019-07-17,1.0940447538361169,0.861087292555645,1.0127126764762249
2019-07-18,1.0940447538361169,0.8452364254718604,1.003066374225421
2019-07-19,1.0940447538361169,0.8490147793935836,1.013596388492579
2019-07-22,1.0940447538361169,0.8227427118835232,1.006601222290837
2019-07-23,1.0940447538361169,0.8338088207862967,1.0087918698494496
2019-07-24,1.0940447538361169,0.8447129795783802,1.0167559251293625
2019-07-25,1.0940447538361169,0.8471812727832717,1.025071335789272
2019-07-26,1.0940447538361169,0.8475991619081772,1.0270676731756139
2019-07-29,1.0940447538361169,0.8474661314601104,1.0259231064074443
2019-07-30,1.0940447538361169,0.8508396101051084,1.0301952684142162
2019-07-31,1.0940447538361169,0.845007960137137,1.0208896744106812
2019-08-01,1.0940447538361169,0.8416026698632534,1.0124012478439555
2019-08-02,1.0940447538361169,0.8274884285199929,0.997487276676391
2019-08-05,1.0940447538361169,0.8187460145089948,0.978388982347054
2019-08-06,1.0940447538361169,0.7943074536092462,0.9679122037435318
2019-08-07,1.0940447538361169,0.7912347394555295,0.963946146802666
2019-08-08,1.0940447538361169,0.7955090655912408,0.9766854411107089
2019-08-09,1.0940447538361169,0.786230191838582,0.967166904452631
2019-08-12,1.0940447538361169,0.8004919234612209,0.9846202167756223
2019-08-13,1.0940447538361169,0.7962335031399524,0.9757431698643555
2019-08-14,1.0940447538361169,0.8012929981158841,0.9801750388620345
2019-08-15,1.0940447538361169,0.8043743881683876,0.9832627073529099
2019-08-16,1.0940447538361169,0.8085156838560321,0.9876652967355891
2019-08-19,1.0940447538361169,0.8333822557626043,1.0091059602649006
2019-08-20,1.0940447538361169,0.8358548869168891,1.0082116011158195
2019-08-21,1.0940447538361169,0.8368280335641605,1.0066225165562914
2019-08-22,1.0940447538361169,0.8411124815817899,1.0097501117948937
2019-08-23,1.0940447538361169,0.8385820111022585,1.017030088797087
2019-08-26,1.0940447538361169,0.8333706878975551,1.0024035902131556
2019-08-27,1.0940447538361169,0.8491868513861917,1.0159893315730073
2019-08-28,1.0940447538361169,0.8493444635474882,1.0121643491407764
2019-08-29,1.0930823765792308,0.8490220093092394,1.0088663997785396
2019-08-30,1.0754581711100553,0.8353328870065402,1.0113684759694215
2019-09-02,1.0749204420245002,0.8565382296250131,1.02433934541428
2019-09-03,1.0824908365852588,0.8629988822550396,1.0257474287174464
2019-09-04,1.0911587437742019,0.869909235638857,1.0343689444432613
2019-09-05,1.1010019604124934,0.8777565860916667,1.0448350759140563
2019-09-06,1.105844670643604,0.8816173610518659,1.0510077511126255
2019-09-09,1.1312299037502054,0.9018553409555925,1.057513149208918
2019-09-10,1.134645193400086,0.9045781271915682,1.0538718298162304
2019-09-11,1.1270854869419327,0.89855126950089,1.0461074082749515
2019-09-12,1.1331597328460488,0.9033938670071474,1.057361427567556
2019-09-16,1.138735197733852,0.9078388191523358,1.0534592534230531
2019-09-17,1.1115815592057776,0.8861910056957276,1.0357583952641554
2019-09-18,1.1118590628257625,0.8864122411147951,1.0407785183450096
2019-09-19,1.1249797241785173,0.8968724830856124,1.044584868294968
2019-09-20,1.1261314548889125,0.8977906823738994,1.0475846979408445
2019-09-23,1.116222943281213,0.889891276528368,1.035609335405975
2019-09-24,1.1193008755891511,0.8923451099019478,1.0383829134813993
2019-09-25,1.096826709868667,0.8744279329237346,1.030370946104214
2019-09-26,1.0613098740088882,0.846112691249344,1.0224281850897552
2019-09-27,1.0607792190718839,0.854467581781191,1.0254918975319947
2019-09-30,1.0486434012755228,0.8451193008382365,1.0153451800430144
2019-10-08,1.0481190795748851,0.8467272340800872,1.0215072081088563
2019-10-09,1.0481190795748851,0.8557125732571204,1.022987159557931
2019-10-10,1.0481190795748851,0.8676043385277867,1.031345158748749
2019-10-11,1.0481190795748851,0.8691573244106534,1.0412177125700048
2019-10-14,1.0481190795748851,0.8828652444940578,1.0522667745576115
2019-10-15,1.0354909856831174,0.872669617436243,1.047744404931752
2019-10-16,1.0349732401902758,0.8678299118962478,1.0441350269372458
2019-10-17,1.0349732401902758,0.8666644494925323,1.0448084580822383
2019-10-18,1.0349732401902758,0.8557877643799408,1.029945060795128
2019-10-21,1.0349732401902758,0.8517578093933956,1.0329954643214583
2019-10-22,1.0349732401902758,0.8624696524290347,1.036998786226869
2019-10-23,1.0349732401902758,0.8569633486655744,1.0303975639360319
2019-10-24,1.0349732401902758,0.8559858640689098,1.0302884308255786
2019-10-25,1.0349732401902758,0.8614126387601562,1.0372410084964119
2019-10-28,1.0349732401902758,0.8792358268348441,1.0451731223781435
2019-10-29,1.0349732401902758,0.8673440615641778,1.0408184450927365
2019-10-30,1.0349732401902758,0.856581609118948,1.0357610570473372
2019-10-31,1.0349732401902758,0.8453694559199272,1.0345685781818956
2019-11-01,1.0349732401902758,0.8532312662040484,1.0520405229871594
2019-11-04,1.0349732401902758,0.856392185328766,1.058889291113903
2019-11-05,1.0350708770649986,0.8569011713909346,1.0654612337897404
2019-11-06,1.0248670255074535,0.8484537379386932,1.0606886565447924
2019-11-07,1.0243545919946997,0.8548059418338826,1.062549242988863
2019-11-08,1.0243545919946997,0.8523882580385816,1.0575291199080088
2019-11-11,1.0243545919946997,0.8304743836858399,1.0388886522859393
2019-11-12,1.0243545919946997,0.8331610203435366,1.0390776388918463
2019-11-13,1.0243545919946997,0.8294578575446339,1.0380901173314026
2019-11-14,1.0243545919946997,0.8349149978816347,1.0396552458422947
2019-11-15,1.0243545919946997,0.8233297810347744,1.0319972956282872
2019-11-18,1.0243545919946997,0.8297427162214726,1.040206234960925
2019-11-19,1.0243545919946997,0.8444078771377054,1.0506164689849022
2019-11-20,1.0243545919946997,0.8392052298317888,1.0401876024786525
2019-11-21,1.0243545919946997,0.8380498893099914,1.0353271863887055
2019-11-22,1.0243545919946997,0.8292337301593039,1.0247838632056385
2019-11-25,1.0243545919946997,0.8244200523156696,1.0322954153446477
2019-11-26,1.0243545919946997,0.8234454596852673,1.0358728519409723
2019-11-27,1.0243545919946997,0.8233485788154795,1.0316060135005642
2019-11-28,1.0243545919946997,0.8212099697644927,1.0280605183024212
2019-11-29,1.0243545919946997,0.8219344073132043,1.0191089414620642
2019-12-02,1.0243545919946997,0.8229856370495582,1.0210759992334064
2019-12-03,1.0243545919946997,0.8282866112083935,1.0250766593556355
2019-12-04,1.0243545919946997,0.8287536637597586,1.0247386128915483
2019-12-05,1.0243545919946997,0.8381178505171559,1.0326015204105534
2019-12-06,1.0243545919946997,0.8434361764735653,1.0387316070782138
2019-12-09,1.0243545919946997,0.8459203754928996,1.036884329550052
2019-12-10,1.0243545919946997,0.850313272245366,1.0381965886586741
2019-12-11,1.0243545919946997,0.8485795384711041,1.0388274312727581
2019-12-12,1.0243545919946997,0.8473764805059785,1.0357051596005196
2019-12-13,1.0243545919946997,0.8568071824874092,1.0562541257639317
2019-12-16,1.0426442240906526,0.8725336950219138,1.0613993526543302
2019-12-17,1.0553891721232678,0.8831992665973558,1.0758395264155363
2019-12-18,1.0574643731247824,0.88493589233788,1.0734385979855625
2019-12-19,1.0638990513343078,0.8903207335183227,1.0719400140542152
2019-12-20,1.0520439688435577,0.8803998432554286,1.069304848704244
2019-12-23,1.0286672874534748,0.8608371374739543,1.0559560060475712
2019-12-24,1.0454693311992922,0.8748978774413617,1.0628393773556781
2019-12-25,1.050257326182803,0.8789046966978084,1.0622830646706842
2019-12-26,1.0586099670165423,0.8858945791538396,1.0716312472051275
2019-12-27,1.050015420986956,0.8787022590594459,1.0705771810651392
2019-12-30,1.0543904492432712,0.882363488347545,1.0864414088286025
2019-12-31,1.0612190873431755,0.8880780136818923,1.0904207746853771
2020-01-02,1.082164621514998,0.9056062211978235,1.1052362598752155
2020-01-03,1.0884921702806483,0.9109014114241343,1.1032984817188731
2020-01-06,1.0980491534108536,0.9188991441225847,1.0991301292561912
2020-01-07,1.114139304723179,0.932364139039954,1.107363024637465
2020-01-08,1.098144187594936,0.9189786731947985,1.0946104214135133
2020-01-09,1.1164425877664919,0.9342916345537913,1.1084650028747258
2020-01-10,1.114353563610929,0.9325434409482178,1.108148250676093
2020-01-13,1.127376702618768,0.9434418158077768,1.1190109878409744
2020-01-14,1.127870880375998,0.9438553669832888,1.115257873554652
2020-01-15,1.125284222674693,0.9416907302359411,1.109093183705628
2020-01-16,1.1217126652474405,0.9387018831038317,1.1043844892570431
2020-01-17,1.1171942217678732,0.9349206372158463,1.1059309852856627
2020-01-20,1.1308048448227688,0.9463106463399997,1.1141771895828454
2020-01-21,1.1197791515749222,0.9370838279800628,1.0951401162666894
2020-01-22,1.1212582290580997,0.9383215895403364,1.099830178233002
2020-01-23,1.081364606474447,0.904936731008096,1.0657513681565554
2020-02-03,0.9864047218447787,0.8254698360688925,0.9817614616383807
2020-02-04,0.9859115194838564,0.8224332714934548,1.0076552884308254
2020-02-05,0.9859115194838564,0.8467561537427104,1.0190716764975192
2020-02-06,0.9859115194838564,0.87203049289227,1.038036881667767
2020-02-07,0.9859115194838564,0.8829650173301078,1.038060837716403
2020-02-10,0.9859115194838564,0.8959470538816694,1.0423569557718106
2020-02-11,0.9859115194838564,0.8882920191853042,1.052059155469432
2020-02-12,0.9859115194838564,0.9041501161847446,1.060568876301612
2020-02-13,0.9859115194838564,0.8953382949834506,1.0540448457230467
2020-02-14,0.9859115194838564,0.8973944829959614,1.0614472647516024
2020-02-17,0.9859115194838564,0.9298365605266848,1.0853207981090691
2020-02-18,0.9859115194838564,0.9517648947107383,1.080021187794127
2020-02-19,0.9792398874933641,0.9458002142947001,1.0783708822214177
2020-02-20,0.9971587641787764,0.9631071863915636,1.1032186282234193
2020-02-21,1.0107764517324995,0.9762598489526021,1.1045042695002234
2020-02-24,1.0311401045585487,0.9959281115026513,1.1000724005025446
2020-02-25,1.0328752518622828,0.9976040059516667,1.0976794574221163
2020-02-26,1.0089559693154673,0.9745015334651106,1.084149613509082
2020-02-27,1.0107614806599914,0.9762453891212906,1.087306488362684
2020-02-28,0.9533204696594144,0.9207659083449132,1.0487558825408319
2020-03-02,0.9949220859460084,0.9609468875936094,1.0832579161431826
2020-03-03,1.0091356221855694,0.9746750514408499,1.0890313238644833
2020-03-04,1.0176272145123852,0.9828766677607939,1.0953370882221418
2020-03-05,1.0349352714394513,0.9995936787401437,1.1197403164327846
2020-03-06,1.0331971299212155,0.9979148923248661,1.1015816315666191
2020-03-09,0.997176729465787,0.9631245381891375,1.0639493409424843
2020-03-10,1.019793528704364,0.9849690053515836,1.0867342049785993
2020-03-11,1.0093362345571832,0.9748688131804254,1.072280722301484
2020-03-12,0.9894860895181755,0.9556965228443645,1.0516465790762548
2020-03-13,0.9774688096156101,0.9440896162505369,1.036847064585507
2020-03-16,0.9359136036537925,0.9039534624789066,0.9922701816400843
2020-03-17,0.9354456468519656,0.9012248923104063,0.9874363833819552
2020-03-18,0.9354456468519656,0.8872321135501633,0.9678935712612594
2020-03-19,0.9354456468519656,0.8969896077192363,0.95533793999276
2020-03-20,0.9354456468519656,0.9079617277184844,0.9724079555375736
2020-03-23,0.9354456468519656,0.8705223324864692,0.9396919784502034
2020-03-24,0.9354456468519656,0.8864165790641886,0.9649256830135644
2020-03-25,0.9354456468519656,0.9074108081455122,0.9908541129873725
2020-03-26,0.9354456468519656,0.8986120007923988,0.9843407295415345
2020-03-27,0.9354456468519656,0.8928700017785592,0.9875375311428631
2020-03-30,0.9354456468519656,0.8721201438464019,0.9779684206043313
2020-03-31,0.9354456468519656,0.8730499109997383,0.9811758693383871
2020-04-01,0.9354456468519656,0.8684386707944665,0.9782266135729647
2020-04-02,0.9354456468519656,0.8890338085315896,0.9940509145887013
2020-04-03,0.9354456468519656,0.8845917483526637,0.9883786546283085
2020-04-07,0.9354456468519656,0.9153521475018473,1.0109505760098805
2020-04-08,0.9354456468519656,0.9194934431894917,1.0062445433444773
2020-04-09,0.9354456468519656,0.9286349485446903,1.0095637869721683
2020-04-10,0.9354456468519656,0.9028704211136672,1.0032739933136006
2020-04-13,0.9354456468519656,0.8961118959586217,0.9990364344881923
2020-04-14,0.9354456468519656,0.9125830898056743,1.0183183918570728
2020-04-15,0.9354456468519656,0.9069683373073769,1.0107748983198825
2020-04-16,0.9354456468519656,0.9111399986407759,1.0121111134771406
2020-04-17,0.9354456468519656,0.9114942645079103,1.0219889908647601
2020-04-20,0.9354456468519656,0.9256793590245975,1.0257075019697195
2020-04-21,0.9317938846134278,0.9225285617817982,1.013620344541215
2020-04-22,0.9408899142208732,0.9315341447226677,1.0219597112497605
2020-04-23,0.9357912887617225,0.9264862176117854,1.0193964140456975
2020-04-24,0.9163198265384629,0.9072083705071496,1.0106710887757926
2020-04-27,0.9158616666251937,0.9007390419783363,1.0175384893848087
2020-04-28,0.9158616666251937,0.8815812114735869,1.0245602734183685
2020-04-29,0.9158616666251937,0.8797636106777178,1.0293195417474075
2020-04-30,0.9158616666251937,0.8986206766911857,1.041443964140457
2020-05-06,0.9158616666251937,0.916789454734221,1.047744404931752
2020-05-07,0.9158616666251937,0.9158163080869499,1.0447206192372394
2020-05-08,0.9158616666251937,0.9262895639059474,1.0550297055003086
2020-05-11,0.9156653717475043,0.9265541788189499,1.0541140520857732
2020-05-12,0.9156739456876686,0.9265628547177369,1.054130022784864
2020-05-13,0.9152161087148248,0.932500061454283,1.0562621111134771
2020-05-14,0.9060177603581298,0.9235942513494638,1.0448084580822383
2020-05-15,0.9055647514779508,0.9272627105532187,1.04150784693682
2020-05-18,0.9010520461674963,0.9231055090511314,1.0441935861672451
2020-05-19,0.9006015201444126,0.9351086150228971,1.0530679712953301
2020-05-20,0.8915085954632647,0.9261348437109133,1.0474702412640275
2020-05-21,0.8813948986342279,0.915628330279899,1.0417660399054534
2020-05-22,0.8809542011849109,0.8994550089578655,1.0178818594152594
2020-05-25,0.8809542011849109,0.8986192307080546,1.0192819573688805
2020-05-26,0.8809542011849109,0.9184639032001053,1.0308474052937544
2020-05-27,0.8809542011849109,0.9148822029842201,1.0236180021720152
2020-05-28,0.8809542011849109,0.9115578877656813,1.0265512872383467
2020-05-29,0.8809542011849109,0.9193647506908185,1.0293168799642256
2020-06-01,0.9071319239109374,0.9471435326235484,1.05708460211665
2020-06-02,0.9098864866118428,0.9500195930714272,1.0603399629479782
2020-06-03,0.91072435007793,0.9508944128657795,1.0603612572134324
2020-06-04,0.9127172187187558,0.9529751825915199,1.059972636868891
2020-06-05,0.9116951637799583,0.9519080470407232,1.0650459956133813
2020-06-08,0.9095554959202808,0.9496740031030798,1.0705558867996847
2020-06-09,0.9146740800040143,0.9550183567558501,1.077231639019612
2020-06-10,0.914200444788474,0.9545238305249931,1.0752832137305424
2020-06-11,0.9118059556432425,0.9520237256912161,1.0636166180447606
2020-06-12,0.9128654028358983,0.9531299027865541,1.0655331019356487
2020-06-15,0.9129249534624136,0.953192080061194,1.0527325866144246
2020-06-16,0.930121235542424,0.9711468526008176,1.0685914908115244
2020-06-17,0.9347274072584677,0.9759561924950584,1.0693953493324249
2020-06-18,0.9314119607496857,0.9724945088790594,1.076526266476438
2020-06-19,0.935279981676598,0.9765331397643915,1.0909877345030983
2020-06-22,0.9391203046376891,0.9805428509871004,1.0918767700858159
2020-06-23,0.9381661097151535,0.9795465686097307,1.0971311300866675
2020-06-24,0.9340695805702175,0.975269350507757,1.1017093971593448
2020-06-29,0.9303871360143064,0.9714244813620004,1.0939183577862481
2020-06-30,0.9459118458570153,0.9876339522623129,1.1083558697642724
2020-07-01,0.9498338778172787,0.9917289764897603,1.130666936394029
2020-07-02,0.96065547306357,1.0030278886766506,1.1541065990928643
2020-07-03,0.9699398312067921,1.0127217595879525,1.1764016950235303
2020-07-06,1.005429234813327,1.049776523307079,1.2430767019441664
2020-07-07,1.0184181958851168,1.0633383990942362,1.2505403419859031
2020-07-08,1.0404699313735604,1.0863627884917095,1.2707352909861374
2020-07-09,1.0695015542489132,1.1166749328702332,1.2885080172909436
2020-07-10,1.0648219829234438,1.111788955870041,1.2651801494857435
2020-07-13,1.1026712532179335,1.1513076748446651,1.2917527309895445
2020-07-14,1.0953354469702237,1.1436483021989066,1.279436660207406
2020-07-15,1.0645186901977028,1.1114722855643167,1.2628750452503141
2020-07-16,1.0127844296371116,1.0574561397166742,1.2021278294755222
2020-07-17,1.0155680752021288,1.0603625658103073,1.2097006026277122
2020-07-20,1.0517526977507725,1.0981432130612763,1.245794382572773
2020-07-21,1.0579168800442513,1.104579283978073,1.2486531377100147
2020-07-22,1.0651626679030428,1.1121446677203064,1.254884372138583
2020-07-23,1.0631822633468364,1.1100769118427465,1.2543493537190433
2020-07-24,1.0152010771549997,1.0599793802805497,1.199290368603735
2020-07-27,1.0154365098644789,1.060225197412847,1.205375204957305
2020-07-28,1.0272580016769108,1.0725681094204353,1.2159717638040075
2020-07-29,1.0551969398006225,1.1017393731084735,1.2454510125423224
2020-07-30,1.054353536741371,1.1008587693815963,1.2393661761887522
2020-07-31,1.0690237643384999,1.1161760686899826,1.2497205127659121
2020-08-03,1.1032695292796688,1.1519323395573267,1.2700192713102363
2020-08-04,1.0942732299809859,1.1425392331373063,1.2712144119588595
2020-08-05,1.1081249826881021,1.1570019564151763,1.2715631055556738
2020-08-06,1.1078286144538168,1.156692516025108,1.2677434466898065
2020-08-07,1.094846577873482,1.1431378701536068,1.2531488895040566
2020-08-10,1.1010176846584159,1.1495811709860593,1.2576579502140073
2020-08-11,1.1004671758160867,1.1270990252627713,1.246188326483678
2020-08-12,1.1004671758160867,1.1142500191592766,1.23710099870105
2020-08-13,1.1056478949958233,1.1200527494646249,1.2339254913651754
2020-08-14,1.1141608282484545,1.1286765928588678,1.2522705010540662
2020-08-17,1.1381423493043659,1.1529705554455,1.281709823044654
2020-08-18,1.1495857070988567,1.1645630022080162,1.2810523625987522
2020-08-19,1.130277449535419,1.1450031883928042,1.261866229424416
2020-08-20,1.1157552190001627,1.1302917560163743,1.2454882775068672
2020-08-21,1.1224368153374475,1.137060403053338,1.2560528949553884
2020-08-24,1.1316434584426573,1.146386994249325,1.2659041545111902
2020-08-25,1.126724684467378,1.141404136379345,1.2675278422520815
2020-08-26,1.1010759759468332,1.1154212654955167,1.2526697685313346
2020-08-27,1.115040098349665,1.1295673184676627,1.2593827857158069
2020-08-28,1.1266547425275089,1.1413332832059182,1.28943964140457
2020-08-31,1.1300476403044208,1.1447703851086872,1.2819733395796513
2020-09-01,1.1294826164842686,1.150360555893755,1.288867358020485
2020-09-02,1.1340601731876134,1.1555979067948192,1.2893384936436618
2020-09-03,1.1334931431010198,1.1421936431689588,1.2822075764996488
2020-09-04,1.1334931431010198,1.1429021749032275,1.2697291369434212
2020-09-07,1.1334931431010198,1.129110387798216,1.2428850535550775
2020-09-08,1.1334931431010198,1.1390630896899958,1.2495448350759142
2020-09-09,1.0990946890048183,1.1050651343101432,1.2203184557398692
2020-09-10,1.098545141660316,1.0603741336753565,1.2196237303294222
2020-09-11,1.098545141660316,1.0776218204638426,1.231681608142927
2020-09-14,1.098545141660316,1.096636498638607,1.23800866676604
2020-09-15,1.098545141660316,1.099479301474469,1.2479717212154766
2020-09-16,1.098545141660316,1.0886763615015667,1.2396882519537487
2020-09-17,1.098545141660316,1.0911822502678683,1.2331269564106386
2020-09-18,1.098545141660316,1.1064981035931236,1.2609106492621538
2020-09-21,1.098545141660316,1.1060136992441847,1.2487569472541045
2020-09-22,1.098545141660316,1.0888440955447813,1.2339388002810843
2020-09-23,1.098545141660316,1.096295246619653,1.2383493750133088
2020-09-24,1.098545141660316,1.0644243324257379,1.2145902983326589
2020-09-25,1.098545141660316,1.0576860510345285,1.2164402376440024
2020-09-28,1.098545141660316,1.0417831285580224,1.2196050978471498
2020-09-29,1.098545141660316,1.0523879688419555,1.2222376014139393
2020-09-30,1.098545141660316,1.0513324011562082,1.2210664168139518
2020-10-09,1.098545141660316,1.0840940409589181,1.2460179723600435
2020-10-12,1.098545141660316,1.1190506831547302,1.2838206171078128
2020-10-13,1.098545141660316,1.1240161892271365,1.2880901173314026
2020-10-14,1.098545141660316,1.116440683602985,1.2795457933178596
2020-10-15,1.098545141660316,1.1054931453169667,1.2773205425778837
2020-10-16,1.098545141660316,1.104703638527353,1.2754413236515407
2020-10-19,1.098545141660316,1.0976978502568788,1.2658083303166456
2020-10-20,1.098545141660316,1.1094999645734132,1.275917782841081
2020-10-21,1.098545141660316,1.0920975575898932,1.2757474287174464
2020-10-22,1.098545141660316,1.0868139352286317,1.2717946806924894
2020-10-23,1.098545141660316,1.0682706475546258,1.2559597325440257
2020-10-26,1.098545141660316,1.0714807301058027,1.2487063733736503
2020-10-27,1.098545141660316,1.0736034333423465,1.2508464470518088
2020-10-28,1.098545141660316,1.0736193391567894,1.260958561359426
2020-10-29,1.098545141660316,1.0709081207858628,1.270447818402504
2020-10-30,1.098545141660316,1.04068418137834,1.2497950426950022
2020-11-02,1.098545141660316,1.0402489404558608,1.2565825898085645
2020-11-03,1.098545141660316,1.0615714077079577,1.2716828857988545
2020-11-04,1.098545141660316,1.0594660562689875,1.2812919230851132
2020-11-05,1.098545141660316,1.079417731512744,1.3003103639189966
2020-11-06,1.098545141660316,1.067069035572631,1.3004727326930858
2020-11-09,1.098545141660316,1.0915466380169208,1.3259273652605355
2020-11-10,1.098545141660316,1.0790359919661177,1.3186154468601605
2020-11-11,1.098545141660316,1.0628814684247894,1.3055780328357571
2020-11-12,1.098545141660316,1.0648957229264964,1.3065256276484742
2020-11-13,1.098545141660316,1.0651241882612197,1.2927881646472605
2020-11-16,1.098545141660316,1.0758259094149407,1.3053837226634868
2020-11-17,1.098545141660316,1.0662737448504926,1.3028869700389685
2020-11-18,1.098545141660316,1.0699682317506085,1.3020564936862502
2020-11-19,1.098545141660316,1.0748672225989813,1.3117240902025085
2020-11-20,1.098545141660316,1.081378484638598,1.3157966184706458
2020-11-23,1.098545141660316,1.0860475641691163,1.3322304678350119
2020-11-24,1.098545141660316,1.0863656804579718,1.3240481463341922
2020-11-25,1.098545141660316,1.0699783536325265,1.307121867081195
2020-11-26,1.098545141660316,1.062888698340445,1.3094881923298056
2020-11-27,1.098545141660316,1.0615453800115968,1.3257729818359916
2020-11-30,1.098545141660316,1.0568661785991604,1.3203110027469602
2020-12-01,1.098545141660316,1.0706073562945815,1.3487521560443774
2020-12-02,1.098545141660316,1.0734284693834761,1.3487628031771044
2020-12-03,1.098545141660316,1.0703311735165297,1.3460797257298611
2020-12-04,1.098545141660316,1.0745707960570932,1.348438065628926
2020-12-07,1.098545141660316,1.071438796594999,1.336811396690871
2020-12-08,1.098545141660316,1.0707215889619432,1.3335214326781797
2020-12-09,1.098545141660316,1.0496449388421434,1.3156395732629202
2020-12-10,1.098545141660316,1.049308024772583,1.3150593045292904
2020-12-11,1.098545141660316,1.0317219779314055,1.3015134899171652
2020-12-14,1.098545141660316,1.0416023806666272,1.313547411682034
2020-12-15,1.098545141660316,1.043589161488842,1.3162784012265498
2020-12-16,1.098545141660316,1.0327009085112013,1.3186127850769787
2020-12-17,1.098545141660316,1.04100808159972,1.3355443878963393
2020-12-18,1.098545141660316,1.0383850681997944,1.3308836055450268
2020-12-21,1.098545141660316,1.0518760908135245,1.3433593833180724
2020-12-22,1.098545141660316,1.032463767277691,1.321514128745129
2020-12-23,1.098545141660316,1.0397876718370203,1.332786780520006
2020-12-24,1.098545141660316,1.0212082345847353,1.3308969144609357
2020-12-25,1.098545141660316,1.0305275958650666,1.3420737420412683
2020-12-28,1.098545141660316,1.0220179851381852,1.3480361363684759
2020-12-29,1.098545141660316,1.0169657200779096,1.3423212878771746
2020-12-30,1.098545141660316,1.0227395307206346,1.3611587274546963
2020-12-31,1.098545141660316,1.0378702982051011,1.3871324077425948
2021-01-04,1.098545141660316,1.0585333971493889,1.4021528502374312
2021-01-05,1.098545141660316,1.057931868166826,1.428978301143502
2021-01-06,1.098545141660316,1.0444206017892594,1.4420662890483593
2021-01-07,1.098545141660316,1.0203016031614975,1.4676167458103533
2021-01-08,1.098545141660316,1.017223105075256,1.4627643150699516
2021-01-11,1.098545141660316,0.9939543445286166,1.4483188177423818
2021-01-12,1.098545141660316,1.0043046917814655,1.4896270309405677
2021-01-13,1.098545141660316,0.9911520292204272,1.4847346734524394
2021-01-14,1.098545141660316,0.9898853479975303,1.456117842465024
2021-01-15,1.098545141660316,0.9994216067475357,1.4528225548859692
2021-01-18,1.098545141660316,1.0166143461770374,1.468910372436703
2021-01-19,1.098545141660316,1.0169122187020567,1.4473499286642109
2021-01-20,1.098545141660316,1.0222450044897777,1.4577069270245524
2021-01-21,1.098545141660316,1.029963662443914,1.4812743553161134
2021-01-22,1.098545141660316,1.0212270323654404,1.4825546730265537
2021-01-25,1.098545141660316,1.0082753614596331,1.4974979238091182
2021-01-26,1.098545141660316,0.9947626490989355,1.4674330827708097
2021-01-27,1.098545141660316,0.9955188982765327,1.4714337428930389
2021-01-28,1.098545141660316,0.9801047180983586,1.4312780818125679
2021-01-29,1.098545141660316,0.9643478399180995,1.4245757117608229
2021-02-01,1.098545141660316,0.9697326810985424,1.4420609654819956
2021-02-02,1.098545141660316,0.9775973833489258,1.4642708843508443
2021-02-03,1.098545141660316,0.9617884497759449,1.4600413108749812
2021-02-04,1.098545141660316,0.9408665198511794,1.4570468047954686
2021-02-05,1.098545141660316,0.9238444064311546,1.459564851685441
2021-02-08,1.098545141660316,0.9266423837899508,1.4811652222056602
2021-02-09,1.098545141660316,0.9472187237463687,1.513556461744852
2021-02-10,1.098545141660316,0.9531082130395867,1.5458891420540448
2021-02-18,1.098545141660316,0.976177427914126,1.5354176870168863
2021-02-19,1.098545141660316,1.0012724651554215,1.5382019122250379
2021-02-22,1.098545141660316,1.0096345856029243,1.489887885692383
2021-02-23,1.098545141660316,1.0033170853028828,1.4851871765933433
2021-02-24,1.098545141660316,0.9997787645809324,1.4473632375801195
2021-02-25,1.098545141660316,0.9922423005013224,1.4558782819786633
2021-02-26,1.098545141660316,0.9873172819565887,1.4205298013245033
2021-03-01,1.098545141660316,1.012545349645951,1.4423617469815377
2021-03-02,1.098545141660316,1.0069219212488667,1.423955516279466
2021-03-03,1.098545141660316,1.0212617359605882,1.451260088158259
2021-03-04,1.0863707565076033,1.0104544580382926,1.405610506590575
2021-03-05,1.0858275711293495,1.0158956925608507,1.4008432529119907
2021-03-08,1.0698649921216021,1.0014691188612594,1.3521911799152488
2021-03-09,1.0693300596255413,0.973623821704496,1.3231724196673835
2021-03-10,1.0693300596255413,0.9627066490642321,1.3318524946231978
2021-03-11,1.0693300596255413,0.9852567559946845,1.3650209748514726
2021-03-12,1.0693300596255413,0.9874951378817214,1.3698547731096016
2021-03-15,1.0693300596255413,0.986915298646126,1.3403515683226506
2021-03-16,1.0693300596255413,0.9984773797628878,1.3520155022252507
2021-03-17,1.0693300596255413,1.0029411296887811,1.3577383360660973
2021-03-18,1.0701428394268828,1.0042049189454156,1.3686276910627968
2021-03-19,1.0644814662362545,0.9988923769215309,1.3327787951704606
2021-03-22,1.0639492255031364,1.0177986063614581,1.3461036817784968
2021-03-23,1.0503166542866518,1.0052662705636877,1.333353740337727
2021-03-24,1.0389918176674677,0.9944271810125063,1.3119104150252336
2021-03-25,1.038472321758634,0.9906097855462419,1.311287557760695
2021-03-26,1.038472321758634,1.0051462539638012,1.341003705202189
2021-03-29,1.0416161905320147,1.0086918046014075,1.3433700304507996
2021-03-30,1.0410953824367488,1.0015688916973096,1.3561066629756604
2021-03-31,1.0410953824367488,1.0033850465100473,1.3437639743617042
2021-04-01,1.0410953824367488,1.0060109518762355,1.3603788249824322
2021-04-02,1.0410953824367488,1.0078184307901863,1.3738953599795576
2021-04-06,1.0410953824367488,1.019947337294363,1.3682470560678008
2021-04-07,1.0441894725244816,1.0234885499825759,1.3585049296224525
2021-04-08,1.0378179568998718,1.0172433488390924,1.360759459977428
2021-04-09,1.039533648650606,1.0189250272206325,1.340298332659015
2021-04-12,1.0235569146347399,1.003265029910161,1.3169837737697239
2021-04-13,1.0168106907515861,0.9966525490513628,1.314825067609293
2021-04-14,1.0298517183324036,1.009435039930824,1.3257357168714465
2021-04-15,1.0263937807023769,1.0060456554713832,1.3173085113179022
2021-04-16,1.0411268963640992,1.0204866890022861,1.3218894401737613
2021-04-19,1.0553068010141917,1.0343854788590037,1.3540544281425013
2021-04-20,1.0522825808172827,1.031421213440124,1.353082877281148
2021-04-21,1.0495504560345141,1.0287432526812141,1.357174038031558
2021-04-22,1.053951065228358,1.0330566203614668,1.3546453440088584
2021-04-23,1.0457133844578506,1.024982250557065,1.366945444091906
2021-04-26,1.0436569147239525,1.022966550072227,1.3514512041907114
2021-04-27,1.0388048853446188,1.018210711553839,1.3549860522561274
2021-04-28,1.0429547055465238,1.0222782621017943,1.3626306935542258
2021-04-29,1.0380495679100739,1.0174703681906847,1.3745900853900044
2021-04-30,1.03428035688417,1.0137758812905688,1.363761951406486
2021-05-06,1.0417051862749231,1.0210535143897013,1.3471604097016672
2021-05-07,1.0336283055051294,1.0131367567465959,1.3298401865377654
2021-05-10,1.033111491352377,1.0202755754651367,1.3288739592427758
2021-05-11,1.033111491352377,1.0219543618804143,1.337029662911778
2021-05-12,1.0454000370482872,1.034621174109383,1.3427498349694427
2021-05-13,1.039342533556249,1.0286261280475901,1.3290203573177743
2021-05-14,1.0515378981602148,1.0406957492433893,1.3603282511019783
2021-05-17,1.0428826519742926,1.0321297451743927,1.3801319179744893
2021-05-18,1.0496867508074863,1.0388636886162086,1.3808266433849365
2021-05-19,1.0498255503327503,1.039001057013669,1.3767461297672539
2021-05-20,1.046450530297389,1.0356608359806874,1.3805098911863034
2021-05-21,1.0492951900414793,1.0384761651370575,1.3665994122782734
2021-05-24,1.0569130924070091,1.0460155211829298,1.3723062754200295
2021-05-25,1.0645105401056583,1.053534633464966,1.4156640616681926
2021-05-26,1.0702962887377063,1.0592607266643628,1.4162256979195502
2021-05-27,1.0791400100684605,1.068013262557279,1.4209210834522261
2021-05-28,1.0766211639468315,1.0655203876391577,1.4163587870786398
2021-05-31,1.0926941489723772,1.0814276480650578,1.4191483358531547
2021-06-01,1.0983571696031393,1.087032278681437,1.4218393986499436
2021-06-02,1.0865679762415241,1.0753646407961004,1.4080753178169119
2021-06-03,1.0870209010081744,1.0758128955667603,1.398844253742467
2021-06-04,1.0912199519093122,1.0799686510857165,1.4060284065501159
2021-06-07,1.1017833263057029,1.090423109124009,1.404790677370584
2021-06-08,1.096786543396207,1.0854778468154391,1.3926769021102616
2021-06-09,1.0993068505654704,1.0879721677166914,1.3938294542279763
2021-06-10,1.1079504083703178,1.0965266039206387,1.403151018930602
2021-06-11,1.1002127000987707,1.0888686772580112,1.390701858989374
2021-06-15,1.0941464303209263,1.0828649552974314,1.375226251570452
2021-06-16,1.07581904879557,1.0647265429001505,1.3523162837247928
2021-06-17,1.0863780400490577,1.0751766629890496,1.3580124997338217
2021-06-18,1.0981730776012104,1.0868500848069107,1.3581668831583655
2021-06-21,1.1140020676718185,1.1025158660499066,1.3549514490747643
2021-06-22,1.1197016144934395,1.108156646244565,1.3634079342433083
2021-06-23,1.1254347654106507,1.11383068405124,1.3701236132109624
2021-06-24,1.1149722033010303,1.1034759988489973,1.3724074231809373
2021-06-25,1.1180710853334985,1.1065429290701894,1.3947664019079662
2021-06-28,1.1283013408692564,1.1166677029545773,1.3979046442792955
2021-06-29,1.1192998263939917,1.1077590008834957,1.3816092076403823
2021-06-30,1.1302270016513372,1.1185735087214472,1.390526181299376
2021-07-01,1.1107863018286022,1.0993332571782217,1.3920221034475415
2021-07-02,1.1090754150487718,1.0976400109316324,1.3524839760652456
2021-07-05,1.1276745514341182,1.1160473761913094,1.3537270288111412
2021-07-06,1.1274290954315465,1.1158044510252743,1.3530110091352399
2021-07-07,1.1393395557468131,1.1275921055104972,1.3682869828155277
2021-07-08,1.1377397085871936,1.126008753981876,1.3543844892570431
2021-07-09,1.1481248351721929,1.136286802078167,1.3493750133089157
2021-07-12,1.1685911904342456,1.1565421337794675,1.3662161155000958
2021-07-13,1.1791531037830019,1.1669951458346288,1.368715529907796
2021-07-14,1.1673829040406334,1.1553463057299973,1.3530056855688763
2021-07-15,1.1618616050304036,1.1498819354773406,1.3712069589659504
2021-07-16,1.1634935952379788,1.1514970986348474,1.3561173101083879
2021-07-19,1.1607891960667867,1.1488205838590686,1.361100168224697
2021-07-20,1.1676546589006234,1.1556152585923931,1.359902365792892
2021-07-21,1.18984651141885,1.1775782963715946,1.369231915845063
2021-07-22,1.1997100439983843,1.1873401284900609,1.3712841506782223
2021-07-23,1.1873700356786174,1.175127354964277,1.3546426822256765
2021-07-26,1.1737559938216924,1.1616536841481206,1.3110080705266072
2021-07-27,1.1433325989315064,1.1315439774079596,1.2646957049466578
2021-07-28,1.1142592120554649,1.102770359080991,1.2671365601243583
2021-07-29,1.1137020824494372,1.1417685241283975,1.2910367113136434
2021-07-30,1.1247051863580433,1.1536198018713915,1.2806291390728477
2021-08-02,1.1479969213438264,1.1775103351644298,1.313254615532037
2021-08-03,1.134962459312683,1.1641407751337172,1.313446263921126
2021-08-04,1.1583401884779927,1.1881195133977567,1.325261919465088
2021-08-05,1.1505499616573027,1.1801290106149622,1.3172286578224484
2021-08-06,1.1577917993659317,1.187557025959735,1.3100125636166182
2021-08-09,1.1634927905463281,1.1934045817421493,1.3270479759800686
2021-08-10,1.1712068913720273,1.2013170014358612,1.342377185323992
2021-08-11,1.18367886688463,1.2141096141972407,1.3349747662954365
2021-08-12,1.1918863769371193,1.222528127986859,1.323797938715104
2021-08-13,1.1950371472853354,1.2257599002850033,1.316512638146547
2021-08-16,1.1856680109389177,1.2161498963953088,1.3152057026042885
2021-08-17,1.1518144990185328,1.1814260574836133,1.2876109963586804
2021-08-18,1.161351394502059,1.1912081333659161,1.30274057196397
2021-08-19,1.1642300849052165,1.1941608309197465,1.294196247950427
2021-08-20,1.1651294994386223,1.195083368157427,1.2694762675411513
2021-08-23,1.1982654533691894,1.2290712016553613,1.2872064053150487
2021-08-24,1.2059443106786898,1.2369474717707944,1.3011834288026236
2021-08-25,1.2147410923220312,1.2459704065092376,1.3037839909712314
2021-08-26,1.2057765515415813,1.2367753997781863,1.278084474351057
2021-08-27,1.2093192297899331,1.240409155386793,1.284853388982347
2021-08-30,1.2172391527502364,1.2485326886176547,1.2811881135410235
2021-08-31,1.2186644005453355,1.2499945775632582,1.2791491876237728
2021-09-01,1.1998288557477899,1.2306747969478187,1.2961446732394966
2021-09-02,1.222077382654074,1.2534953027237983,1.2961313643235877
2021-09-03,1.2176254216877804,1.2489288879955927,1.2891175656395732
2021-09-06,1.2271143859892761,1.258661800451436,1.3132519537488552
2021-09-07,1.2495800129553478,1.2817049876296143,1.3289830923532293
2021-09-08,1.2593368279799577,1.2917126368803782,1.3234732011669257
2021-09-09,1.2598260079848038,1.292214393026891,1.3229089031323864
2021-09-10,1.2600149132316318,1.2924081547664665,1.334490321756351
2021-09-13,1.269747762665226,1.3023912223040004,1.32867166372096
2021-09-14,1.2622493521586664,1.2947000380293565,1.3088413790166307
2021-09-15,1.2776183447028502,1.3104641461252715,1.2955750516385935
2021-09-16,1.2480899170904416,1.2801765834599774,1.2797055003087667
2021-09-17,1.2455509741834452,1.2775723678407567,1.2925459423777175
2021-09-22,1.2549313884550468,1.2871939395955008,1.2834506292455443
2021-09-23,1.2567612318161137,1.2890708256997474,1.2918166137859073
2021-09-24,1.229706899040895,1.2613209634296407,1.290813121526373
2021-09-27,1.1833701336827238,1.2137929438915165,1.2982501437362917
2021-09-28,1.1827784486158825,1.215730561287272,1.2999696556717275
2021-09-29,1.1827784486158825,1.1685336718861838,1.2866873575945998
2021-09-30,1.1827784486158825,1.20370721155167,1.2953248440195055
2021-10-08,1.1827784486158825,1.2134083123786277,1.312243137922957
2021-10-11,1.1827784486158825,1.2062029784360535,1.3139067524115755
2021-10-12,1.1827784486158825,1.1778949666773186,1.2999723174549094
2021-10-13,1.1827784486158825,1.183437420019058,1.3149501714188367
2021-10-14,1.1827784486158825,1.1949084041985565,1.3078964459870956
2021-10-15,1.1827784486158825,1.1890782002137164,1.3128207448734055
2021-10-18,1.1827784486158825,1.2074797815408684,1.2975607418922084
2021-10-19,1.1827784486158825,1.2168902397584629,1.3103213304657055
2021-10-20,1.1827784486158825,1.222636576721696,1.3069834543557421
2021-10-21,1.1827784486158825,1.2190259568431876,1.3117320755520538
2021-10-22,1.1827784486158825,1.204895809685484,1.320172590021507
2021-10-25,1.1827784486158825,1.2212412030001258,1.3254402589382681
2021-10-26,1.1827784486158825,1.217699990311913,1.3210696109537703
2021-10-27,1.1827784486158825,1.204723737692876,1.3037839909712314
2021-10-28,1.1827784486158825,1.1755972994819042,1.2947286045867847
2021-10-29,1.1827784486158825,1.1947088585264565,1.30660814292711
2021-11-01,1.1827784486158825,1.211521304392463,1.3017956389344347
2021-11-02,1.1827784486158825,1.1947377781890796,1.288263133238219
2021-11-03,1.1827784486158825,1.1985219160433274,1.283274951555546
2021-11-04,1.1827784486158825,1.2161354365639971,1.2959530248504076
2021-11-05,1.1827784486158825,1.2016871731174386,1.2889285790336662
2021-11-08,1.1827784486158825,1.2117960411873836,1.2904803986286493
2021-11-09,1.1827784486158825,1.22990408793891,1.2900971018504717
2021-11-10,1.1861390823397837,1.234013571997669,1.2832962458210002
2021-11-11,1.1944700537620632,1.242680794885847,1.303914418347139
2021-11-12,1.2106997423336279,1.2595655399084116,1.3011781052362599
2021-11-15,1.2109916182092832,1.2598691963659552,1.2995836971103683
2021-11-16,1.197761301731359,1.2461048829404358,1.2998339047294563
2021-11-17,1.2217646177912131,1.2710770116155825,1.300480718042631
2021-11-18,1.2201857082924297,1.269434374778584,1.28766955558868
2021-11-19,1.2321970955182118,1.2819305609980753,1.3016279465939824
2021-11-22,1.2510675658218968,1.3015626739698454,1.307574370222099
2021-11-23,1.2514178168726835,1.301927061718898,1.3078272396243693
2021-11-24,1.250672838447201,1.3011520147605957,1.3087082898575413
2021-11-25,1.2487756452554408,1.2991782477865612,1.3033261642639635
2021-11-26,1.2523712780664913,1.3029190061468743,1.2936612295308874
2021-11-29,1.2615889961967144,1.3125087662727326,1.291342816379549
2021-11-30,1.272746993957485,1.3241171188496914,1.2861816187900597
2021-12-01,1.2782954153651827,1.3298894835092852,1.2893278465109346
2021-12-02,1.2609788366280825,1.3118739796781531,1.292604501607717
2021-12-03,1.2683897040994863,1.3195839617335026,1.3045452609612231
2021-12-06,1.248792323876907,1.2991955995841353,1.3023093630885203
2021-12-07,1.2278453652007018,1.277403187814411,1.3101562999084346
2021-12-08,1.2496206954097193,1.3000574055303071,1.3298082451395838
2021-12-09,1.248874327099115,1.2992809125888738,1.3518371627520707
2021-12-10,1.2560794915724376,1.3067768891408114,1.3455633397925937
2021-12-13,1.2643757158666626,1.31540796245071,1.353197333957965
2021-12-14,1.2690207119449506,1.3202404380750494,1.344120653308064
2021-12-15,1.2701298402724412,1.3213943326137156,1.3324620429718275
2021-12-16,1.2805915055870054,1.332278247641963,1.3401359638849257
2021-12-17,1.268306310992156,1.3194972027456329,1.318849683780158
2021-12-20,1.2491036581442727,1.2995194998055153,1.2990619876067375
2021-12-21,1.2484791063152005,1.319004122497907,1.3078645045889141
2021-12-22,1.2576121063010848,1.329312536239952,1.3081200357743659
2021-12-23,1.257323460469052,1.3290074337992774,1.3172472903047208
2021-12-24,1.2328364443866369,1.3031243357514992,1.3099540043866187
2021-12-27,1.2366093600489443,1.3071123572272407,1.3094163241838972
2021-12-28,1.23599105536892,1.3190070144641695,1.3191690977619728
2021-12-29,1.23599105536892,1.3184098234309998,1.2998764932603648
2021-12-30,1.23599105536892,1.3305329460026518,1.309999254700709
2021-12-31,1.2449100485900366,1.3407994262338936,1.3150193777815633
2022-01-04,1.2523505791535756,1.3488130647467866,1.30900374779072
2022-01-05,1.226233538184156,1.3206843548963156,1.2957879942931367
2022-01-06,1.2396538816545883,1.3351384022753991,1.2825083579991907
2022-01-07,1.2138214658167947,1.3073162408487342,1.2836103362364515
2022-01-10,1.2231952991611883,1.3174120950704988,1.2893810821745704
2022-01-11,1.2139772040963637,1.307483974891949,1.2770623496092504
2022-01-12,1.2133702154943156,1.3286979934092087,1.2897883350013841
2022-01-13,1.198913065106954,1.3135310763464634,1.2685845701752518
2022-01-14,1.1983136085744006,1.315418084332628,1.25815304188582
2022-01-17,1.1983136085744006,1.3402022352007243,1.268946572687975
2022-01-18,1.1825513748787664,1.3232437450384704,1.2812094078064777
2022-01-19,1.177552988095403,1.3176506822871403,1.272433508656119
2022-01-20,1.1769642116013554,1.2828097187418213,1.2839137795191755
2022-01-21,1.1769642116013554,1.2636677940515146,1.2721486978556675
2022-01-24,1.1769642116013554,1.2664007021694084,1.2741264027597368
2022-01-25,1.1769642116013554,1.2108633820677848,1.245301952684142
2022-01-26,1.1769642116013554,1.2185748101062652,1.2543147505376804
2022-01-27,1.1769642116013554,1.179579537025121,1.229711888588403
2022-01-28,1.1769642116013554,1.1916043327438544,1.2147766231553843
2022-02-07,1.1769642116013554,1.2055479480776377,1.2334942824897255
2022-02-08,1.1769642116013554,1.219487225462028,1.2267546474734354
2022-02-09,1.1769642116013554,1.2423814763776966,1.2382775068674008
2022-02-10,1.1769642116013554,1.2373552390137816,1.2350301313856178
2022-02-11,1.1769642116013554,1.2103413821574358,1.2247929132684567
2022-02-14,1.1769642116013554,1.2100955650251384,1.2115611890717828
2022-02-15,1.1769642116013554,1.221468222351718,1.2244468814548244
2022-02-16,1.1769642116013554,1.2364717433206425,1.229208811567045
2022-02-17,1.1769642116013554,1.236360402619543,1.2321820233811034
2022-02-18,1.1769642116013554,1.2451418581750826,1.2380592406464939
2022-02-21,1.1769642116013554,1.265138358895905,1.233552841719725
2022-02-22,1.1769642116013554,1.2522271755177705,1.2175395540980813
2022-02-23,1.1769642116013554,1.2752168613200958,1.2305556738570302
2022-02-24,1.1769642116013554,1.2429295039844064,1.2056067800941206
2022-02-25,1.1769642116013554,1.2551581833246332,1.2173452439258108
2022-02-28,1.1769642116013554,1.2599588473200871,1.2195358914844232
2022-03-01,1.1769642116013554,1.268284818189311,1.229661314707949
2022-03-02,1.1769642116013554,1.2713083689165683,1.2187240476139776
2022-03-03,1.1769642116013554,1.2640423036824853,1.2115452183726922
2022-03-04,1.1769642116013554,1.245954500694795,1.1968521752092163
2022-03-07,1.1769642116013554,1.2244570694838273,1.158615659802815
2022-03-08,1.1769642116013554,1.1845840846420685,1.13535433657716
2022-03-09,1.1769642116013554,1.1721616435622662,1.124962735035455
2022-03-10,1.1769642116013554,1.1981343925641765,1.142660931411171
2022-03-11,1.1769642116013554,1.2054279314777512,1.1463022508038585
2022-03-14,1.1769642116013554,1.1714444359292104,1.1112305956006048
2022-03-15,1.1769642116013554,1.11212442395647,1.060403845744341
2022-03-16,1.1769642116013554,1.1491444840804486,1.1062583846170226
2022-03-17,1.1769642116013554,1.1722440646007424,1.1279838589467857
2022-03-18,1.1769642116013554,1.1851624778945329,1.135490087519431
2022-03-21,1.1769642116013554,1.2008615167495456,1.1335869125444518
2022-03-22,1.1769642116013554,1.198975954746512,1.1326685973467345
2022-03-23,1.1769642116013554,1.203616114614407,1.1383169012584913
2022-03-24,1.1769642116013554,1.1896912970613285,1.1316065458572007
2022-03-25,1.1769642116013554,1.1823804063501795,1.1111800217201506
2022-03-28,1.1769642116013554,1.1783128558022242,1.1042327676156811
2022-03-29,1.1769642116013554,1.1696412949646529,1.1004184323161774
2022-03-30,1.1769642116013554,1.1894310200977196,1.13234918336492
2022-03-31,1.1769642116013554,1.1823442567719005,1.1239645663422841
2022-04-01,1.1769642116013554,1.1799150051115503,1.1382210770639467
2022-04-06,1.1769642116013554,1.1871622725649282,1.1349417601839824
2022-04-07,1.1769642116013554,1.1576598787398547,1.1203711590468688
2022-04-08,1.1769642116013554,1.1492977582923518,1.1261392432018058
2022-04-11,1.1769642116013554,1.112977554003855,1.0913497370158216
2022-04-12,1.1769642116013554,1.1294892353785801,1.112617384638317
2022-04-13,1.1769642116013554,1.103919915670264,1.101909030897979
2022-04-14,1.1769642116013554,1.1143570219109824,1.115705053129192
2022-04-15,1.1769642116013554,1.0942014630457322,1.1149544302719276
2022-04-18,1.1769642116013554,1.1025664754594973,1.1090000212942654
2022-04-19,1.1769642116013554,1.1106654269771288,1.1006207278379931
2022-04-20,1.1769642116013554,1.09494614435828,1.083556035859543
2022-04-21,1.1769642116013554,1.0480644792797846,1.0636033091288515
2022-04-22,1.1769642116013554,1.0330089029181386,1.0682401354315283
2022-04-25,1.1769642116013554,0.951052025027076,1.0154463278039223
2022-04-26,1.1769642116013554,0.9190741080814552,1.0072506973871935
2022-04-27,1.1769642116013554,0.9569386223540316,1.0369082855986882
2022-04-28,1.1769642116013554,0.9444728017802944,1.0437144651945232
2022-04-29,1.1769642116013554,0.9864337862634495,1.0690360086028832
2022-05-05,1.1769642116013554,1.0054282206743776,1.0674309533442643
2022-05-06,1.1769642116013554,0.9943303001427185,1.0404431336641042
2022-05-09,1.1769642116013554,1.0109113887077394,1.03209045803965
2022-05-10,1.1769642116013554,1.0302268313737852,1.0433844040799811
2022-05-11,1.1769642116013554,1.0343580051795116,1.0584367879729988
2022-05-12,1.1769642116013554,1.0429644967761806,1.0537307553075956
2022-05-13,1.1769642116013554,1.0485358697805431,1.061678839888418
2022-05-16,1.1769642116013554,1.0516779911245555,1.053145163007602
2022-05-17,1.1769642116013554,1.0523547112299387,1.0662810630097315
2022-05-18,1.1769642116013554,1.0572739458421478,1.0625598901215902
2022-05-19,1.1769642116013554,1.064839329584381,1.064606801388386
2022-05-20,1.1769642116013554,1.0774613163362836,1.0853687102063414
2022-05-23,1.1769642116013554,1.094317141696225,1.0790815783309555
2022-05-24,1.1769642116013554,1.0470219254422177,1.053839888418049
2022-05-25,1.1769642116013554,1.0696616833268024,1.0602361534038882
2022-05-26,1.1769642116013554,1.0759242362678596,1.0628606716211324
2022-05-27,1.1769642116013554,1.0760428068846148,1.0650593045292902
2022-05-30,1.1769642116013554,1.0866433092191545,1.0724377675092098
2022-05-31,1.1769642116013554,1.0969517229611998,1.0890739123953919
2022-06-01,1.1769642116013554,1.1029583368880418,1.0868539852217798
2022-06-02,1.1769642116013554,1.1105830059386528,1.088554864674943
2022-06-06,1.197847882284327,1.1308441215724778,1.1089228295819935
2022-06-07,1.195060262493803,1.1282124322737652,1.1123937948510465
2022-06-08,1.1944521937812544,1.1276383769706944,1.1232219288345648
2022-06-09,1.1742848367582706,1.1085991170827,1.1114728178701476
2022-06-10,1.1997823678862125,1.1326703982671338,1.1283272289772364
2022-06-13,1.210350816542595,1.1426476818721434,1.1151141372628353
2022-06-14,1.2103753230902037,1.1426708176022418,1.1238873746300122
2022-06-15,1.204164444930547,1.1368073560053849,1.1387694043993952
2022-06-16,1.214153926399667,1.1462380579868154,1.131273822959477
2022-06-17,1.223996368583133,1.1555299455876549,1.1469730201656694
2022-06-20,1.2389897807421661,1.1696846744585878,1.1526665743915163
2022-06-21,1.2289466912001517,1.1602033630675666,1.1513729477651666
2022-06-22,1.2166367460043044,1.148581996642427,1.1367464491812354
2022-06-23,1.2432477933892305,1.1737045075632149,1.1562466727710228
2022-06-24,1.2566758498197386,1.1863814416741014,1.1697924873831478
2022-06-27,1.26922932883245,1.1982327194170952,1.1829656523498222
2022-06-28,1.2857360203063393,1.213816079621615,1.195279061348779
2022-06-29,1.2515218165257203,1.1815157084377454,1.176870168863525
2022-06-30,1.2625558895866735,1.1919325709146276,1.193812418815613
2022-07-01,1.2640247507839883,1.1933192687374108,1.1889440173761205
2022-07-04,1.2760145792016933,1.2046384246881376,1.1967457038819445
2022-07-05,1.2655947014901903,1.1948014014468507,1.1950182065969635
2022-07-06,1.2523795456920355,1.1823254589911953,1.177564894273972
2022-07-07,1.2676823530146324,1.196772276454623,1.1827553714784609
2022-07-08,1.2647369723238753,1.1939916508934005,1.1788452119844124
2022-07-11,1.2513778405585176,1.1813797860234163,1.1591054279082642
2022-07-12,1.2304691604703615,1.1616406702999402,1.1481921168629288
2022-07-13,1.245272646885425,1.1756160972626093,1.1502789548774515
2022-07-14,1.2565134939418297,1.1862281674621984,1.1504413236515405
2022-07-15,1.2387186770592422,1.1694287354443724,1.1308665701326632
2022-07-18,1.2664769372041147,1.1956342877303994,1.1425943868316262
2022-07-19,1.279382697838706,1.2078181415935603,1.1364057409339665
2022-07-20,1.2939579670291603,1.2215781170696862,1.1402546794148336
2022-07-21,1.2874009338845265,1.2153878632851869,1.1275473265049722
2022-07-22,1.283248605724026,1.21146780301661,1.1281249334554202
2022-07-25,1.2679488617198804,1.1970238775194448,1.1213134302932222
2022-07-26,1.2673148872890205,1.2116326450935622,1.130187815421307
2022-07-27,1.2673148872890205,1.226315157807369,1.1246140414386405
2022-07-28,1.2752467126677625,1.2346035331151826,1.1247817337790933
2022-07-29,1.2720952484603347,1.2315525087084334,1.109990204637891
2022-08-01,1.2807401180492406,1.2399218590715921,1.1149357977896552
2022-08-02,1.2319058650985049,1.1926439946151588,1.0931996763271652
2022-08-03,1.2312899121659557,1.183869768975275,1.0825418964672813
2022-08-04,1.2442078838106834,1.1968821711725912,1.0917410191435446
2022-08-05,1.2584352790333566,1.2105684015090281,1.106479312621111
2022-08-08,1.2804189721270278,1.2317159048022546,1.1041262962884095
2022-08-09,1.2851779719447758,1.2362938873955096,1.10631428206384
2022-08-10,1.2919061094003157,1.2427661078905854,1.0939236813526116
2022-08-11,1.3062748015221892,1.2565882606413514,1.1162294244160047
2022-08-12,1.2976827475240065,1.2483230210636365,1.115593258235557
2022-08-15,1.3084844445203223,1.2587138558441577,1.1141372628351185
2022-08-16,1.3214161171141585,1.271153648721534,1.1120504248205958
2022-08-17,1.3227854945096003,1.2724709393540217,1.122463320627755
2022-08-18,1.3294865751121017,1.2789171321527364,1.1126519878196803
2022-08-19,1.3075254293959626,1.2577913186064773,1.1049248312429463
2022-08-22,1.3164421656306058,1.266368890540523,1.1129980196333127
2022-08-23,1.3250236975192737,1.27462400823632,1.1075892762079171
2022-08-24,1.2771601244944073,1.228581013373898,1.0866516896999638
2022-08-25,1.268049480812989,1.2198169096159324,1.0956538404207745
2022-08-26,1.2674154560725825,1.2135239910291205,1.0933407508358
2022-08-29,1.2674154560725825,1.2233422164897025,1.088541555759034
2022-08-30,1.2674154560725825,1.2146908994159675,1.0848869274504376
2022-08-31,1.2228002616861269,1.172539045159499,1.0856987713208832
2022-09-01,1.2221888615552838,1.1676313784123393,1.0763559123528033
2022-09-02,1.2221888615552838,1.184796644162349,1.0709977428078619
2022-09-05,1.2221888615552838,1.188249651879561,1.0688204041651583
2022-09-06,1.2221888615552838,1.2099625345770717,1.0786290751900514
2022-09-07,1.2221888615552838,1.217600217475863,1.0793477566491343
2022-09-08,1.2221888615552838,1.2037549289949983,1.074742871744639
2022-09-09,1.2221888615552838,1.2010682923373015,1.089678137177658
2022-09-13,1.2221888615552838,1.2024304084468551,1.0942883456485166
2022-09-14,1.2221888615552838,1.1894223441989327,1.0821106875918316
2022-09-15,1.2221888615552838,1.1532713199367814,1.0719320287046699
2022-09-16,1.2221888615552838,1.128400410080816,1.0467941483358532
2022-09-19,1.2221888615552838,1.1145117421060167,1.0455484338067758
2022-09-20,1.2221888615552838,1.1333051848617133,1.0468367368667617
2022-09-21,1.2221888615552838,1.1360829184566732,1.0390882860245736
2022-09-22,1.2221888615552838,1.1356534614667186,1.0299344136624007
2022-09-23,1.2221888615552838,1.1100769118427465,1.0263889184642576
2022-09-26,1.2221888615552838,1.0932326543478543,1.0212410297906773
2022-09-27,1.2221888615552838,1.1178953426329328,1.0360458678477886
2022-09-28,1.2221888615552838,1.0826379359458393,1.0191195885947915
2022-09-29,1.2221888615552838,1.081196290764072,1.0187016886352505
2022-09-30,1.2221888615552838,1.064918858656595,1.0127792210557696
2022-10-10,1.2221888615552838,1.0451407013885776,0.9904335512446498
2022-10-11,1.2221888615552838,1.0550485778032914,0.9922302548923575
2022-10-12,1.2221888615552838,1.0872245944378813,1.0073012712676477
2022-10-13,1.2221888615552838,1.0975243322811397,0.9988793892804667
2022-10-14,1.2221888615552838,1.1230387046304717,1.0227822022529331
2022-10-17,1.2221888615552838,1.1378846134380995,1.0238309448265581
2022-10-18,1.2221888615552838,1.1437842246132357,1.0216642533165818
2022-10-19,1.2221888615552838,1.1359325362110326,1.0052304039522157
2022-10-20,1.2221888615552838,1.1287373241503764,0.999480952279551
2022-10-21,1.2221888615552838,1.1305708307606883,0.9962761653286769
2022-10-24,1.2221888615552838,1.119245890877437,0.9671243159217222
2022-10-25,1.2221888615552838,1.1176119299392253,0.965548540278103
2022-10-26,1.2221888615552838,1.139984180944545,0.9733874917484722
2022-10-27,1.2221888615552838,1.1336898163746023,0.9665307382721833
2022-10-28,1.2221888615552838,1.0920050146694988,0.942625263516535
2022-10-31,1.2221888615552838,1.1033617661816357,0.933939864994357
2022-11-01,1.2221888615552838,1.131045113227709,0.9673372585762654
2022-11-02,1.2221888615552838,1.146621243516573,0.9789532803815932
2022-11-03,1.2221888615552838,1.1526162895783658,0.9709918868848619
2022-11-04,1.2221888615552838,1.1750102303306529,1.002738974894061
2022-11-07,1.22710812874505,1.1803271103039312,1.0049030046208556
2022-11-08,1.2261445178388346,1.179400235116857,0.9979903536977491
2022-11-09,1.2267007363026408,1.1799352488753867,0.9886581418623964
2022-11-10,1.2183875252084573,1.1719389621600673,0.9810507655288431
2022-11-11,1.2199870291151864,1.1734774882116226,1.0084005877217266
2022-11-14,1.2137318263370855,1.1674607524028624,1.0098858627371647
2022-11-15,1.2396531100435968,1.192393839533468,1.0290373927301377
2022-11-16,1.2328762645440345,1.1858753475781951,1.0206314814420476
2022-11-17,1.2371952257508319,1.19002965711402,1.0164444964970933
2022-11-18,1.2270104146905978,1.1802331214004056,1.0118955090394157
2022-11-21,1.2353807509243073,1.1882843554747091,1.0032606843976917
2022-11-22,1.2159100981048019,1.1695559819599146,1.0033778028576905
2022-11-23,1.2111356390749417,1.1649635395353477,1.004431868997679
2022-11-24,1.2160769636439437,1.1697164860874734,0.9999813675177275
2022-11-25,1.2013131216627544,1.1555154857563432,1.0050307702135814
2022-11-28,1.1973053421370594,1.1516604947286686,0.9937075445582504
2022-11-29,1.216684294074694,1.1703006632724622,1.0243659632460977
2022-11-30,1.2165038988972434,1.170127145296723,1.0255957070760844
2022-12-01,1.2269142039292906,1.1801405784800114,1.0367033282936904
2022-12-02,1.2338669347268674,1.18682825046163,1.0303629607546687
2022-12-05,1.2411924822245086,1.1938745262597765,1.0505738804539937
2022-12-06,1.2348996971177721,1.1878216408727376,1.0562488021975682
2022-12-07,1.2352965665081639,1.1882033804193641,1.053650901812142
2022-12-08,1.228482138679966,1.1816487388858121,1.0538478737675943
2022-12-09,1.2284084773158404,1.1815778857123853,1.0642447988756627
2022-12-12,1.2262467417727236,1.179498561969776,1.0523200102212473
2022-12-13,1.216404681549646,1.1700317104100664,1.050254466472179
2022-12-14,1.2157964792088714,1.1655072291926643,1.0527059687826068
2022-12-15,1.2157964792088714,1.1719245023287557,1.0519340516598878
2022-12-16,1.2157964792088714,1.1579620892142672,1.0525302910926086
2022-12-19,1.2157964792088714,1.1322525091422284,1.0362907519005131
2022-12-20,1.2157964792088714,1.125207679327213,1.019202103873427
2022-12-21,1.2157964792088714,1.1162180022007862,1.0196066949170588
2022-12-22,1.2157964792088714,1.0981374291287518,1.021068013883861
2022-12-23,1.2157964792088714,1.0935117290921683,1.0189891612188837
2022-12-26,1.2157964792088714,1.1144640246626882,1.0230537041374757
2022-12-27,1.2157964792088714,1.1197418630914253,1.0348613743318924
2022-12-28,1.2157964792088714,1.107553671278871,1.0304454760333042
2022-12-29,1.2157964792088714,1.1043132230819395,1.026569919720619
2022-12-30,1.2157964792088714,1.1101737927125344,1.0305439620110304
2023-01-03,1.2157964792088714,1.138814380591436,1.0348746832478013
2023-01-04,1.2157964792088714,1.1415169230635756,1.036218883754605
2023-01-05,1.2157964792088714,1.1501971597999339,1.056349949958476
2023-01-06,1.2157964792088714,1.15047912651051,1.0596266050552585
2023-01-09,1.2157964792088714,1.1564380229940239,1.068205532250165
2023-01-10,1.2157964792088714,1.156377291702515,1.0693634079342431
2023-01-11,1.2157964792088714,1.1472242184822672,1.0673830412469922
2023-01-12,1.2157964792088714,1.1473153154195304,1.0694698792615147
2023-01-13,1.2157964792088714,1.1501132927783264,1.0845116160218053
2023-01-16,1.2157964792088714,1.1614570304422829,1.1014352334916206
2023-01-17,1.2141789868908184,1.1604925596937987,1.1012435851025317
2023-01-18,1.2183242694718504,1.1644545534731792,1.099398969357552
2023-01-19,1.226814534378694,1.1725694108052536,1.1062397521347502
2023-01-20,1.2383123984720679,1.1835588826020755,1.1130326228146759
2023-01-30,1.2545788504104827,1.1991060932283164,1.1183082770809822
2023-01-31,1.2599419988592997,1.2042321034282815,1.106466003705202
2023-02-01,1.281786427759855,1.225110653859112,1.1168655905964524
2023-02-02,1.2850360872430875,1.2282166256248455,1.112931475053768
2023-02-03,1.28496800778464,1.2281515563839434,1.1024121079193374
2023-02-06,1.2825231987879435,1.2258148476439872,1.0878388449990417
2023-02-07,1.29022525485365,1.233176347764727,1.0897952556376567
2023-02-08,1.2825035313888367,1.2257960498632823,1.0849800898618
2023-02-09,1.302235984200662,1.2446560078430124,1.0995453674325504
2023-02-10,1.297538501567777,1.2401662302207581,1.0930106897212581
2023-02-13,1.3111332129813371,1.2531598346373691,1.1029284938566044
2023-02-14,1.3124025166621713,1.254373014484413,1.103386320563872
2023-02-15,1.3162240435963637,1.258025567873725,1.0976368688912075
2023-02-16,1.2863371613378645,1.2294601711176438,1.0895982836822042
2023-02-17,1.2770238914222318,1.220558698962218,1.073899086476012
2023-02-20,1.293123926906664,1.235946851444031,1.100245416409361
2023-02-21,1.2992934387188713,1.2418435706529047,1.103136112944784
2023-02-22,1.3009545775049927,1.2434312601309192,1.0931810438448926
2023-02-23,1.2953705490354344,1.2380941363938047,1.092302655394902
2023-02-24,1.2923402566960889,1.2351978321820898,1.0809634590404804
2023-02-27,1.2820224365491404,1.2253362272275732,1.0763825301846213
2023-02-28,1.294877351180903,1.2376227458930464,1.0832020186963651
2023-03-01,1.305228454618648,1.2475161624764484,1.098501948425289
2023-03-02,1.2990014534859735,1.2415644959085905,1.0960531078980429
2023-03-03,1.2967623957414744,1.2394244408744728,1.099462852153915
2023-03-06,1.3010907364218878,1.2435613986127239,1.093729371180341
2023-03-07,1.272819606643878,1.216540311840722,1.0777160835586976
2023-03-08,1.2721831968405561,1.2255762604273457,1.0737926151487405
2023-03-09,1.2721831968405561,1.2261156121352688,1.0699969123315092
2023-03-10,1.2721831968405561,1.20852811931096,1.0559666531802985
2023-03-13,1.2721831968405561,1.214103830264716,1.0670263623006324
2023-03-14,1.2721831968405561,1.200109605521342,1.06064074444752
2023-03-15,1.2721831968405561,1.2084225625423854,1.0612263367475139
2023-03-16,1.2721831968405561,1.1879850369665588,1.0485163220544707
2023-03-17,1.2721831968405561,1.1982442872821444,1.05375204957305
2023-03-20,1.2721831968405561,1.1959379441879432,1.0484976895721982
2023-03-21,1.2721831968405561,1.213069952325936,1.0600232107493452
2023-03-22,1.2721831968405561,1.2197460564425056,1.0645642128574775
2023-03-23,1.2721831968405561,1.2204661560418235,1.0751181831732715
2023-03-24,1.2721831968405561,1.2221724161365934,1.0719133962223972
2023-03-27,1.2721831968405561,1.2250007591411438,1.0680351781265305
2023-03-28,1.2721831968405561,1.214364107228325,1.0645828453397501
2023-03-29,1.2721831968405561,1.2102416093213857,1.0663476075892762
2023-03-30,1.2721831968405561,1.206026568494052,1.0749691233150913
2023-03-31,1.2721831968405561,1.2200222392205573,1.0782697344605097
2023-04-03,1.2721831968405561,1.2343779597467217,1.088821042993122
2023-04-04,1.2721831968405561,1.2263556453350417,1.0921589191030854
2023-04-06,1.2729001214045648,1.2276599221193485,1.090436745384468
2023-04-07,1.2859317649996629,1.240228407495398,1.0975277357807542
2023-04-10,1.2686751821902313,1.2235851416557373,1.0926114222439898
2023-04-11,1.2731280102479214,1.2278797115552849,1.0913710312812759
2023-04-12,1.2833215381820067,1.2377109508640471,1.0906097612912842
2023-04-13,1.2737397118800888,1.2284696726727986,1.0830742531036393
2023-04-14,1.2788956969610301,1.2334424086608604,1.0892016779881177
2023-04-17,1.276642296095472,1.231269096014726,1.104474989885224
2023-04-18,1.2715117985825375,1.2263209417398935,1.107842145610187
2023-04-19,1.2672808622933789,1.2222403773437578,1.0978684440280233
2023-04-20,1.2666472218622322,1.2209997238172219,1.0947967462362387
2023-04-21,1.2666472218622322,1.1853027382582553,1.0733827005387448
2023-04-24,1.2666472218622322,1.1803242183376688,1.0600924171120716
2023-04-25,1.2666472218622322,1.1569658068368973,1.0547768360980387
2023-04-26,1.2666472218622322,1.1661637055342113,1.0538611826835034
2023-04-27,1.2666472218622322,1.1638284427773866,1.0616309277911458
2023-04-28,1.2666472218622322,1.1850843948054504,1.0724563999914822
2023-05-04,1.2666472218622322,1.1906904714049604,1.0727651668405698
2023-05-05,1.2666472218622322,1.1777691661449077,1.0692063627265178
2023-05-08,1.2666472218622322,1.1864682006619711,1.0813920061327484
2023-05-09,1.2666472218622322,1.1668028300781843,1.0721343242264858
2023-05-10,1.2666472218622322,1.1727834163086654,1.0638801345797577
2023-05-11,1.2666472218622322,1.1741498703676123,1.0622271672238666
2023-05-12,1.2666472218622322,1.1587906375484223,1.0481463341922022
2023-05-15,1.2666472218622322,1.1675778770364864,1.064417814782479
2023-05-16,1.2666472218622322,1.1557613028886404,1.058913247162539
2023-05-17,1.2666472218622322,1.1660219991873575,1.0541113903025916
2023-05-18,1.2666472218622322,1.1733719314430477,1.053020059198058
2023-05-19,1.2666472218622322,1.1748150226079463,1.049951023189455
2023-05-22,1.2666472218622322,1.1760571221176135,1.0565495836971104
2023-05-23,1.2666472218622322,1.1635493680330726,1.0416063329145462
2023-05-24,1.2666472218622322,1.1625689914701454,1.0272060859010668
2023-05-25,1.2666472218622322,1.1608583934259822,1.02491961414791
2023-05-26,1.2666472218622322,1.1702312560821664,1.0250393943910905
2023-05-29,1.2666472218622322,1.1675373895088141,1.0205117011988671
2023-05-30,1.2666472218622322,1.174803454742897,1.0215258405911287
2023-05-31,1.2666472218622322,1.174317604410827,1.0110889887353336
2023-06-01,1.2666472218622322,1.17767228527512,1.0133062541257638
2023-06-02,1.2666472218622322,1.1855022839303557,1.027935414492877
2023-06-05,1.2666472218622322,1.189452709844687,1.0232559996592918
2023-06-06,1.2666472218622322,1.1631011132624127,1.0136496241562147
2023-06-07,1.2666472218622322,1.1679335888867521,1.0086401482080876
2023-06-08,1.2666472218622322,1.159669795292168,1.016851749323907
2023-06-09,1.2666472218622322,1.1682401373105582,1.0212463533570408
2023-06-12,1.2666472218622322,1.1750969893185226,1.0233039117565639
2023-06-13,1.2666472218622322,1.1805266559760315,1.028755243712868
2023-06-14,1.2666472218622322,1.1826753869089364,1.0285183450096889
2023-06-15,1.2666472218622322,1.1874008597815697,1.0448829880113286
2023-06-16,1.2666472218622322,1.19874893539492,1.0549578373544004
2023-06-19,1.2713446890127753,1.2037939705395397,1.0463230127126764
2023-06-20,1.2692021336786168,1.201765256206521,1.044547603330423
2023-06-21,1.243485361171683,1.1774149002777734,1.0285210067928707
2023-06-26,1.2428636184910973,1.151449381191519,1.0140595387662101
2023-06-27,1.2428636184910973,1.170289095407413,1.0235700900747429
2023-06-28,1.2428636184910973,1.1628148086024428,1.0223376844615746
2023-06-29,1.2428636184910973,1.1740616653966116,1.0172909435489024
2023-06-30,1.2428636184910973,1.1887947875200089,1.0227768786865696
2023-07-03,1.2440200039959524,1.190495263682254,1.0362002512723323
2023-07-04,1.249858487214271,1.1960825425010593,1.0378319243627692
2023-07-05,1.240055154108564,1.186701003946088,1.029793339153766
2023-07-06,1.2394351265315098,1.1850699349741387,1.0228567321820234
2023-07-07,1.230024305948907,1.176664435032701,1.0183183918570728
2023-07-10,1.2294092937959327,1.1762349780427461,1.023277293924746
2023-07-11,1.2294092937959327,1.185966444515458,1.0299743404101274
2023-07-12,1.2102615640710117,1.1680883090817862,1.0230403952215668
2023-07-13,1.2096564332889763,1.1790184955702308,1.0376748791550436
2023-07-14,1.2096564332889763,1.1794754262396774,1.037855880411405
2023-07-17,1.2096564332889763,1.1762017204307296,1.0293568067119525
2023-07-18,1.2096564332889763,1.174443404943238,1.0261014458806244
2023-07-19,1.2096564332889763,1.1713374331775046,1.0250181001256362
2023-07-20,1.2096564332889763,1.1552291810963733,1.0177833734375332
2023-07-21,1.2096564332889763,1.1520133146126716,1.0173095760311748
2023-07-24,1.2096564332889763,1.1521217633475087,1.0128670599007685
2023-07-25,1.2096564332889763,1.1689168574159414,1.0421200570686313
2023-07-26,1.2096564332889763,1.1596452135789383,1.0399613509082004
2023-07-27,1.2096564332889763,1.150549979683937,1.0387209599454865
2023-07-28,1.2096564332889763,1.158041618286481,1.0627808181256786
2023-07-31,1.2096564332889763,1.16810566087936,1.0686074615106151
2023-08-01,1.2096564332889763,1.1655433787709433,1.0641809160792999
2023-08-02,1.2096564332889763,1.1643880382491458,1.0567013053384724
2023-08-03,1.2096564332889763,1.1633498223609724,1.0660388407401886
2023-08-04,1.2096564332889763,1.1689356551966466,1.0701912225037797
2023-08-07,1.2096564332889763,1.163067855650396,1.0620914162815953
2023-08-08,1.2096564332889763,1.1583018952500899,1.059317838206171
2023-08-09,1.2096564332889763,1.1476392156409103,1.0560811098571155
2023-08-10,1.2096564332889763,1.1483969108016385,1.0582504631502736
2023-08-11,1.2096564332889763,1.1284220998277834,1.0339031323864483
2023-08-14,1.2096564332889763,1.1344923370123963,1.0263596388492577
2023-08-15,1.2096564332889763,1.1239829316151198,1.0238655480079215
2023-08-16,1.2096564332889763,1.110162224847485,1.0163566576520942
2023-08-17,1.2096564332889763,1.1232425882519654,1.019755754775239
2023-08-18,1.2096564332889763,1.101531151537586,1.0072187559890122
2023-08-21,1.2096564332889763,1.0932254244321986,0.992728008347352
2023-08-22,1.2096564332889763,1.1018752955228024,1.0003593407295415
2023-08-23,1.2096564332889763,1.0819192823296524,0.9839627563297204
2023-08-24,1.2096564332889763,1.083120894311647,0.9910963352569152
2023-08-25,1.2096564332889763,1.0604160671861602,0.9872953088733204
2023-08-28,1.2096564332889763,1.0684759771592505,0.9988660803645578
2023-08-29,1.2096564332889763,1.105063688327012,1.0088451055130854
2023-08-30,1.2096564332889763,1.1142485731761453,1.008419220203999
2023-08-31,1.2096564332889763,1.1074596823753453,1.002233236089521
2023-09-01,1.2096564332889763,1.1077937044786437,1.0092124315921722
2023-09-04,1.2096564332889763,1.1241434357426787,1.0245070377547325
2023-09-05,1.2096564332889763,1.118939342453631,1.0168863525052703
2023-09-06,1.2096564332889763,1.1250153635707685,1.014679734247567
2023-09-07,1.2096564332889763,1.1051938268088164,1.0004232235259043
2023-09-08,1.2096564332889763,1.1091587125544593,0.9955042482059581
2023-09-11,1.2096564332889763,1.1222231701444971,1.0028374608717872
2023-09-12,1.2096564332889763,1.1223417407612524,1.0009901833436254
2023-09-13,1.2096564332889763,1.1070128735878166,0.9946152126232406
2023-09-14,1.2096564332889763,1.0995053291708299,0.9937794127041588
2023-09-15,1.2096564332889763,1.1017523869566537,0.9871968228955943
2023-09-18,1.2096564332889763,1.1044925249902036,0.992235578458721
2023-09-19,1.2096564332889763,1.0934076183067247,0.9903164327846511
2023-09-20,1.2096564332889763,1.0846435145487592,0.9863743318924214
2023-09-21,1.2096564332889763,1.0775769949867764,0.9775239028129724
2023-09-22,1.2096564332889763,1.099217578527729,0.9952220991886884
2023-09-25,1.2096564332889763,1.0962316233618818,0.9887459807073955
2023-09-26,1.2096564332889763,1.0921163553705984,0.9829672494197312
2023-09-27,1.2096564332889763,1.0984049360080166,0.9849928664210728
2023-09-28,1.2096564332889763,1.1096040753588567,0.9820702284874683
2023-10-09,1.2096564332889763,1.1077242972883479,0.9807952343433913
2023-10-10,1.2096564332889763,1.106386762892024,0.9734487127616532
2023-10-11,1.2096564332889763,1.1103010392280763,0.9762222908370776
2023-10-12,1.2096564332889763,1.1169742513783834,0.9854932816592492
2023-10-13,1.2096564332889763,1.1131178143675775,0.9751203125998168
2023-10-16,1.2096564332889763,1.104081865780954,0.965322288707651
2023-10-17,1.2096564332889763,1.1014877720436513,0.9687293711803411
2023-10-18,1.2096564332889763,1.08100686697389,0.9610581120504248
2023-10-19,1.2096564332889763,1.0680508581186892,0.9405517344179212
2023-10-20,1.2096564332889763,1.0539568605392649,0.9344429420157152
2023-10-23,1.2096564332889763,1.0288704991967563,0.9247673601499116
2023-10-24,1.2096564332889763,1.0493499582833867,0.9281983986712379
2023-10-25,1.2096564332889763,1.0644951855991647,0.9328112689252784
2023-10-26,1.2096564332889763,1.070640613906598,0.9353878750452502
2023-10-27,1.2096564332889763,1.08592754756923,0.9482309788973828
2023-10-30,1.2096564332889763,1.1025346638306117,0.9539218713400481
2023-10-31,1.2096564332889763,1.0959482106681744,0.9509247034773536
2023-11-01,1.2096564332889763,1.096222947463095,0.9505307595664488
2023-11-02,1.2096564332889763,1.0827724123770373,0.9460483166883158
2023-11-03,1.2096564332889763,1.0969228032985767,0.9540203573177742
2023-11-06,1.2096564332889763,1.1215363281571957,0.9669220203999063
2023-11-07,1.2160713435612267,1.1280446982305503,0.9635016290113073
2023-11-08,1.2218374187824843,1.1333933898327142,0.9611885394263325
2023-11-09,1.212328616714447,1.1245728927326335,0.9616570132663274
2023-11-10,1.2093668586932549,1.121825524783428,0.9546458763654947
2023-11-13,1.2223300059060087,1.133850320502161,0.9527613338727879
2023-11-14,1.2322487776369795,1.143051111165737,0.9534667064159621
2023-11-15,1.239191761966658,1.1494915200319273,0.960171738250889
2023-11-16,1.2290968435744267,1.14012733327453,0.9508847767296267
2023-11-17,1.2400724952729596,1.1503085005010332,0.9497428717446392
2023-11-20,1.2513380874935671,1.1607586205899323,0.9519388428696153
2023-11-21,1.2430934884545752,1.1531108158092227,0.9532031898809651
2023-11-22,1.2284982566901435,1.1395720757521643,0.9434477545197079
2023-11-23,1.240990640259529,1.1511601845652868,0.9479994037605672
2023-11-24,1.225471028228483,1.13676397651145,0.941741551500181
2023-11-27,1.2250969114258063,1.1364169405599713,0.9348022827452567
2023-11-28,1.232136542596176,1.1429470003802935,0.9365537360788739
2023-11-29,1.2256658807298773,1.136944724402845,0.9285124890866889
2023-11-30,1.2179621922347559,1.1297986757686485,0.9306126360171205
2023-12-01,1.2288521088326756,1.1399003139229378,0.9270671408189775
2023-12-04,1.227576994063552,1.1387174997216483,0.9210142458635888
2023-12-05,1.2030707846682052,1.1159851989166694,0.9034784182619621
2023-12-06,1.202469249275871,1.1218573364123134,0.9048998104810374
2023-12-07,1.202469249275871,1.1206716302447615,0.902685206873789
2023-12-08,1.202469249275871,1.1147806949684125,0.9048625455164924
2023-12-11,1.202469249275871,1.127402681720315,0.9101834500968888
2023-12-12,1.202469249275871,1.130280188151325,0.9121398607355039
2023-12-13,1.202469249275871,1.1220814637976433,0.8969171227188518
2023-12-14,1.202469249275871,1.117149215337254,0.8922190754029939
2023-12-15,1.202469249275871,1.108930247219736,0.8894481591107515
2023-12-18,1.202469249275871,1.0915929094771182,0.8862061071953322
2023-12-19,1.202469249275871,1.0930793801359513,0.8874491599412277
2023-12-20,1.202469249275871,1.0768236377754417,0.8777230041949703
2023-12-21,1.202469249275871,1.0842429772214277,0.8866053746726006
2023-12-22,1.202469249275871,1.0681506309547393,0.8882982687762185
2023-12-25,1.202469249275871,1.0671876061893861,0.891018611188007
2023-12-26,1.202469249275871,1.0510865840239108,0.8849870104980728
2023-12-27,1.202469249275871,1.0597248872494653,0.8880666936394029
2023-12-28,1.202469249275871,1.0787019698628195,0.9088765145546304
2023-12-29,1.202469249275871,1.097284299081367,0.9132870892868551
2024-01-02,1.202469249275871,1.0934553357500532,0.9013729477651667
2024-01-03,1.202469249275871,1.0872086886234384,0.8992302123038266
2024-01-04,1.202469249275871,1.0820624346596373,0.8909121398607355
2024-01-05,1.202469249275871,1.0610682055783136,0.8861369008326058
2024-01-08,1.202469249275871,1.038084303708513,0.8746779242350035
2024-01-09,1.202469249275871,1.0419016991747774,0.8763921126040757
2024-01-10,1.202469249275871,1.0315629197869778,0.8723009518536659
2024-01-11,1.202469249275871,1.0510272987155331,0.8772358978727028
2024-01-12,1.202469249275871,1.0430425798652634,0.8741748472136454
2024-01-15,1.202469249275871,1.0404210124484687,0.8733097676795639
2024-01-16,1.202469249275871,1.035323921911127,0.878622686910415
2024-01-17,1.202469249275871,1.0077663753974646,0.8595110836651689
2024-01-18,1.202469249275871,1.0026244593830569,0.8716621238900364
2024-01-19,1.202469249275871,0.9894501070750509,0.8703445412150508
2024-01-22,1.202469249275871,0.9301026214228184,0.8568013883861076
2024-01-23,1.202469249275871,0.9401984756445831,0.8602696918719788
2024-01-24,1.202469249275871,0.9517851384745746,0.8722956282873022
2024-01-25,1.202469249275871,0.985385448493358,0.8898128234066566
2024-01-26,1.202469249275871,0.9780123805075689,0.8873906007112284
2024-01-29,1.202469249275871,0.9487514658653992,0.879442516130406
2024-01-30,1.202469249275871,0.9211158362626541,0.8637592896233044
2024-01-31,1.202469249275871,0.8798069901716526,0.8558564553565724
2024-02-01,1.202469249275871,0.8708100831295703,0.8564846361874747
2024-02-02,1.202469249275871,0.8359994852300052,0.8463485658312216
2024-02-05,1.202469249275871,0.7731339226196587,0.8518824130661613
2024-02-06,1.202469249275871,0.813019921309598,0.8815000745299291
2024-02-07,1.202469249275871,0.8259990658948972,0.8900018100125636
2024-02-08,1.202469249275871,0.8764667691386713,0.8956714081897744
2024-02-19,1.202469249275871,0.8959962173081288,0.9060204212005707
2024-02-20,1.202469249275871,0.9030916565327349,0.9078943165605502
2024-02-21,1.202469249275871,0.909873317417879,0.9201438427631439
2024-02-22,1.202469249275871,0.9272280069580707,0.9280759566448755
2024-02-23,1.202469249275871,0.9472910229029268,0.9288931240816847
2024-02-26,1.202469249275871,0.9567694423276858,0.9192095568663359
2024-02-27,1.202469249275871,0.9823141803227723,0.9302373245884883
2024-02-28,1.202469249275871,0.9282300732679652,0.9183844040799813
2024-02-29,1.202469249275871,0.9648944215416784,0.9359042609825173
2024-03-01,1.202469249275871,0.9775033944454005,0.9416856540533635
2024-03-04,1.202469249275871,0.9835996593263743,0.9425028214901726
2024-03-05,1.202469249275871,0.9710384038659805,0.9490614552501012
2024-03-06,1.202469249275871,0.9763335940922913,0.945212516769234
2024-03-07,1.202469249275871,0.9635727929597974,0.9395349332424777
2024-03-08,1.202469249275871,0.9768657158845585,0.9435781818956155
2024-03-11,1.202469249275871,0.995234039599694,0.9553831903068504
2024-03-12,1.202469249275871,1.0036482154399187,0.9575738378654628
2024-03-13,1.2078327710462704,1.0086267353605052,0.9508847767296267
2024-03-14,1.1995783862328806,1.0017337337742618,0.9481857285832924
2024-03-15,1.2149408578218035,1.0145624961139204,0.9502539341155426
2024-03-18,1.2372521119272217,1.0331939887589272,0.9591815549072635
2024-03-19,1.2315119638977718,1.028400554679129,0.9522875364664296
2024-03-20,1.2448363799118343,1.0395273948734114,0.9543504184323162
2024-03-21,1.2461263980964317,1.0406046523061263,0.9532085134473286
2024-03-22,1.2332781632914487,1.029875457472913,0.9436021379442516
2024-03-25,1.2024060368307965,1.0040950242274473,0.9384808671024893
2024-03-26,1.1976909770768924,1.0001576121612965,0.943269415046528
2024-03-27,1.1564554159386362,0.9657229698758334,0.9323667511339196
2024-03-28,1.1558771882306669,0.9888558080081438,0.9372032111752305
2024-03-29,1.1687905457370293,1.0003976453610692,0.9416004769915461
2024-04-01,1.1934233902535718,1.0214815253965248,0.9570840697600136
2024-04-02,1.186474971798285,1.0155341967780604,0.9530993803368752
2024-04-03,1.1763910647329778,1.0069031234681616,0.9496710035987309
2024-04-08,1.151967703291674,0.9859985453409701,0.9413156661910946
2024-04-09,1.1676012224711596,0.999379673236732,0.9405384255020123
2024-04-10,1.1432488149746947,0.9785358264010493,0.9328778135048231
2024-04-11,1.1426771905672073,0.9810301473023016,0.932752709695279
2024-04-12,1.1426771905672073,0.974163173412419,0.925193245458998
2024-04-15,1.1426771905672073,0.9516434321277207,0.9446881454824215
2024-04-16,1.1426771905672073,0.9010499283515357,0.9345813547411682
2024-04-17,1.1426771905672073,0.9495380806887506,0.9490321756351014
2024-04-18,1.1426771905672073,0.948372618285035,0.9502033602350887
2024-04-19,1.1426771905672073,0.9439681536675193,0.9427131023615339
2024-04-22,1.1426771905672073,0.9400741210953033,0.9398490236579289
2024-04-23,1.1426771905672073,0.9398774673894654,0.9332797427652733
2024-04-24,1.1426771905672073,0.9576355862232511,0.9373788888652286
2024-04-25,1.1426771905672073,0.9584713644730621,0.939683993100658
2024-04-26,1.1426771905672073,0.9756409681724653,0.9540549604991375
2024-04-29,1.1704456350049397,0.99983804988931,0.9646062690317497
2024-04-30,1.162516940238709,0.9930650649029529,0.9594104682608973
2024-05-06,1.1619356817685897,1.0133160586548597,0.9736483465002874
2024-05-07,1.1619356817685897,1.0188165784857954,0.9739491279998297
2024-05-08,1.1445272076307036,1.0040617666154308,0.9662858542194587
2024-05-09,1.1439549440268884,1.018029963662444,0.9754264176657226
2024-05-10,1.131432241293075,1.0073947577327564,0.9758842443729904
2024-05-13,1.1160868509832818,0.9937316631264179,0.9754610208470859
2024-05-14,1.1233299921391373,1.000180747891395,0.973427418496199
2024-05-15,1.1127299961023058,0.9907428159943086,0.9651785524158344
2024-05-16,1.1129281268693496,0.9909192259363102,0.9689849023657929
2024-05-17,1.126591029681953,1.003084282018766,0.9789958689125018
2024-05-20,1.1331309690170719,1.0089072560879506,0.9824535252656459
2024-05-21,1.1222695053286502,0.9992365209067471,0.978514086156598
2024-05-22,1.1247185315311234,1.0014170634685375,0.9807207044143011
2024-05-23,1.0996907179990858,0.9791330174342185,0.9693655373607887
2024-05-24,1.0991408726400864,0.9681522215361835,0.9586358893549967
2024-05-27,1.0991408726400864,0.9759330567649598,0.9677471731862609
2024-05-28,1.0991408726400864,0.9667322661013837,0.9606828006217926
2024-05-29,1.0991408726400864,0.96740031030798,0.9618406763058708
2024-05-30,1.0991408726400864,0.9624593859488035,0.9567273908136539
2024-05-31,1.0991408726400864,0.9683951467022186,0.9528970848150593
2024-06-03,1.0991408726400864,0.953083631326357,0.9552474393645791
2024-06-04,1.0991408726400864,0.9518661135299196,0.9624129596899554
2024-06-05,1.0991408726400864,0.935646520747689,0.9568551564063797
2024-06-06,1.0991408726400864,0.9084056445397508,0.9561790634782052
2024-06-07,1.0991408726400864,0.9171784241965033,0.9513505887864399
2024-06-11,1.0991408726400864,0.9250648161938542,0.9430378399097123
2024-06-12,1.0991408726400864,0.9332476347330931,0.9433679010242542
2024-06-13,1.0991408726400864,0.9278483337213388,0.9385793530802155
2024-06-14,1.0991408726400864,0.9286392864940838,0.9426784991801708
2024-06-17,1.0991408726400864,0.9277818184973055,0.9412597687442771
2024-06-18,1.0991408726400864,0.9380960161718754,0.9437591831519772
2024-06-19,1.0991408726400864,0.9282083835209979,0.9392767402738442
2024-06-20,1.0991408726400864,0.9087367746767867,0.9324971785098274
2024-06-21,1.0991408726400864,0.9087613563900163,0.9304582525925768
2024-06-24,1.0991408726400864,0.8751841821013316,0.9254514384276314
2024-06-25,1.0991408726400864,0.870601861558683,0.9204180064308681
2024-06-26,1.0991408726400864,0.8960945441610478,0.9263697536253487
2024-06-27,1.0991408726400864,0.8752434674097093,0.9194118523881518
2024-06-28,1.0991408726400864,0.8814539649580448,0.9214188369072208
2024-07-01,1.0991408726400864,0.8889513874931134,0.9258161027235364
2024-07-02,1.0991408726400864,0.8847059810200254,0.9241152232703732
2024-07-03,1.0991408726400864,0.8757553454381402,0.9218846489640339
2024-07-04,1.0991408726400864,0.8544386621185678,0.917199910564085
2024-07-05,1.0991408726400864,0.863613425085783,0.9132737803709461
2024-07-08,1.0991408726400864,0.8405080606329647,0.9054747556483039
2024-07-09,1.0991408726400864,0.8583659523028004,0.9156028406550115
2024-07-10,1.0991408726400864,0.8535464905266416,0.9127174676859521
2024-07-11,1.0991408726400864,0.8774428077522048,0.9231516577585656
2024-07-12,1.0991408726400864,0.8733145259127407,0.9242775920444625
2024-07-15,1.0991408726400864,0.8611711595772523,0.9253023785694512
2024-07-16,1.0991408726400864,0.862400245238739,0.9311662869189328
2024-07-17,1.0991408726400864,0.8518257706005601,0.9320446753689231
2024-07-18,1.0991408726400864,0.8527454158719785,0.937195225825685
2024-07-19,1.0991408726400864,0.8562533709481746,0.9420103916015417
2024-07-22,1.0991408726400864,0.8591164175478728,0.9355954941334299
2024-07-23,1.0991408726400864,0.8379775901534333,0.9156214731372841
2024-07-24,1.0991408726400864,0.8248263735755259,0.9098427418496199
2024-07-25,1.0991408726400864,0.8266989217303791,0.9048119716360384
2024-07-26,1.0991408726400864,0.8403475565054058,0.9074790783841911
2024-07-29,1.0991408726400864,0.8394582768797418,0.9025414705819722
2024-07-30,1.0991408726400864,0.8442647248077203,0.8968559017056706
2024-07-31,1.0991408726400864,0.8762137220907181,0.9162070654372777
2024-08-01,1.0991408726400864,0.8759057276837808,0.9101355379996167
2024-08-02,1.0991408726400864,0.8635729375581105,0.9008512382615361
2024-08-05,1.0991408726400864,0.8393932076388397,0.8899192947339282
2024-08-06,1.0991408726400864,0.8544617978486663,0.8898287941057473
2024-08-07,1.0991408726400864,0.854891254838621,0.8894321884116606
2024-08-08,1.0991408726400864,0.8523868120554505,0.8898181469730202
2024-08-09,1.0991408726400864,0.845636962799192,0.8868076701944166
2024-08-12,1.0991408726400864,0.8395363599688246,0.8852718212985243
2024-08-13,1.0991408726400864,0.8441663979548015,0.8875423223525903
2024-08-14,1.0991408726400864,0.8377361109705294,0.8808479376503907
2024-08-15,1.0991408726400864,0.8454504309752723,0.889554630438023
2024-08-16,1.0991408726400864,0.8416301435427455,0.8905341666489215
2024-08-19,1.0991408726400864,0.8405123985823582,0.8935526287770702
2024-08-20,1.0991408726400864,0.8249362682934942,0.887092480994868
2024-08-21,1.0991408726400864,0.8210971830802622,0.8841485487958092
2024-08-22,1.0991408726400864,0.8096102930863208,0.8818860330912884
2024-08-23,1.0991408726400864,0.8082886645044399,0.8856258384617023
2024-08-26,1.0991408726400864,0.8141926136289694,0.8848352888567108
2024-08-27,1.0991408726400864,0.8021041946524652,0.8798071804263111
2024-08-28,1.0991408726400864,0.8046259892332096,0.8747950426950022
2024-08-29,1.0991408726400864,0.8180664024373492,0.8724473499286641
2024-08-30,1.0991408726400864,0.834612787407222,0.8840926513489916
2024-09-02,1.0991408726400864,0.8180982140662346,0.8690748706373373
2024-09-03,1.0991408726400864,0.8261812597694236,0.8713160920764037
2024-09-04,1.0991408726400864,0.8213950556052813,0.8656544792487383
2024-09-05,1.0991408726400864,0.8288389767644971,0.8671450778305403
2024-09-06,1.0991408726400864,0.8128565252157768,0.8601153084474351
2024-09-09,1.0991408726400864,0.8081484041407173,0.8498940610293647
2024-09-10,1.0991408726400864,0.8121017220213109,0.8506420221034475
2024-09-11,1.0991408726400864,0.8093702598865481,0.8480787248993846
2024-09-12,1.0991408726400864,0.8071145262019374,0.8444427290730605
2024-09-13,1.0991408726400864,0.7955697968827496,0.8409238517067353
2024-09-18,1.0991408726400864,0.7921370329293738,0.8440541087285195
2024-09-19,1.0991408726400864,0.8084159110199821,0.8507165520325376
2024-09-20,1.0991408726400864,0.8060430527017471,0.8520501054066141
2024-09-23,1.0991408726400864,0.8072634624644469,0.8551670535124891
2024-09-24,1.0991408726400864,0.8366458396896341,0.8922057664870849
2024-09-25,1.0991408726400864,0.8462428297311483,0.9054135346351228
2024-09-26,1.136820280314496,0.8756758163659263,0.9436873150060688
2024-09-27,1.1954040913754986,0.9208020579231923,0.9858393134728817
2024-09-30,1.3315145883185944,1.0256459568142677,1.0694645556951512
2024-10-08,1.4509930496938714,1.1176784451632586,1.1328815400012777
2024-10-09,1.3293482938439598,1.0239772922809083,1.052996103149422
2024-10-10,1.3195661790195916,1.0164422741844295,1.0641250186324822
2024-10-11,1.2628727133103712,0.9727721376402423,1.0346803730755307
2024-10-14,1.2622412769537161,1.0086209514279807,1.0544228189348608
2024-10-15,1.2403403612384272,0.9916248657043167,1.026380933114712
2024-10-16,1.2444514431483353,0.9949115853614452,1.0198861821511467
2024-10-17,1.242286478323804,0.9931807435534458,1.008342028491727
2024-10-18,1.2911546358793737,1.0322497617742792,1.0448111198654202
2024-10-21,1.3209631448794605,1.0560810097589401,1.047464917697664
2024-10-22,1.3290984930672154,1.0625850418829013,1.053475224122144
2024-10-23,1.3296790726066263,1.063049202468004,1.0575823555716446
2024-10-24,1.3230666152979487,1.0577626881404802,1.0457693618108643
2024-10-25,1.3507282460635166,1.0798775541484533,1.0531132216094206
2024-10-28,1.3812746879361253,1.104298763250628,1.0551734417921252
2024-10-29,1.3567944883538077,1.0847273815703666,1.0446567364408765
2024-10-30,1.3616923369292724,1.0886431038895499,1.0352872596409786
2024-10-31,1.3836259446377885,1.106178541321137,1.035710483166883
2024-11-01,1.3321135276223481,1.0649954957625465,1.0354389812823406
2024-11-04,1.3595490760127564,1.0869296138791245,1.0500095824194544
2024-11-05,1.4067279460611313,1.1246480838554538,1.0765768403568918
2024-11-06,1.4165760943230978,1.1325214620046242,1.0711760822810417
2024-11-07,1.4450009791872058,1.1552465328939474,1.1034954536743253
2024-11-08,1.4491807901391627,1.1585881999100598,1.0924091267221738
2024-11-11,1.4860575385162498,1.1880703499712972,1.0996172355784588
2024-11-12,1.4660772825291155,1.172096574321364,1.0875354017163177
2024-11-13,1.465556388736747,1.1716801311795897,1.0942297864185175
2024-11-14,1.4211538102553363,1.1361812453095923,1.0752592576819062
2024-11-15,1.3901136044753781,1.1113652828126108,1.0564164945380208
2024-11-18,1.3521697472875365,1.0810300027039885,1.05150550456762
2024-11-19,1.3913127453932266,1.1123239696285703,1.058561891782543
2024-11-20,1.4239301018223003,1.138400829415924,1.0609255552479717
2024-11-21,1.4269632229674458,1.1408257431268807,1.0618651647111432
2024-11-22,1.3766354775978435,1.1005898165192005,1.0289655245842293
2024-11-25,1.3881729133670053,1.1098137429128752,1.0242781244010988
2024-11-26,1.3694768052707795,1.094866615286066,1.0221726539043035
2024-11-27,1.3973826050015203,1.1171766890167458,1.0399693362577458
2024-11-28,1.3952737086060285,1.1154906726858125,1.030788846063755
2024-11-29,1.4210525253512647,1.136100270254247,1.0425086774131727
2024-12-02,1.4509116768033874,1.1599720057665808,1.050773514192628
2024-12-03,1.450481215961083,1.1596278617813645,1.05190743382807
2024-12-04,1.4281406599772792,1.1417670781452665,1.0462298503013139
2024-12-05,1.4496166769584717,1.1589366818446696,1.043842230787249
2024-12-06,1.4637115565554426,1.1702052283858058,1.057563723089372
2024-12-09,1.4569109987106317,1.164768331812641,1.0558149315389367
2024-12-10,1.4561825432112765,1.1764822411581746,1.0635527352483976
2024-12-11,1.476713166068563,1.1936576287901024,1.0617400609015992
2024-12-12,1.487952657360992,1.2027427408031857,1.0722993547837567
2024-12-13,1.4590659304168345,1.1793930052012014,1.0469272374949425
2024-12-16,1.4431807350202455,1.1665526749964934,1.0412469921850045
2024-12-17,1.3991100510348438,1.1309294345772163,1.0439593492472476
2024-12-18,1.4114604326810205,1.1409125021147504,1.0492456506462808
2024-12-19,1.4157161623936878,1.1443524959837819,1.0501959072421796
2024-12-20,1.4343276007840158,1.1593965044803787,1.0454792274440492
2024-12-23,1.3831443563372585,1.1180240351316062,1.0470310470390325
2024-12-24,1.398983041026605,1.130826769774904,1.0603719043461595
2024-12-25,1.3772875849714437,1.1132898863601857,1.0608882902834267
2024-12-26,1.376598941178958,1.1279188976981394,1.0613807201720575
2024-12-27,1.3808926410147446,1.1320009080774063,1.0596638700198038
2024-12-30,1.3802021946942373,1.124901130903407,1.0644604033133878
2024-12-31,1.3802021946942373,1.0892663226190804,1.047387725985392
2025-01-02,1.3802021946942373,1.0655507532849122,1.0169076467707245
2025-01-03,1.3802021946942373,1.0276240617376957,1.0048657396563105
2025-01-06,1.3802021946942373,1.0230200514480798,1.003218095866783
2025-01-07,1.3802021946942373,1.0442196101340282,1.0104421754221589
2025-01-08,1.3802021946942373,1.042302236502109,1.008608206809906
2025-01-09,1.3802021946942373,1.0456279977037788,1.006122101318115
2025-01-10,1.3802021946942373,1.0184406228716936,0.9935052490364344
2025-01-13,1.3802021946942373,1.0195207722706707,0.9908514512041907
2025-01-14,1.3802021946942373,1.0699364201217227,1.0169449117352696
2025-01-15,1.3802021946942373,1.0641900831584898,1.0104208811567046
2025-01-16,1.3802021946942373,1.070441068234498,1.0115787568407828
2025-01-17,1.3802021946942373,1.0740892836744167,1.0147622495262025
2025-01-20,1.3802021946942373,1.0833768333258624,1.0193777815634248
2025-01-21,1.3802021946942373,1.088374151027154,1.0201576840356892
2025-01-22,1.3802021946942373,1.0769798039536072,1.0106843976917015
2025-01-23,1.3802021946942373,1.0732072339644085,1.012473115989864
2025-01-24,1.3802021946942373,1.0928668206156706,1.0202242286152339
2025-01-27,1.3802021946942373,1.0750219427940153,1.0160239347543707
2025-02-05,1.3802021946942373,1.0853910878275694,1.0101680117544345
2025-02-06,1.3802021946942373,1.1160314703768666,1.0228780264474777
2025-02-07,1.4002200889255108,1.1327759550357086,1.03615233917506
2025-02-10,1.4236472038618413,1.1517284559358332,1.0383775899150358
2025-02-11,1.4190911867738192,1.1480426449345043,1.0336076744532696
2025-02-12,1.439651353334635,1.1646757888922468,1.0433817422967995
2025-02-13,1.4226605732488213,1.1509302732474322,1.0394635974532058
2025-02-14,1.427842171341476,1.1551221783446675,1.0484790570899256
2025-02-17,1.443512081820366,1.167799112455554,1.0507122931794468
2025-02-18,1.4086618577394494,1.139605333364181,1.0414971998040927
2025-02-19,1.447002823826214,1.1706231175107111,1.0487851621558313
2025-02-20,1.4605672073809417,1.1815966834930904,1.045787994293137
2025-02-21,1.4861927927049803,1.2023277436445428,1.0589744681757203
2025-02-24,1.487794280076839,1.2036233445300626,1.0566533932412001
2025-02-25,1.4814598255613618,1.1984987803132288,1.0449229147590553
2025-02-26,1.5039020972589714,1.2166545445080839,1.0540501692894104
2025-02-27,1.4979465660948714,1.2118365287150559,1.0562275079321137
2025-02-28,1.4398318781388288,1.164821833188494,1.035446966631886
2025-03-03,1.4420196242807433,1.1665917165410349,1.0350264048891633
2025-03-04,1.4620507280490698,1.1827968494919539,1.0341613253550819
2025-03-05,1.4731288739539585,1.1917590529388884,1.038779519175486
2025-03-06,1.5054928603850364,1.217941469494817,1.0530653095121483
2025-03-07,1.4974604002855574,1.2114432213033803,1.0498099486808203
2025-03-10,1.5001378869853836,1.2136093040338591,1.045761376461319
2025-03-11,1.5048351066430228,1.2174093477025496,1.0491205468367368
2025-03-12,1.5118827235037806,1.2231108591887168,1.045343476501778
2025-03-13,1.4863733175091738,1.2024737879407899,1.041177785822278
2025-03-14,1.5126012479719584,1.2236921444074433,1.0664594024829113
2025-03-17,1.520183289748102,1.2298260048498275,1.0638588403143032
2025-03-18,1.527566932977062,1.2357993611646527,1.0667681693319988
2025-03-19,1.5178346799192821,1.227925983015482,1.0674203062115373
2025-03-20,1.5151536184708578,1.2257570083187408,1.058056152978003
2025-03-21,1.4839996844401688,1.2005535223426085,1.0420082621749962
2025-03-24,1.4832576845979488,1.1868065607146627,1.0473717552863013
2025-03-25,1.4832576845979488,1.1754743909157555,1.046693000574945
2025-03-26,1.4832576845979488,1.1838018077681105,1.04324865313771
2025-03-27,1.4832576845979488,1.1794320467457426,1.0467222801899447
2025-03-28,1.4832576845979488,1.1647625478801165,1.0421333659845404
2025-03-31,1.4832576845979488,1.1549877019134696,1.0347176380400758
2025-04-01,1.4832576845979488,1.1631083431780684,1.034816124017802
2025-04-02,1.4832576845979488,1.1665555669627559,1.0339403973509933
2025-04-03,1.4832576845979488,1.1524673533158563,1.027847575647878
2025-04-07,1.4832576845979488,1.0094408238633488,0.9554311024041225
2025-04-08,1.4832576845979488,1.0125308898146395,0.9717531568748536
2025-04-09,1.4832576845979488,1.0383402427227284,0.9813435616788398
2025-04-10,1.4832576845979488,1.0667248915874148,0.9942079597964267
2025-04-11,1.4832576845979488,1.0799961247652083,0.998307105896382
2025-04-14,1.4832576845979488,1.0981359831456208,1.0006015629990843
2025-04-15,1.4832576845979488,1.0952859503941028,1.0011578756840782
2025-04-16,1.4832576845979488,1.0779572885502717,1.004242882391772
2025-04-17,1.4832576845979488,1.0813351051446634,1.0040831754008646
2025-04-18,1.4832576845979488,1.0805210166418198,1.0041630288963181
2025-04-21,1.4832576845979488,1.1051128517534714,1.0074529929090097
2025-04-22,1.4832576845979488,1.1042510458072996,1.007205447073103
2025-04-23,1.4832576845979488,1.1141965177834234,1.0079853495453674
2025-04-24,1.4832576845979488,1.1026344366666618,1.0073145801835566
2025-04-25,1.4832576845979488,1.1062681922752688,1.008014629160367
2025-04-28,1.4832576845979488,1.0923592805366331,1.0065852515917464
2025-04-29,1.4832576845979488,1.0998407972572593,1.0048444453908563
2025-04-30,1.4832576845979488,1.1112915376729215,1.0036439811758693
2025-05-06,1.4832576845979488,1.1435022579026592,1.0137507719171226
2025-05-07,1.4832576845979488,1.1463971161312432,1.019896829283874
2025-05-08,1.4832576845979488,1.1570120782970947,1.0255584421115393
2025-05-09,1.4623569526307556,1.141287011745721,1.0237644002470134
2025-05-12,1.4616257741544403,1.158499994939059,1.0355960264900663
2025-05-13,1.4562027846900119,1.1547809263257134,1.0370999339877771
2025-05-14,1.4573825340826394,1.1557164774115745,1.0495970060262771
2025-05-15,1.434257987255279,1.1373785193421933,1.0400119247886543
2025-05-16,1.4335408582616513,1.143058341081393,1.0351914354464342
2025-05-19,1.4335408582616513,1.1493657194995164,1.032013266327378
2025-05-20,1.4335408582616513,1.1589178840639645,1.0376083345754987
2025-05-21,1.4263599771292943,1.1536921010279495,1.0424554417495369
2025-05-22,1.4092495926744972,1.1398525964796096,1.0417873341709076
2025-05-23,1.40854496787816,1.1269558729327864,1.033376099316454
2025-05-26,1.40854496787816,1.1364559821045128,1.0274775877856093
2025-05-27,1.40854496787816,1.1347511679928741,1.021965034816124
2025-05-28,1.40854496787816,1.1312808084780883,1.0211239113306785
2025-05-29,1.40854496787816,1.1526885887349239,1.027102276356977
2025-05-30,1.3893284587603714,1.1375390234697522,1.0221859628202126
2025-06-03,1.3886337945309912,1.1467340302008036,1.0253215434083602
2025-06-04,1.4012996725428253,1.1577668814915605,1.0297747066714933
2025-06-05,1.4110899632317222,1.165855711127274,1.0321223994378312
2025-06-06,1.4084262481032808,1.1636549248016472,1.0311694810587508
2025-06-09,1.4274257825542398,1.1793525176735289,1.0341693107046273
2025-06-10,1.415040032249391,1.169119295054304,1.0289043035710483
2025-06-11,1.420500473248561,1.1736307624235256,1.0366660633291456
2025-06-12,1.4234197090135021,1.1760426622863018,1.0360192500159706
2025-06-13,1.398039159215436,1.1550730149182078,1.0285609335405974
2025-06-16,1.4110742119596091,1.1658426972790936,1.0311215689614788
2025-06-17,1.4088847851359034,1.1640337723820113,1.0302112391133067
2025-06-18,1.4081952294456237,1.1634640550283342,1.031432997593748
2025-06-19,1.38386476445509,1.1433619975389366,1.0229472328102043
2025-06-20,1.3831728320728627,1.1338777941816531,1.0238921658397393
2025-06-23,1.3831728320728627,1.1513944338325348,1.0268893337024338
2025-06-24,1.4109986076907823,1.1751331388968016,1.0391681395200272
2025-06-25,1.4279561896918893,1.189256056138849,1.0540847724707736
2025-06-26,1.4227649159964548,1.1849325665766783,1.0503449671003597
2025-06-27,1.4286628279507665,1.1898445712732317,1.0438874811013394
2025-06-30,1.4479122097103934,1.205876186248411,1.0476991546176615
2025-07-01,1.4518499383863952,1.2091556759898838,1.0494772257830967
2025-07-02,1.4371754750841161,1.196934226565313,1.0497221098358211
2025-07-03,1.4471170246426646,1.2052139259743395,1.056214199016205
2025-07-04,1.4362709086642764,1.1961808693539782,1.059975298652073
2025-07-07,1.441002086196069,1.2001211733863912,1.055442281893486
2025-07-08,1.4596559472608683,1.2156568161475827,1.0643006963224804
2025-07-09,1.4558414896324838,1.2124799912084225,1.062424139179319
2025-07-10,1.4571853176727068,1.213599182151941,1.0673803794638104
2025-07-11,1.469126983384145,1.223544654128065,1.0686553736078874
2025-07-14,1.474283532840814,1.2278392240276124,1.0694166435978791
2025-07-15,1.4693735254793796,1.2237499837326897,1.0697866314601476
2025-07-16,1.4769538268018771,1.2300631460833378,1.0666297566065457
2025-07-17,1.4946006849424787,1.244760118628456,1.0738937629096483
2025-07-18,1.4965226715581463,1.246360821954651,1.080298013245033
2025-07-21,1.5118134900985125,1.2590955953907843,1.0875007985349545
2025-07-22,1.5157060772641193,1.2623374895708466,1.0963778454462214
2025-07-23,1.5062558756841025,1.2544670033879386,1.0965934498839462
2025-07-24,1.5248159813042352,1.2699245630600473,1.1043844892570431
2025-07-25,1.5281929135241752,1.272737000250155,1.0985605076552885
2025-07-28,1.5358062028735002,1.2790776362802951,1.1008656118907176
2025-07-29,1.5456574694112581,1.2872821445665015,1.1051777006452164
2025-07-30,1.5312851069862388,1.2753122962067525,1.1049700815570367
2025-07-31,1.5219390781225182,1.267528569011714,1.0848336917868018
2025-08-01,1.5253299000379643,1.2703525740668709,1.0793344477332254
2025-08-04,1.5449734019075794,1.2867124272128243,1.083532079810907
2025-08-05,1.5561563430019922,1.2960260045606309,1.0922494197312662
2025-08-06,1.5731347595463587,1.3101662736002522,1.0949218500457827
2025-08-07,1.5734889467817665,1.310461254159009,1.0952359404612337
2025-08-08,1.5670649626101585,1.3051111165737141,1.0926540107748983
2025-08-11,1.5921931579927762,1.3260388304310042,1.0973227784757564
2025-08-12,1.596358330432692,1.3295077439626588,1.102997700219331
2025-08-13,1.6189256132063576,1.3483026327014869,1.1117150401396902
2025-08-14,1.593721024498456,1.3273112955864255,1.1108446370392453
2025-08-15,1.6276136177454734,1.3555383322898156,1.118574455399161
2025-08-18,1.6609141627215394,1.3832722887454794,1.1284390238708715
2025-08-19,1.6660151533961842,1.38752058718483,1.1241695236472817
2025-08-20,1.6766737584852387,1.396397477627026,1.1369540682694148
2025-08-21,1.6640584425417508,1.3858909641960118,1.1413912608334575
2025-08-22,1.6840856472497239,1.4025703796139515,1.1653286769872873
2025-08-25,1.7094395501843167,1.4236860712782924,1.189609463171568
2025-08-26,1.7071946281481307,1.4218164150897017,1.1851829177402526
2025-08-27,1.6728124231345207,1.3931816111433244,1.167492706714082
2025-08-28,1.6944178444943834,1.4111754252274893,1.1881614531206746
2025-08-29,1.689641525452196,1.407197525633666,1.1969400140542152
2025-09-01,1.7059515004003274,1.4207810911677903,1.2041135197291368
2025-09-02,1.6635618859274048,1.3854774130204996,1.195260428866506
2025-09-03,1.6363762793979344,1.362836209152784,1.187110048763868
2025-09-04,1.602442017064399,1.3345744688542465,1.161924256297779
2025-09-05,1.6489898591294838,1.373341276600667,1.1872404761397755
2025-09-08,1.6657981269039,1.3873398392934349,1.1891702689465726
2025-09-09,1.6432325803421723,1.3685463965377378,1.180836225804391
2025-09-10,1.646908141015495,1.3716075428264054,1.183258448499819
2025-09-11,1.6841342611839953,1.4026108671416238,1.210586976427248
2025-09-12,1.6875268193113802,1.405436318179912,1.203658354805051
2025-09-15,1.686066665071293,1.404220246366606,1.2066022870041098
2025-09-16,1.7064671553459945,1.4212105481577453,1.2040150337514108
2025-09-17,1.7187039770869388,1.4314018372661663,1.2113828495986032
2025-09-18,1.7005032673380285,1.416243596102208,1.1972993547837567
2025-09-19,1.687973025779516,1.4058079358446205,1.1983134941760183
2025-09-22,1.698556973755225,1.4146226490121767,1.20382072357914
2025-09-23,1.6977076952683476,1.3961039430514002,1.2030674389386937
2025-09-24,1.6977076952683476,1.4174582219323828,1.2153888332871956
2025-09-25,1.6893546385674287,1.4111927770250632,1.2226874427716614
2025-09-26,1.6614595323103698,1.3878907588664071,1.2111246566299696
2025-09-29,1.6606288025442146,1.4033931440155818,1.2297571389024935
2025-09-30,1.6606288025442146,1.4137145716058077,1.2352510593897061
2025-10-09,1.673964255623252,1.4257740709196887,1.2535614658972338
2025-10-10,1.6542812239934985,1.4090093424970103,1.2289000447179574
2025-10-13,1.6487773091630982,1.404321465185787,1.2228178701475692
2025-10-14,1.6178063288265803,1.3779423949240208,1.2081993569131833
2025-10-15,1.616997425662167,1.4005040697195226,1.2260945252443516
2025-10-16,1.597447044151082,1.3842714630891115,1.229323268243862
2025-10-17,1.5497032810000726,1.342898993740339,1.2015901492728007
2025-10-20,1.5489284293595726,1.3578417834177547,1.207975767125913
2025-10-21,1.5489284293595726,1.38060734183475,1.2265150869870742
2025-10-22,1.5489284293595726,1.3751068220038145,1.222442558718937
2025-10-23,1.5489284293595726,1.3732718694103714,1.2261078341602607
2025-10-24,1.5489284293595726,1.390993838665878,1.240571963970103
2025-10-27,1.5489284293595726,1.4056532156495862,1.255302272098124
2025-10-28,1.5489284293595726,1.405353897141436,1.248900683545921
2025-10-29,1.5489284293595726,1.4181884434136192,1.263772066182577
2025-10-30,1.5271431514600426,1.398951083836656,1.2536759225740508
2025-10-31,1.5263795798843127,1.4073724895925364,1.2352457358233428
2025-11-03,1.5263795798843127,1.4157996792809415,1.2386341858137602
2025-11-04,1.5055733494044363,1.3972086741636072,1.229397798172952
2025-11-05,1.5048205627297342,1.4042607338942783,1.2316762845765636
2025-11-06,1.5048205627297342,1.4187277951215422,1.2492813185409168
2025-11-07,1.5048205627297342,1.4147585714265056,1.2453924533123228
2025-11-10,1.5107262966298822,1.4210182324013008,1.2497205127659121
2025-11-11,1.5098854114632232,1.4202272796285558,1.2383067864824002
2025-11-12,1.4991414508968994,1.410121303524873,1.2366405102106002
2025-11-13,1.5183373066118353,1.428177294883678,1.251589084559528
2025-11-14,1.5021068393548247,1.4129106049848823,1.231910521496561
2025-11-17,1.5073304733517296,1.4178240556645667,1.2239012159025575
2025-11-18,1.490442055726657,1.401938484985634,1.2159531313217349
2025-11-19,1.4748464798294822,1.387268986120008,1.2213033155171311
2025-11-20,1.4741090565895676,1.3766742677179928,1.2150907135708353
2025-11-21,1.4741090565895676,1.3247374456129595,1.185454419624795
2025-11-24,1.4741090565895676,1.3476591702081204,1.1839744681757203
2025-11-25,1.4741090565895676,1.3690033272071847,1.1952471199505972
2025-11-26,1.4741090565895676,1.3668820699537718,1.202495155554609
2025-11-27,1.4741090565895676,1.3691522634696944,1.2019015779050701
2025-11-28,1.4741090565895676,1.3843235184818334,1.2048987457677647
2025-12-01,1.4741090565895676,1.395022347669292,1.21816241136262
2025-12-02,1.4741090565895676,1.383440022788694,1.2122638998317752
2025-12-03,1.4741090565895676,1.3699287564111278,1.2060672685845701
2025-12-04,1.4741090565895676,1.3648750453677208,1.2101983560827068
2025-12-05,1.4741090565895676,1.3870144930889237,1.2203051468239603
2025-12-08,1.4741090565895676,1.406092794521459,1.2302096420433977
2025-12-09,1.4741090565895676,1.399966163994731,1.223946466216648
2025-12-10,1.4741090565895676,1.4039903350487513,1.2222455867634845
2025-12-11,1.4741090565895676,1.384003956209847,1.2116916164476907
2025-12-12,1.4741090565895676,1.39657677953529,1.219349566661698
2025-12-15,1.4741090565895676,1.3879341383603419,1.2116596750495092
2025-12-16,1.4741090565895676,1.3630776883356879,1.1971502949255766
2025-12-17,1.4741090565895676,1.3796674527994954,1.2190647558612466
2025-12-18,1.4741090565895676,1.3772237413078339,1.2118539852217798
2025-12-19,1.4741090565895676,1.3913914840269472,1.2159504695385532
2025-12-22,1.4741090565895676,1.40601904938177,1.2275132556802453
2025-12-23,1.4686496355853342,1.401514811928204,1.2299381401588552
2025-12-24,1.492222349641505,1.4240099714996726,1.2334862971401803
2025-12-25,1.5099446909413037,1.440922190201729,1.2357434892783372
2025-12-26,1.5098325625849267,1.4408151874500232,1.2396563105555674
2025-12-29,1.5090219048732822,1.4400415864748521,1.23489970400971
2025-12-30,1.5083703482078485,1.439419813728453,1.238069887779221
2025-12-31,1.508558238967183,1.439599115636717,1.2323896424692828
2026-01-05,1.5388571391579127,1.468512994327408,1.2557627605885735
2026-01-06,1.5596660407541965,1.4883706806676393,1.2751778071165434
2026-01-07,1.5680605150018785,1.4963814272142701,1.2714459870956751
2026-01-08,1.5862389459674808,1.5137288868388061,1.2610597091203337
2026-01-09,1.6173166836606128,1.543386000858914,1.2667213219479994
2026-01-12,1.6645030234705507,1.5884153615463923,1.2749728498115458
2026-01-13,1.633490441443962,1.5588204248009243,1.2672829581993568
2026-01-14,1.6487489893995855,1.5733814749317134,1.2621989523221397
2026-01-15,1.6388513890772287,1.5639363131189712,1.2647276463448394
2026-01-16,1.6385331869848077,1.5636326566614274,1.2595211984412598
2026-01-19,1.6494353967703799,1.5740365052901293,1.260210600285343
2026-01-20,1.6300462826055182,1.5555337051437959,1.2560635420881157
2026-01-21,1.645451809622879,1.5702350156383076,1.257178829241285
2026-01-22,1.6600391026883,1.5841554952419925,1.2573491833649197
2026-01-23,1.693026052935959,1.615634548007363,1.251703541236345
2026-01-26,1.6700018586772003,1.5936628343293746,1.252890696535423
2026-01-27,1.675646157697528,1.5990491214929485,1.2525526500713355
2026-01-28,1.6742460684908749,1.597713033079756,1.2558266433849363
2026-01-29,1.6561282474476384,1.5804234127804664,1.2653771214411957
2026-01-30,1.6463215620088307,1.5710650099555938,1.252725665978152
2026-02-02,1.5958728931275463,1.5229224475867265,1.2260120099657161
2026-02-03,1.644948747267242,1.5697549492387621,1.2404202423287407
2026-02-04,1.6443305260591095,1.5691649881212484,1.2506867400609016
2026-02-05,1.616883322715697,1.542972449683402,1.2431645407891654
2026-02-06,1.6177515598535888,1.543800998017557,1.236025638295607
2026-02-09,1.6532023034454233,1.577631219354195,1.256111454185388
2026-02-10,1.6523757022937007,1.578079474124855,1.2575062285726455
2026-02-11,1.6469164900993813,1.573654765743503,1.2547166797981302
2026-02-12,1.6599777917568816,1.5861350461485517,1.2562498669108408
2026-02-13,1.6430802718510016,1.5699891985060102,1.2405000958241945
2026-02-24,1.6600474036067534,1.5862015613725848,1.2530450799599668
2026-02-25,1.6817299815407896,1.6069196076758567,1.260591235280339
2026-02-26,1.6964665074984702,1.6210005914071008,1.258190306850365
2026-02-27,1.7110759161650797,1.6349601125553268,1.253872894529503
2026-03-02,1.6908445939707657,1.6156287640748381,1.2586694278230872
2026-03-03,1.6899991716737803,1.5482098005844662,1.2392996316092075
2026-03-04,1.6899991716737803,1.5420441285131967,1.225117650816635
2026-03-05,1.6899991716737803,1.561265582275717,1.2371143076169586
2026-03-06,1.6899991716737803,1.5772118842461584,1.2405080811737397
2026-03-09,1.6899991716737803,1.5657452380160533,1.2285353804220522
2026-03-10,1.6899991716737803,1.5975351771546233,1.244319754690062
2026-03-11,1.6874409356169564,1.595915676047723,1.2522358978727028
2026-03-12,1.6749161064806923,1.5840701822372538,1.2477268371627521
2026-03-13,1.6488604255553736,1.5594277377160117,1.2428238325418965
2026-03-16,1.6495621951566364,1.5600914439732145,1.2434679840718894
2026-03-17,1.607003461778091,1.519841057534223,1.2343859798556247
2026-03-18,1.6061999600472021,1.5401600124932942,1.2399464449223823
2026-03-19,1.6061999600472021,1.5040567056744718,1.2199617767935094
2026-03-20,1.6061999600472021,1.4744718908109218,1.2156417026894657
2026-03-23,1.6061999600472021,1.4000905185440107,1.175975809714444
2026-03-24,1.6061999600472021,1.441397918651881,1.191073443921552
2026-03-25,1.6061999600472021,1.4722045892612616,1.2077761333872787
2026-03-26,1.6061999600472021,1.449384083485282,1.1918214049956346
2026-03-27,1.6061999600472021,1.4709191102576598,1.1984865100828346
2026-03-30,1.6061999600472021,1.475095109540452,1.1956596963437744
2026-03-31,1.6061999600472021,1.449229363290248,1.184506824812078
2026-04-01,1.6061999600472021,1.4807720393133894,1.2047417005600392
2026-04-02,1.6061999600472021,1.453421268387483,1.1921887310747215
2026-04-03,1.6061999600472021,1.4342446401020286,1.1820420135857412
2026-04-07,1.6061999600472021,1.4487348370593909,1.1819967632716508
2026-04-08,1.6061999600472021,1.5161856121786483,1.223238431890292
2026-04-09,1.6061999600472021,1.5069414420211373,1.2154287600349227
2026-04-10,1.6061999600472021,1.5206189964587873,1.234154404718809
2026-04-13,1.6061999600472021,1.5251015441653857,1.236704393006963
2026-04-14,1.6061999600472021,1.5458383882493627,1.2513788036881666
2026-04-15,1.6061999600472021,1.5405894694832492,1.2471119652477587
2026-04-16,1.6061999600472021,1.5677334648213994,1.2607828836694277
2026-04-17,1.6182574344203826,1.580286044383006,1.2586694278230872
2026-04-20,1.6300055261456328,1.591758474545636,1.2663273780370945
2026-04-21,1.6283411884724313,1.5901331895062112,1.2691382210770639
2026-04-22,1.6504247579191642,1.6116985819243435,1.277557441281063
2026-04-23,1.6259024303338518,1.5877516552891895,1.2740172696492833
2026-04-24,1.612636592954659,1.57479709241712,1.269502885372969
2026-04-27,1.6204192965225837,1.582397179754501,1.2699234471156917
2026-04-28,1.5985918929276868,1.5610819424180598,1.2665323353420923
2026-04-29,1.618436602443921,1.5804610083418766,1.280410872851941
2026-04-30,1.6273091214277497,1.5891253392637923,1.2796016907646772
2026-05-06,1.6652512820488499,1.6261772110166564,1.2981756138072018
2026-05-07,1.6976111001183753,1.6577777263650442,1.304409510018952
2026-05-08,1.7088942434189054,1.6687961178244894,1.2967968101190348
2026-05-11,1.7314190696508824,1.6907924132157075,1.3180724430910755
2026-05-12,1.7211842813971732,1.680797777813124,1.3170636272651775
2026-05-13,1.7478729132670883,1.706860177769166,1.330449734886395
2026-05-14,1.7118482947160916,1.6716808541711554,1.3081599625220928
2026-05-15,1.699910669875032,1.660023338167737,1.2935174932390707
2026-05-18,1.705353824044684,1.665338772157884,1.2865782244841466
2026-05-19,1.7243485959947102,1.6838878437644147,1.2917314367240902
2026-05-20,1.7217558421995358,1.6813559273017522,1.2911511679904601
2026-05-21,1.6608727709281585,1.621901438897814,1.2731575136815656
2026-05-22,1.6999491687891808,1.6600609337291472,1.2896605694086583
2026-05-25,1.712498334074219,1.672315640765735,1.3100232107493452
2026-05-26,1.6867484834185476,1.6471699941148488,1.3170103916015419
2026-05-27,1.6545056428189355,1.6156837114338225,1.3064484359362023
2026-05-28,1.6775472429369864,1.6381846549378154,1.308056152978003
2026-05-29,1.623500690381954,1.5854062706504464,1.3021762739294307
2026-06-01,1.614450484102054,1.5765684217527918,1.289436979621388
2026-06-02,1.613643258860003,1.5809164930281923,1.3081493153893657
2026-06-03,1.613643258860003,1.5871674781042004,1.3146041396052044
2026-06-04,1.613643258860003,1.5823407864123857,1.3055381060880304
2026-06-05,1.613643258860003,1.5767000062177274,1.2821596644023765
2026-06-08,1.613643258860003,1.5257898321358183,1.2546687677008581
2026-06-09,1.613643258860003,1.5666634373043404,1.2781377100146931
2026-06-10,1.613643258860003,1.5410854416972373,1.2639716999212112
2026-06-11,1.613643258860003,1.533018301808491,1.2570031515512872
2026-06-12,1.613643258860003,1.541569846046176,1.2716190030024914
2026-06-15,1.613643258860003,1.5985690550934033,1.3020671408189775
2026-06-16,1.613643258860003,1.621015051238412,1.300076126998999
2026-06-17,1.613643258860003,1.6274062966781428,1.3126290964843168
2026-06-18,1.613643258860003,1.6392778181849732,1.3153467771129235
2026-06-22,1.6291283446618003,1.6558285411042395,1.346771789357126
2026-06-23,1.6283137804894696,1.6332943399882296,1.3094349566661698
2026-06-24,1.6283137804894696,1.647605235037328,1.3157247503247376
2026-06-25,1.6254946630450324,1.6455765207043094,1.3362417750899682
2026-06-26,1.5838543539224041,1.6034217744815789,1.2958146121249547
2026-06-29,1.583062426745443,1.5995942571333963,1.311439279402057
2026-06-30,1.6213840500373204,1.639115868074283,1.325416302889632
2026-07-01,1.6395865646004688,1.6575174494014353,1.3199729562828728
2026-07-02,1.6009502041274408,1.6184585530625202,1.2809299205723899
2026-07-03,1.6004996468362735,1.6180030683762043,1.288880666936394
2026-07-06,1.5719586303666009,1.589149920977022,1.2888354166223035
2026-07-07,1.5711726510514177,1.5500621049754835,1.2755957070760844
2026-07-08,1.5711726510514177,1.5162318836388453,1.2658189774493729
2026-07-09,1.5711726510514177,1.5458571860300678,1.2979679947190221
2026-07-10,1.5711726510514177,1.5333465399792647,1.2725426417665722
2026-07-13,1.5711726510514177,1.4528356452193627,1.249808351610911
2026-07-14,1.5711726510514177,1.4755245665304066,1.276724303145163
2026-07-15,1.5711726510514177,1.4590389128520427,1.2741370498924638
2026-07-16,1.5711726510514177,1.4286414554687805,1.250620195481357
2026-07-17,1.5711726510514177,1.3406707337352204,1.2055482208641213
2026-07-20,1.5711726510514177,1.2989035109916407,1.2239730840484657
2026-07-21,1.5711726510514177,1.3455827384317733,1.2614802708630564
2026-07-22,1.5711726510514177,1.3285143535515516,1.2556270096463023
2026-07-23,1.5711726510514177,1.338942783893483,1.2584910883499074
2026-07-24,1.5711726510514177,1.3013848180447127,1.237513575094227
