date,open,high,low,close,volume
2018-04-27,6920.43,6941.22,6863.83,6915.71,0.0
2018-05-02,6914.37,6944.43,6842.68,6887.14,0.0
2018-05-03,6870.47,6953.48,6799.33,6953.26,0.0
2018-05-04,6934.24,6980.77,6922.99,6949.29,0.0
2018-05-07,6953.78,7069.57,6953.78,7069.3,0.0
2018-05-08,7072.44,7111.68,7068.28,7111.28,0.0
2018-05-09,7103.73,7127.13,7084.73,7118.65,0.0
2018-05-10,7123.85,7158.05,7106.11,7157.75,0.0
2018-05-11,7157.88,7160.9,7076.56,7077.79,0.0
2018-05-14,7060.14,7074.35,7009.62,7029.57,0.0
2018-05-15,7028.05,7105.7,7009.47,7105.28,0.0
2018-05-16,7084.85,7127.37,7068.6,7078.52,0.0
2018-05-17,7070.99,7083.81,7041.65,7057.72,0.0
2018-05-18,7050.88,7089.09,7020.79,7089.09,0.0
2018-05-21,7118.82,7183.11,7118.82,7177.14,0.0
2018-05-22,7170.81,7208.06,7157.45,7207.78,0.0
2018-05-23,7188.82,7197.8,7139.12,7139.21,0.0
2018-05-24,7135.13,7154.92,7119.14,7125.33,0.0
2018-05-25,7118.73,7125.54,7053.11,7060.2,0.0
2018-05-28,7051.32,7061.18,6978.7,7009.61,0.0
2018-05-29,6996.81,7041.8,6953.32,6954.86,0.0
2018-05-30,6861.5,6861.5,6707.4,6719.35,0.0
2018-05-31,6757.3,6829.91,6726.91,6829.43,107117444.0
2018-06-01,6799.51,6837.49,6712.38,6756.43,102963106.0
2018-06-04,6764.65,6780.77,6710.78,6738.09,0.0
2018-06-05,6733.58,6836.85,6733.58,6836.61,0.0
2018-06-06,6829.55,6849.03,6816.8,6845.53,88993201.0
2018-06-07,6853.7,6860.75,6786.31,6790.96,91242515.0
2018-06-08,6777.63,6777.63,6672.2,6721.36,94643512.0
2018-06-11,6701.35,6707.2,6638.48,6659.87,79032932.0
2018-06-12,6655.72,6705.76,6589.77,6705.54,85612783.0
2018-06-13,6689.37,6689.37,6592.56,6594.39,89610702.0
2018-06-14,6572.15,6631.75,6544.61,6563.71,83604566.0
2018-06-15,6554.67,6568.66,6381.09,6415.42,102565296.0
2018-06-19,6314.1,6314.63,5913.83,5975.93,129611597.0
2018-06-20,5929.1,6067.93,5903.57,6043.72,106573735.0
2018-06-21,6027.81,6071.45,5893.8,5895.79,106453826.0
2018-06-22,5851.68,5979.47,5820.22,5978.25,93837378.0
2018-06-25,6014.53,6033.52,5953.93,5958.74,91282794.0
2018-06-26,5883.2,6009.81,5853.8,6007.94,97627475.0
2018-06-27,6007.12,6041.1,5945.82,5968.83,93605201.0
2018-06-28,5955.62,6005.8,5900.76,5904.6,93261241.0
2018-06-29,5902.02,6072.98,5898.63,6072.78,110346496.0
2018-07-02,6065.07,6089.69,5960.05,6005.22,115773167.0
2018-07-03,5999.21,6086.17,5931.61,6085.85,117710971.0
2018-07-04,6056.13,6056.13,5945.5,5972.63,105976105.0
2018-07-05,5950.47,5974.13,5807.02,5807.02,102433507.0
2018-07-06,5799.1,5887.83,5687.19,5824.6,112606635.0
2018-07-09,5821.85,5939.19,5821.85,5938.99,98771672.0
2018-07-10,5940.82,5986.24,5926.21,5985.82,101225388.0
2018-07-11,5907.5,5907.5,5764.93,5847.78,113578919.0
2018-07-12,5836.75,6009.98,5836.75,5997.73,122805764.0
2018-07-13,5994.85,6025.13,5985.58,6017.14,111876320.0
2018-07-16,6008.28,6023.82,5983.19,6020.12,101407847.0
2018-07-17,6011.14,6036.52,5967.41,6036.28,100737400.0
2018-07-18,6039.36,6081.59,6012.17,6012.17,113168071.0
2018-07-19,5998.3,6021.73,5919.56,5943.76,102937572.0
2018-07-20,5933.73,6015.2,5905.41,6005.52,99343586.0
2018-07-23,5979.85,6045.63,5961.53,6045.56,116026104.0
2018-07-24,6043.85,6145.21,6038.07,6144.72,144681887.0
2018-07-25,6144.27,6172.06,6138.18,6160.21,133233898.0
2018-07-26,6156.38,6178.59,6139.31,6156.06,151951877.0
2018-07-27,6146.96,6155.74,6108.77,6118.64,135642155.0
2018-07-30,6104.08,6117.47,6000.56,6027.29,122703470.0
2018-07-31,6013.56,6046.09,5999.39,6028.46,98909001.0
2018-08-01,6035.85,6064.14,5942.73,5942.73,114097111.0
2018-08-02,5918.42,5918.42,5665.21,5795.94,137299543.0
2018-08-03,5779.41,5808.95,5732.29,5732.33,102375502.0
2018-08-06,5709.39,5739.53,5588.6,5622.13,104133537.0
2018-08-07,5623.52,5764.88,5590.77,5764.85,111539005.0
2018-08-08,5751.52,5762.82,5674.8,5680.19,120181785.0
2018-08-09,5657.29,5818.94,5642.96,5798.37,126127191.0
2018-08-10,5791.03,5834.38,5781.55,5831.35,105978186.0
2018-08-13,5766.4,5846.73,5737.6,5845.7,102120574.0
2018-08-14,5836.07,5861.45,5820.0,5840.34,100619311.0
2018-08-15,5836.52,5839.78,5729.43,5734.57,103230980.0
2018-08-16,5672.8,5737.32,5617.57,5674.45,96986227.0
2018-08-17,5707.05,5732.58,5561.84,5573.29,95963297.0
2018-08-20,5562.31,5600.17,5485.72,5600.17,89067741.0
2018-08-21,5596.52,5666.99,5581.65,5661.48,88643526.0
2018-08-22,5648.45,5648.45,5592.14,5597.42,82347457.0
2018-08-23,5589.99,5647.44,5581.36,5629.14,81967053.0
2018-08-24,5621.9,5648.08,5601.39,5615.26,79513923.0
2018-08-27,5616.82,5725.06,5616.82,5725.06,97441111.0
2018-08-28,5725.75,5741.85,5711.23,5734.14,93664235.0
2018-08-29,5730.87,5730.87,5693.5,5709.04,83946039.0
2018-08-30,5702.98,5714.09,5618.19,5620.78,86894490.0
2018-08-31,5608.15,5616.75,5554.2,5564.31,77114850.0
2018-09-03,5555.44,5561.53,5477.31,5561.53,79400552.0
2018-09-04,5555.75,5630.4,5550.25,5622.78,89342211.0
2018-09-05,5612.18,5631.43,5545.97,5546.13,93186685.0
2018-09-06,5529.97,5582.37,5504.81,5527.67,84910798.0
2018-09-07,5528.54,5597.87,5502.91,5538.99,93231295.0
2018-09-10,5533.09,5533.29,5431.73,5435.49,92774668.0
2018-09-11,5429.72,5470.64,5403.3,5447.62,82121075.0
2018-09-12,5444.51,5479.59,5426.32,5445.71,78567895.0
2018-09-13,5476.42,5501.89,5420.15,5490.82,87371937.0
2018-09-14,5493.75,5498.19,5436.67,5438.61,89456248.0
2018-09-17,5418.15,5418.24,5343.37,5359.46,83078930.0
2018-09-18,5344.74,5448.86,5340.62,5448.85,96217235.0
2018-09-19,5439.02,5534.94,5429.76,5505.75,118110057.0
2018-09-20,5498.75,5518.19,5480.93,5487.86,105085809.0
2018-09-21,5493.91,5550.84,5472.36,5547.9,113560892.0
2018-09-25,5520.09,5547.15,5503.95,5530.68,89307315.0
2018-09-26,5530.41,5573.09,5521.4,5548.96,102924976.0
2018-09-27,5545.02,5545.02,5456.79,5456.82,112261233.0
2018-09-28,5459.3,5504.91,5453.41,5504.91,88889159.0
2018-10-08,5426.34,5428.97,5322.75,5327.91,93302725.0
2018-10-09,5335.3,5376.24,5307.65,5337.77,80728286.0
2018-10-10,5340.76,5364.38,5301.81,5347.3,83841195.0
2018-10-11,5192.51,5194.26,4921.98,4954.61,139330975.0
2018-10-12,4905.62,4934.95,4724.26,4911.96,124352190.0
2018-10-15,4919.5,4960.98,4842.14,4848.36,88014440.0
2018-10-16,4845.01,4879.27,4724.05,4751.21,87973130.0
2018-10-17,4799.45,4829.59,4682.88,4787.15,95119749.0
2018-10-18,4758.91,4758.91,4628.53,4637.25,92920309.0
2018-10-19,4565.18,4729.63,4541.89,4727.43,97996857.0
2018-10-22,4766.47,4993.65,4766.47,4953.61,141541592.0
2018-10-23,4949.45,4972.8,4858.86,4885.99,123296067.0
2018-10-24,4866.28,4935.8,4848.89,4889.96,99778465.0
2018-10-25,4749.63,4864.47,4721.19,4855.46,105801133.0
2018-10-26,4881.1,4930.72,4859.79,4877.17,104409379.0
2018-10-29,4861.38,4861.79,4787.14,4809.33,84193335.0
2018-10-30,4800.18,4882.86,4745.51,4862.62,100539187.0
2018-10-31,4868.67,4958.48,4867.38,4934.57,114320923.0
2018-11-01,4957.28,5026.85,4954.81,4959.49,133281978.0
2018-11-02,5011.91,5090.51,5011.91,5090.51,147214629.0
2018-11-05,5087.43,5151.9,5062.02,5133.98,156648205.0
2018-11-06,5120.21,5138.83,5071.96,5138.14,134664124.0
2018-11-07,5135.93,5181.7,5120.65,5125.31,141554109.0
2018-11-08,5148.77,5169.1,5110.98,5115.12,135433013.0
2018-11-09,5097.34,5138.51,5084.08,5107.88,121796490.0
2018-11-12,5105.86,5255.84,5103.25,5255.84,159280984.0
2018-11-13,5204.47,5388.75,5193.77,5359.92,224019331.0
2018-11-14,5358.02,5429.15,5350.1,5364.79,207080213.0
2018-11-15,5368.71,5463.56,5367.22,5463.56,188397516.0
2018-11-16,5472.99,5550.99,5464.4,5527.0,207123075.0
2018-11-19,5528.96,5550.91,5478.06,5550.91,194171471.0
2018-11-20,5505.67,5522.8,5395.3,5397.92,184918067.0
2018-11-21,5338.08,5443.29,5329.48,5443.29,157797962.0
2018-11-22,5455.94,5478.15,5430.01,5452.48,147650233.0
2018-11-23,5443.69,5445.51,5200.16,5215.79,173609553.0
2018-11-26,5205.74,5258.19,5183.53,5209.58,120345926.0
2018-11-27,5238.31,5272.78,5213.36,5252.0,120596439.0
2018-11-28,5251.02,5310.4,5173.77,5310.4,137124857.0
2018-11-29,5327.04,5337.54,5181.68,5181.68,143136314.0
2018-11-30,5164.3,5214.72,5097.53,5208.28,123294756.0
2018-12-03,5321.45,5394.05,5306.94,5372.87,166540990.0
2018-12-04,5365.19,5418.75,5354.96,5418.72,155485731.0
2018-12-05,5314.72,5407.24,5297.76,5374.81,150535594.0
2018-12-06,5357.55,5367.42,5277.18,5283.5,136938865.0
2018-12-07,5289.51,5308.94,5260.89,5286.26,111830156.0
2018-12-10,5253.35,5260.56,5202.89,5220.56,105437953.0
2018-12-11,5232.03,5266.56,5229.5,5266.56,102876836.0
2018-12-12,5278.65,5288.53,5251.63,5266.31,107593102.0
2018-12-13,5274.3,5340.95,5245.38,5313.25,127452382.0
2018-12-14,5305.32,5305.43,5175.17,5179.4,128408761.0
2018-12-17,5158.81,5174.98,5105.42,5172.89,103999794.0
2018-12-18,5148.34,5181.29,5091.06,5138.29,103343119.0
2018-12-19,5141.85,5146.7,5067.08,5075.08,98513509.0
2018-12-20,5063.51,5103.35,5049.93,5096.77,98796469.0
2018-12-21,5080.38,5087.12,5023.97,5059.08,93220009.0
2018-12-24,5053.66,5103.33,5042.0,5103.33,88205004.0
2018-12-25,5058.59,5058.64,4929.29,5050.25,122592274.0
2018-12-26,5046.09,5072.15,5032.77,5043.91,106668855.0
2018-12-27,5103.19,5116.07,4964.24,4964.24,111380731.0
2018-12-28,4968.48,5000.77,4938.1,4975.17,96551474.0
2019-01-02,4986.64,4995.6,4959.69,4969.8,89200719.0
2019-01-03,4967.49,5010.59,4944.28,4945.61,106033365.0
2019-01-04,4901.39,5072.21,4884.75,5072.21,134708806.0
2019-01-07,5101.55,5189.9,5098.24,5184.98,152793469.0
2019-01-08,5181.27,5189.66,5156.62,5180.1,148943236.0
2019-01-09,5184.1,5257.24,5178.18,5194.47,171347441.0
2019-01-10,5190.85,5225.36,5173.45,5187.94,148553295.0
2019-01-11,5188.7,5233.37,5178.61,5233.33,144728985.0
2019-01-14,5232.84,5238.46,5196.15,5212.11,141249122.0
2019-01-15,5200.42,5262.73,5186.44,5262.73,144557609.0
2019-01-16,5260.29,5278.94,5242.32,5246.58,139034957.0
2019-01-17,5240.43,5244.33,5188.06,5194.02,137832285.0
2019-01-18,5194.79,5222.5,5164.39,5211.9,132494637.0
2019-01-21,5217.61,5258.27,5215.01,5243.27,123660273.0
2019-01-22,5241.46,5241.46,5179.88,5196.67,123228499.0
2019-01-23,5184.16,5212.6,5174.23,5212.54,115865048.0
2019-01-24,5217.1,5250.17,5195.16,5234.89,130366031.0
2019-01-25,5235.22,5244.42,5193.81,5194.52,137063379.0
2019-01-28,5219.19,5230.62,5148.64,5153.44,127767238.0
2019-01-29,5134.02,5134.19,4971.27,5046.68,134951371.0
2019-01-30,5014.45,5041.21,4962.72,4963.23,100787201.0
2019-01-31,4945.94,4981.11,4848.37,4876.09,124072765.0
2019-02-01,4889.8,5005.9,4889.8,5005.9,99031125.0
2019-02-11,5021.35,5141.08,5021.31,5141.08,116870405.0
2019-02-12,5142.9,5223.43,5136.65,5214.09,142149843.0
2019-02-13,5217.74,5310.04,5212.2,5303.78,174300141.0
2019-02-14,5306.1,5355.27,5289.18,5334.09,169586452.0
2019-02-15,5328.48,5367.28,5319.85,5333.52,167406279.0
2019-02-18,5363.49,5512.24,5363.49,5512.24,221201472.0
2019-02-19,5535.42,5559.63,5463.16,5536.96,251115879.0
2019-02-20,5534.65,5552.68,5483.97,5550.2,215786401.0
2019-02-21,5546.12,5640.22,5518.49,5535.96,254286528.0
2019-02-22,5525.13,5656.63,5522.05,5656.63,241527525.0
2019-02-25,5722.35,5936.29,5713.12,5933.07,365874451.0
2019-02-26,5946.84,6051.48,5879.12,5921.72,389561790.0
2019-02-27,5905.16,5995.57,5842.56,5911.48,318927499.0
2019-02-28,5907.77,5974.94,5892.88,5935.11,253725376.0
2019-03-01,5946.24,5966.2,5887.78,5966.2,229368070.0
2019-03-04,6015.51,6160.31,6013.4,6078.61,349137890.0
2019-03-05,6069.01,6260.11,6048.9,6260.11,341627841.0
2019-03-06,6296.84,6396.22,6223.8,6396.22,407189181.0
2019-03-07,6397.71,6565.74,6370.25,6517.21,418667534.0
2019-03-08,6378.52,6531.6,6228.16,6228.19,409969363.0
2019-03-11,6279.05,6504.54,6269.85,6504.54,333267191.0
2019-03-12,6564.85,6695.77,6532.87,6646.87,409986391.0
2019-03-13,6661.48,6709.14,6476.23,6522.47,396467771.0
2019-03-14,6462.08,6508.98,6249.91,6319.97,315279271.0
2019-03-15,6351.66,6465.12,6346.14,6422.98,285660327.0
2019-03-18,6446.98,6559.59,6380.54,6559.59,291770231.0
2019-03-19,6559.87,6614.41,6544.45,6597.81,282146042.0
2019-03-20,6590.01,6607.8,6469.48,6598.32,292441684.0
2019-03-21,6605.94,6730.73,6595.32,6683.36,335588122.0
2019-03-22,6678.65,6734.63,6586.72,6727.55,315437011.0
2019-03-25,6617.32,6762.89,6590.13,6681.53,307922111.0
2019-03-26,6704.69,6731.44,6481.49,6497.88,300907567.0
2019-03-27,6532.8,6556.51,6392.21,6542.89,258951379.0
2019-03-28,6511.15,6590.23,6441.94,6444.85,258997913.0
2019-03-29,6435.72,6609.93,6376.1,6609.93,277723390.0
2019-04-01,6658.76,6857.73,6658.6,6857.73,340278531.0
2019-04-02,6899.65,6970.0,6854.4,6906.07,360376284.0
2019-04-03,6868.98,6979.22,6840.25,6979.22,330668085.0
2019-04-04,7003.54,7029.99,6935.61,7006.36,344566484.0
2019-04-08,7051.48,7073.84,6879.84,6990.65,359502696.0
2019-04-09,6977.2,7035.69,6929.36,7021.79,298358827.0
2019-04-10,6977.42,7082.04,6929.88,7022.74,317514255.0
2019-04-11,7023.98,7042.32,6899.45,6902.48,308501524.0
2019-04-12,6894.53,6932.51,6841.58,6898.76,264276907.0
2019-04-15,6975.2,7014.32,6841.81,6844.24,278222692.0
2019-04-16,6805.45,6981.92,6753.92,6981.92,274401015.0
2019-04-17,6987.25,7091.7,6980.7,7059.38,313805718.0
2019-04-18,7054.77,7080.07,7001.14,7018.31,309498003.0
2019-04-19,7002.17,7070.34,6944.07,7070.34,290316947.0
2019-04-22,7084.85,7090.09,6973.69,6995.98,302531004.0
2019-04-23,6977.21,6977.3,6839.46,6857.91,282812634.0
2019-04-24,6861.53,6930.59,6791.7,6930.59,242805963.0
2019-04-25,6905.9,6916.82,6636.04,6636.04,290128091.0
2019-04-26,6589.89,6657.01,6545.96,6549.28,234483171.0
2019-04-29,6548.68,6567.08,6285.51,6295.58,243018473.0
2019-04-30,6262.01,6403.29,6262.01,6360.0,187864521.0
2019-05-06,6155.51,6159.99,5836.31,5875.74,232350997.0
2019-05-07,5902.38,6001.69,5854.78,5964.74,201698178.0
2019-05-08,5846.61,6042.94,5804.58,5954.54,201800200.0
2019-05-09,5902.28,5977.5,5896.25,5909.22,171681967.0
2019-05-10,5965.09,6129.7,5860.07,6129.7,245028341.0
2019-05-13,6070.4,6133.93,6051.81,6105.7,196957079.0
2019-05-14,6026.79,6126.03,6018.74,6067.76,190081222.0
2019-05-15,6118.8,6216.26,6111.66,6211.66,218288679.0
2019-05-16,6211.03,6264.75,6201.33,6248.02,235325106.0
2019-05-17,6245.69,6250.68,5992.02,6020.78,250926790.0
2019-05-20,6014.58,6021.06,5866.85,6001.47,189512589.0
2019-05-21,5992.06,6120.47,5974.57,6113.32,193763324.0
2019-05-22,6113.14,6145.47,6035.37,6081.16,194914448.0
2019-05-23,6061.74,6062.37,5919.39,5938.8,189582981.0
2019-05-24,5901.51,5958.25,5864.97,5880.13,157764513.0
2019-05-27,5885.63,6056.3,5859.52,6051.63,175783989.0
2019-05-28,6055.69,6130.36,6039.55,6062.22,197242165.0
2019-05-29,6049.18,6126.04,6037.41,6085.06,173941634.0
2019-05-30,6065.08,6065.48,5963.32,6042.68,183962214.0
2019-05-31,6038.57,6088.95,6017.25,6031.37,171469206.0
2019-06-03,6033.29,6050.5,5912.81,5939.12,183747054.0
2019-06-04,5927.72,5930.47,5798.09,5833.96,165885818.0
2019-06-05,5879.9,5899.24,5823.69,5837.21,157959501.0
2019-06-06,5825.96,5826.04,5660.27,5683.37,158577745.0
2019-06-10,5695.34,5766.58,5670.72,5749.77,136530839.0
2019-06-11,5760.49,5965.84,5755.45,5965.84,211084102.0
2019-06-12,5953.26,5997.15,5928.98,5940.22,206949297.0
2019-06-13,5932.0,5993.36,5913.15,5981.39,195341155.0
2019-06-14,5983.81,5991.4,5835.03,5840.44,187505642.0
2019-06-17,5836.27,5868.79,5813.19,5839.93,135638487.0
2019-06-18,5843.1,5864.31,5802.49,5834.12,133372419.0
2019-06-19,5947.44,5974.57,5914.86,5918.59,181308872.0
2019-06-20,5908.98,6012.98,5873.83,6004.69,204411649.0
2019-06-21,6046.65,6126.73,6046.53,6108.14,230731301.0
2019-06-24,6112.52,6123.34,6071.41,6104.28,190998240.0
2019-06-25,6094.56,6094.56,5976.59,6043.92,191391030.0
2019-06-26,6011.65,6074.6,5987.97,6036.1,156498477.0
2019-06-27,6044.99,6093.06,6044.18,6072.54,167418124.0
2019-06-28,6065.32,6065.32,5945.2,5982.18,168719044.0
2019-07-01,6086.88,6158.79,6061.35,6158.79,207811463.0
2019-07-02,6160.11,6176.49,6135.1,6155.92,193631920.0
2019-07-03,6134.94,6135.02,6071.46,6094.18,172349699.0
2019-07-04,6101.25,6118.17,6045.53,6072.96,161672822.0
2019-07-05,6069.75,6103.55,6046.53,6092.92,138380860.0
2019-07-08,6077.8,6077.8,5858.95,5879.41,178018572.0
2019-07-09,5876.33,5913.97,5837.77,5904.54,130645605.0
2019-07-10,5908.33,5917.46,5839.87,5862.32,129587958.0
2019-07-11,5881.56,5927.57,5828.9,5860.79,130755884.0
2019-07-12,5864.64,5888.93,5823.25,5877.47,124687637.0
2019-07-15,5860.87,5947.04,5789.13,5934.01,148356540.0
2019-07-16,5925.58,5950.42,5914.26,5950.27,131704144.0
2019-07-17,5942.7,5977.22,5928.12,5955.03,142638840.0
2019-07-18,5926.33,5926.33,5845.41,5845.41,143761010.0
2019-07-19,5855.16,5922.02,5855.16,5871.54,127880701.0
2019-07-22,5871.05,5871.55,5688.08,5689.85,142131031.0
2019-07-23,5692.16,5766.38,5692.16,5766.38,109074297.0
2019-07-24,5779.77,5868.37,5779.69,5841.79,134134452.0
2019-07-25,5844.15,5871.68,5831.55,5858.86,128079657.0
2019-07-26,5847.35,5867.71,5833.72,5861.75,116837385.0
2019-07-29,5863.79,5877.96,5836.44,5860.83,110036453.0
2019-07-30,5859.33,5914.67,5859.14,5884.16,121991339.0
2019-07-31,5873.67,5873.67,5833.21,5843.83,117058488.0
2019-08-01,5814.96,5850.21,5793.7,5820.28,115467252.0
2019-08-02,5709.15,5737.38,5675.76,5722.67,141293010.0
2019-08-05,5707.65,5758.72,5661.79,5662.21,124204593.0
2019-08-06,5559.08,5559.08,5365.53,5493.2,170837220.0
2019-08-07,5521.0,5537.56,5471.95,5471.95,120785564.0
2019-08-08,5482.69,5516.03,5482.69,5501.51,108848770.0
2019-08-09,5525.22,5543.1,5428.01,5437.34,118094483.0
2019-08-12,5443.91,5535.97,5432.12,5535.97,106839773.0
2019-08-13,5497.66,5513.75,5478.88,5506.52,104363761.0
2019-08-14,5566.04,5586.13,5533.5,5541.51,118320795.0
2019-08-15,5415.1,5562.82,5390.49,5562.82,125895520.0
2019-08-16,5560.27,5623.8,5557.47,5591.46,128161147.0
2019-08-19,5636.09,5763.43,5636.09,5763.43,171604564.0
2019-08-20,5776.79,5816.74,5764.58,5780.53,175477906.0
2019-08-21,5773.22,5803.32,5765.75,5787.26,155490236.0
2019-08-22,5798.71,5816.93,5769.01,5816.89,152005408.0
2019-08-23,5817.26,5831.1,5780.39,5799.39,159543954.0
2019-08-26,5679.71,5779.22,5668.58,5763.35,155134324.0
2019-08-27,5791.33,5887.16,5791.33,5872.73,184099446.0
2019-08-28,5869.33,5892.35,5851.83,5873.82,180388805.0
2019-08-29,5881.68,5902.32,5863.88,5871.59,170479102.0
2019-08-30,5892.37,5901.78,5750.99,5776.92,189586837.0
2019-09-02,5778.07,5924.44,5778.06,5923.57,181763968.0
2019-09-03,5932.58,5968.25,5921.43,5968.25,186142711.0
2019-09-04,5958.54,6016.04,5949.08,6016.04,197458149.0
2019-09-05,6046.57,6134.14,6039.5,6070.31,252205528.0
2019-09-06,6085.96,6105.97,6048.16,6097.01,197237016.0
2019-09-09,6145.55,6236.97,6124.53,6236.97,225827879.0
2019-09-10,6245.14,6263.68,6206.48,6255.8,232015352.0
2019-09-11,6269.78,6275.42,6211.82,6214.12,214213545.0
2019-09-12,6226.99,6254.97,6194.12,6247.61,180166537.0
2019-09-16,6269.28,6304.67,6253.36,6278.35,198003103.0
2019-09-17,6266.38,6266.38,6102.39,6128.64,207507211.0
2019-09-18,6137.5,6156.67,6111.36,6130.17,157775172.0
2019-09-19,6140.04,6202.51,6108.13,6202.51,162205885.0
2019-09-20,6211.38,6234.68,6187.8,6208.86,172546652.0
2019-09-23,6188.64,6188.71,6110.06,6154.23,161923276.0
2019-09-24,6159.05,6219.53,6142.95,6171.2,166601251.0
2019-09-25,6142.08,6142.08,6045.61,6047.29,170414659.0
2019-09-26,6054.95,6066.18,5851.47,5851.47,175109596.0
2019-09-27,5846.47,5931.73,5846.47,5909.25,127298383.0
2019-09-30,5911.79,5931.04,5844.6,5844.6,106392144.0
2019-10-08,5854.07,5901.86,5842.69,5855.72,109141416.0
2019-10-09,5838.34,5917.86,5805.73,5917.86,114840550.0
2019-10-10,5921.87,6000.1,5913.04,6000.1,133253262.0
2019-10-11,6007.46,6035.27,5962.52,6010.84,148681531.0
2019-10-14,6053.06,6112.46,6046.74,6105.64,172700328.0
2019-10-15,6086.43,6086.43,6018.79,6035.13,163648686.0
2019-10-16,6037.75,6050.98,5998.78,6001.66,143619020.0
2019-10-17,5999.72,6024.2,5976.6,5993.6,129298535.0
2019-10-18,5992.19,6020.87,5900.53,5918.38,148185980.0
2019-10-21,5914.32,5914.32,5829.1,5890.51,130169301.0
2019-10-22,5890.08,5964.59,5889.41,5964.59,128712375.0
2019-10-23,5964.52,5971.81,5912.39,5926.51,133151953.0
2019-10-24,5918.3,5934.18,5874.73,5919.75,126985304.0
2019-10-25,5913.99,5965.83,5877.76,5957.28,135385098.0
2019-10-28,5985.29,6080.56,5985.29,6080.54,177915116.0
2019-10-29,6085.16,6085.16,5998.3,5998.3,191072884.0
2019-10-30,5973.72,5973.72,5909.54,5923.87,167972491.0
2019-10-31,5919.8,5936.77,5844.81,5846.33,149785977.0
2019-11-01,5824.76,5904.6,5813.48,5900.7,136019896.0
2019-11-04,5909.73,5951.36,5909.73,5922.56,140740762.0
2019-11-05,5925.03,5938.84,5880.25,5926.08,136937674.0
2019-11-06,5923.92,5929.58,5847.32,5867.66,137342202.0
2019-11-07,5864.04,5918.07,5855.11,5911.59,126605991.0
2019-11-08,5933.9,5950.01,5889.83,5894.87,131845476.0
2019-11-11,5863.87,5863.87,5734.06,5743.32,140160986.0
2019-11-12,5742.0,5761.9,5680.82,5761.9,121525451.0
2019-11-13,5755.54,5755.54,5711.34,5736.29,110485963.0
2019-11-14,5734.75,5787.48,5729.71,5774.03,116727235.0
2019-11-15,5766.51,5766.51,5693.91,5693.91,122988944.0
2019-11-18,5685.06,5741.19,5677.73,5738.26,109662048.0
2019-11-19,5740.5,5839.68,5734.27,5839.68,133013816.0
2019-11-20,5837.96,5850.1,5794.64,5803.7,134891232.0
2019-11-21,5783.38,5818.27,5770.18,5795.71,118707581.0
2019-11-22,5799.77,5847.98,5707.43,5734.74,144503739.0
2019-11-25,5731.04,5735.37,5658.59,5701.45,130752106.0
2019-11-26,5702.24,5719.08,5681.78,5694.71,116191256.0
2019-11-27,5687.44,5716.52,5666.5,5694.04,113559443.0
2019-11-28,5689.97,5716.0,5667.95,5679.25,110472224.0
2019-11-29,5677.95,5690.0,5636.53,5684.26,105627576.0
2019-12-02,5689.18,5711.15,5677.21,5691.53,107613400.0
2019-12-03,5670.51,5728.19,5648.24,5728.19,115009531.0
2019-12-04,5700.84,5740.32,5692.05,5731.42,115539270.0
2019-12-05,5738.16,5801.31,5738.16,5796.18,130669825.0
2019-12-06,5795.48,5832.99,5781.29,5832.96,132333556.0
2019-12-09,5842.43,5861.55,5827.44,5850.14,146142285.0
2019-12-10,5838.85,5880.52,5822.5,5880.52,153505483.0
2019-12-11,5880.22,5888.8,5848.84,5868.53,160911272.0
2019-12-12,5864.35,5891.9,5853.71,5860.21,155444171.0
2019-12-13,5887.71,5925.71,5880.07,5925.43,156529888.0
2019-12-16,5942.56,6034.19,5938.73,6034.19,180591388.0
2019-12-17,6040.69,6118.66,6036.06,6107.95,215931849.0
2019-12-18,6109.34,6148.45,6102.81,6119.96,204877715.0
2019-12-19,6121.97,6167.48,6115.44,6157.2,192814312.0
2019-12-20,6162.44,6173.84,6088.59,6088.59,189366951.0
2019-12-23,6070.04,6072.32,5951.04,5953.3,170599942.0
2019-12-24,5961.19,6050.54,5959.09,6050.54,145860046.0
2019-12-25,6045.96,6092.75,6037.95,6078.25,158449599.0
2019-12-26,6076.26,6126.61,6075.05,6126.59,161644564.0
2019-12-27,6132.45,6156.3,6072.12,6076.85,188526126.0
2019-12-30,6048.18,6102.17,5971.96,6102.17,173496494.0
2019-12-31,6098.55,6141.69,6092.4,6141.69,164492628.0
2020-01-02,6182.51,6266.17,6168.07,6262.91,218428905.0
2020-01-03,6274.48,6311.24,6258.91,6299.53,224445646.0
2020-01-06,6272.2,6392.15,6253.31,6354.84,258005002.0
2020-01-07,6361.66,6447.96,6361.66,6447.96,250252346.0
2020-01-08,6422.74,6453.24,6340.49,6355.39,269209298.0
2020-01-09,6403.23,6461.29,6403.23,6461.29,228508246.0
2020-01-10,6480.1,6485.59,6419.98,6449.2,213984135.0
2020-01-13,6443.87,6524.57,6412.99,6524.57,202115399.0
2020-01-14,6541.96,6558.16,6523.67,6527.43,226279888.0
2020-01-15,6517.75,6526.26,6460.71,6512.46,201276319.0
2020-01-16,6514.97,6530.91,6481.3,6491.79,186977127.0
2020-01-17,6504.73,6517.02,6457.12,6465.64,179153883.0
2020-01-20,6469.27,6544.42,6445.76,6544.41,189493963.0
2020-01-21,6540.68,6540.68,6479.61,6480.6,197029816.0
2020-01-22,6452.97,6512.95,6351.36,6489.16,205960344.0
2020-01-23,6432.45,6468.57,6200.7,6258.28,230793059.0
2020-02-03,5698.94,5724.03,5688.17,5708.71,106663502.0
2020-02-04,5371.07,5711.25,5371.07,5687.71,299747239.0
2020-02-05,5719.18,5909.4,5719.18,5855.92,261210380.0
2020-02-06,5869.25,6061.28,5842.54,6030.71,278669350.0
2020-02-07,6055.39,6112.21,5981.35,6106.33,289954720.0
2020-02-10,6108.92,6197.0,6089.75,6196.11,284511087.0
2020-02-11,6192.21,6192.21,6105.77,6143.17,250010868.0
2020-02-12,6119.21,6253.0,6114.85,6252.84,244211525.0
2020-02-13,6255.33,6273.41,6170.93,6191.9,264190815.0
2020-02-14,6176.2,6256.92,6154.92,6206.12,235779869.0
2020-02-17,6242.2,6430.48,6242.2,6430.48,278864751.0
2020-02-18,6446.63,6582.13,6442.18,6582.13,313538449.0
2020-02-19,6573.44,6630.76,6540.88,6540.88,318467991.0
2020-02-20,6554.66,6661.12,6503.21,6660.57,311977849.0
2020-02-21,6656.79,6788.89,6652.94,6751.53,344517692.0
2020-02-24,6752.16,6905.93,6737.19,6887.55,362256326.0
2020-02-25,6729.98,6910.92,6581.58,6899.14,429313310.0
2020-02-26,6808.32,6900.73,6715.14,6739.37,405393622.0
2020-02-27,6767.43,6829.32,6648.58,6751.43,331162136.0
2020-02-28,6510.61,6605.62,6366.2,6367.75,351292375.0
2020-03-02,6439.0,6666.94,6439.0,6645.63,308435783.0
2020-03-03,6757.58,6856.33,6675.09,6740.57,375633168.0
2020-03-04,6690.64,6797.29,6662.96,6797.29,330145207.0
2020-03-05,6890.25,6917.49,6844.33,6912.9,384621859.0
2020-03-06,6829.82,6955.44,6817.25,6901.29,357975492.0
2020-03-09,6800.08,6849.13,6660.69,6660.69,373501276.0
2020-03-10,6550.68,6811.76,6481.35,6811.76,372567474.0
2020-03-11,6828.42,6887.2,6741.91,6741.91,355843861.0
2020-03-12,6639.48,6685.12,6542.22,6609.32,304908706.0
2020-03-13,6257.96,6584.31,6257.96,6529.05,333966426.0
2020-03-16,6593.16,6605.89,6232.86,6251.48,331652349.0
2020-03-17,6285.71,6341.05,6002.32,6232.61,283748179.0
2020-03-18,6287.32,6395.37,6135.84,6135.84,283134765.0
2020-03-19,6124.3,6225.41,6020.76,6203.32,256633527.0
2020-03-20,6266.41,6287.3,6180.71,6279.2,242065809.0
2020-03-23,6118.24,6195.67,6000.97,6020.28,238905627.0
2020-03-24,6127.47,6146.07,5943.51,6130.2,243228042.0
2020-03-25,6246.63,6276.42,6210.72,6275.39,258772967.0
2020-03-26,6233.63,6284.85,6203.15,6214.54,238588968.0
2020-03-27,6279.21,6287.46,6170.47,6174.83,226903964.0
2020-03-30,6086.94,6086.94,5971.04,6031.33,230052833.0
2020-03-31,6077.9,6096.48,6023.25,6037.76,208953235.0
2020-04-01,6020.53,6100.48,5994.01,6005.87,211306307.0
2020-04-02,5974.09,6148.3,5969.61,6148.3,206130251.0
2020-04-03,6139.6,6172.15,6089.96,6117.58,206345058.0
2020-04-07,6219.14,6332.45,6215.34,6330.31,256268010.0
2020-04-08,6309.79,6377.65,6296.63,6358.95,269680419.0
2020-04-09,6382.49,6438.22,6372.0,6422.17,265282044.0
2020-04-10,6410.3,6410.3,6224.12,6243.99,269166389.0
2020-04-13,6199.42,6228.38,6144.35,6197.25,196127784.0
2020-04-14,6219.99,6311.16,6210.61,6311.16,206727036.0
2020-04-15,6308.21,6333.86,6267.64,6272.33,232579797.0
2020-04-16,6234.54,6309.71,6220.33,6301.18,220487208.0
2020-04-17,6330.58,6355.38,6296.37,6303.63,247793823.0
2020-04-20,6314.47,6401.73,6303.6,6401.73,219533666.0
2020-04-21,6375.57,6380.6,6310.59,6379.94,240413769.0
2020-04-22,6327.24,6442.25,6312.56,6442.22,239598478.0
2020-04-23,6453.15,6460.26,6404.5,6407.31,265180875.0
2020-04-24,6399.98,6400.66,6251.48,6273.99,258005770.0
2020-04-27,6271.0,6289.45,6213.08,6229.25,209387392.0
2020-04-28,6217.98,6221.74,5922.01,6096.76,247831045.0
2020-04-29,6069.09,6139.49,6057.51,6084.19,191361773.0
2020-04-30,6108.7,6231.06,6108.7,6214.6,206505610.0
2020-05-06,6164.37,6340.25,6159.28,6340.25,204125046.0
2020-05-07,6351.38,6375.82,6323.45,6333.52,216325674.0
2020-05-08,6362.85,6425.15,6356.95,6405.95,212966755.0
2020-05-11,6429.4,6446.66,6365.78,6407.78,211266970.0
2020-05-12,6403.93,6407.93,6318.17,6407.84,190556813.0
2020-05-13,6386.73,6453.66,6368.42,6448.9,183735126.0
2020-05-14,6420.71,6441.97,6384.67,6387.31,199180764.0
2020-05-15,6412.17,6448.52,6383.43,6412.68,191241146.0
2020-05-18,6427.98,6436.03,6364.19,6383.93,216981687.0
2020-05-19,6421.05,6466.95,6414.12,6466.94,195493263.0
2020-05-20,6459.14,6460.75,6383.82,6404.88,214898855.0
2020-05-21,6418.38,6423.88,6320.85,6332.22,205223103.0
2020-05-22,6324.99,6324.99,6179.74,6220.37,194130938.0
2020-05-25,6209.71,6236.63,6184.99,6214.59,163085625.0
2020-05-26,6229.08,6351.84,6229.08,6351.83,181074665.0
2020-05-27,6355.0,6362.04,6310.85,6327.06,201447294.0
2020-05-28,6322.17,6342.56,6217.04,6304.07,199553896.0
2020-05-29,6283.29,6372.56,6269.95,6358.06,192193029.0
2020-06-01,6393.38,6550.17,6393.38,6550.17,239494804.0
2020-06-02,6569.17,6587.02,6541.56,6570.06,250951175.0
2020-06-03,6580.28,6620.33,6560.78,6576.11,258988695.0
2020-06-04,6585.23,6599.85,6549.24,6590.5,232035783.0
2020-06-05,6591.01,6600.75,6542.02,6583.12,221917980.0
2020-06-08,6607.46,6615.85,6558.79,6567.67,215084791.0
2020-06-09,6569.2,6604.65,6542.33,6604.63,199731157.0
2020-06-10,6594.42,6601.21,6554.88,6601.21,193883668.0
2020-06-11,6600.74,6666.79,6553.85,6583.92,212719519.0
2020-06-12,6449.71,6614.0,6435.77,6591.57,206348638.0
2020-06-15,6593.96,6666.7,6592.0,6592.0,241344470.0
2020-06-16,6637.72,6716.23,6630.06,6716.17,224866774.0
2020-06-17,6723.11,6749.43,6692.97,6749.43,248667031.0
2020-06-18,6742.36,6742.36,6698.29,6725.49,229438783.0
2020-06-19,6720.17,6766.88,6712.77,6753.42,218024901.0
2020-06-22,6767.33,6797.58,6760.3,6781.15,224783434.0
2020-06-23,6779.89,6783.68,6744.59,6774.26,210609595.0
2020-06-24,6775.3,6787.5,6728.58,6744.68,198236588.0
2020-06-29,6731.06,6739.31,6696.9,6718.09,194882766.0
2020-06-30,6745.98,6837.72,6745.98,6830.19,200259156.0
2020-07-01,6849.59,6864.94,6790.28,6858.51,242022640.0
2020-07-02,6858.33,6937.44,6833.66,6936.65,270979625.0
2020-07-03,6944.13,7003.69,6924.27,7003.69,297749485.0
2020-07-06,7038.85,7264.9,7038.85,7259.95,418875698.0
2020-07-07,7319.3,7444.57,7233.49,7353.74,455290039.0
2020-07-08,7358.47,7512.97,7303.39,7512.97,416624588.0
2020-07-09,7521.02,7723.0,7515.19,7722.6,473722261.0
2020-07-10,7709.2,7776.8,7646.18,7688.81,435960093.0
2020-07-13,7728.63,7962.11,7728.63,7962.11,442362139.0
2020-07-14,7981.22,8008.95,7758.67,7909.14,469192431.0
2020-07-15,7920.98,7935.6,7654.67,7686.62,417934796.0
2020-07-16,7679.22,7715.4,7302.1,7313.06,374342262.0
2020-07-17,7313.13,7431.56,7236.69,7333.16,285270234.0
2020-07-20,7405.14,7594.44,7369.9,7594.44,306197006.0
2020-07-21,7616.84,7648.23,7559.58,7638.95,301924564.0
2020-07-22,7624.25,7745.6,7591.99,7691.27,314747933.0
2020-07-23,7630.01,7685.0,7470.22,7676.97,328536877.0
2020-07-24,7653.32,7689.45,7314.96,7330.51,357198145.0
2020-07-27,7352.15,7383.29,7256.06,7332.21,255102912.0
2020-07-28,7375.7,7442.27,7350.34,7417.57,256034048.0
2020-07-29,7397.49,7619.31,7367.07,7619.31,278293443.0
2020-07-30,7639.4,7673.09,7588.45,7613.22,313449126.0
2020-07-31,7592.8,7719.18,7562.1,7719.15,312270635.0
2020-08-03,7782.37,7966.43,7777.49,7966.43,371990173.0
2020-08-04,7995.07,7995.07,7876.06,7901.47,380227660.0
2020-08-05,7902.02,8015.17,7847.03,8001.49,338198613.0
2020-08-06,7999.41,8024.0,7874.29,7999.35,344900265.0
2020-08-07,7972.43,7980.48,7774.84,7905.61,336445414.0
2020-08-10,7891.22,8000.94,7870.41,7950.17,312924634.0
2020-08-11,7949.43,7965.34,7783.95,7794.69,328090448.0
2020-08-12,7761.8,7782.01,7528.05,7705.83,307238594.0
2020-08-13,7723.36,7790.82,7706.58,7745.96,283848073.0
2020-08-14,7731.08,7806.16,7671.63,7805.6,265559388.0
2020-08-17,7821.37,7973.61,7813.4,7973.61,303807794.0
2020-08-18,7983.33,8062.42,7976.64,8053.78,320052482.0
2020-08-19,8046.09,8046.09,7909.25,7918.51,332518417.0
2020-08-20,7858.56,7914.91,7788.52,7816.77,274513047.0
2020-08-21,7846.11,7916.12,7800.99,7863.58,259523070.0
2020-08-24,7879.28,7941.48,7781.61,7928.08,251973946.0
2020-08-25,7929.3,7947.74,7864.58,7893.62,291122370.0
2020-08-26,7885.81,7889.84,7680.79,7713.93,293762756.0
2020-08-27,7709.82,7821.73,7664.8,7811.76,263314037.0
2020-08-28,7794.71,7897.6,7773.98,7893.13,272574760.0
2020-08-31,7920.95,7998.39,7914.43,7916.9,278594719.0
2020-09-01,7910.7,7955.56,7857.03,7955.56,250423087.0
2020-09-02,7970.51,8022.07,7902.34,7991.78,310772991.0
2020-09-03,7982.02,7982.02,7870.48,7899.08,292967844.0
2020-09-04,7761.45,7912.43,7738.03,7903.98,269616493.0
2020-09-07,7913.03,7974.28,7770.13,7808.6,330071658.0
2020-09-08,7815.87,7877.43,7729.45,7877.43,330739142.0
2020-09-09,7792.85,7828.18,7642.31,7642.31,404261473.0
2020-09-10,7678.77,7697.18,7313.96,7333.24,344839675.0
2020-09-11,7283.96,7459.74,7281.75,7452.52,242851498.0
2020-09-14,7494.74,7599.29,7475.76,7584.02,268144499.0
2020-09-15,7597.08,7607.49,7546.18,7603.68,249136996.0
2020-09-16,7591.47,7591.47,7486.37,7528.97,217144788.0
2020-09-17,7518.71,7599.06,7463.98,7546.3,216098390.0
2020-09-18,7546.66,7655.6,7528.25,7652.22,233310801.0
2020-09-21,7672.32,7696.24,7630.82,7648.87,223799808.0
2020-09-22,7580.32,7633.94,7503.39,7530.13,213315714.0
2020-09-23,7552.56,7600.11,7517.44,7581.66,190970448.0
2020-09-24,7529.34,7529.34,7360.89,7361.25,213578807.0
2020-09-25,7390.43,7407.59,7280.21,7314.65,169811507.0
2020-09-28,7327.11,7337.5,7203.21,7204.67,158062809.0
2020-09-29,7236.7,7310.81,7211.31,7278.01,156615730.0
2020-09-30,7296.39,7319.87,7233.55,7270.71,154743932.0
2020-10-09,7389.43,7503.94,7383.02,7497.28,195059585.0
2020-10-12,7552.66,7739.28,7549.92,7739.03,263056608.0
2020-10-13,7731.94,7781.24,7695.48,7773.37,237520319.0
2020-10-14,7762.76,7762.76,7699.87,7720.98,233835882.0
2020-10-15,7719.15,7719.52,7642.92,7645.27,216470787.0
2020-10-16,7638.86,7659.08,7570.86,7639.81,202641211.0
2020-10-19,7676.06,7691.17,7572.64,7591.36,207928905.0
2020-10-20,7578.64,7672.98,7537.96,7672.98,194352005.0
2020-10-21,7675.48,7675.48,7527.15,7552.63,198458380.0
2020-10-22,7520.16,7551.56,7449.44,7516.09,183531100.0
2020-10-23,7518.37,7558.65,7372.26,7387.85,190261023.0
2020-10-26,7368.83,7435.35,7293.16,7410.05,172387750.0
2020-10-27,7389.04,7445.76,7362.65,7424.73,178775948.0
2020-10-28,7419.52,7439.0,7316.82,7424.84,194802724.0
2020-10-29,7319.55,7438.83,7299.5,7406.09,200270494.0
2020-10-30,7413.23,7420.96,7190.59,7197.07,229485880.0
2020-11-02,7198.76,7227.03,7142.41,7194.06,198210270.0
2020-11-03,7220.64,7341.52,7202.31,7341.52,201237282.0
2020-11-04,7348.97,7354.97,7267.18,7326.96,190932681.0
2020-11-05,7376.46,7464.94,7366.8,7464.94,222789834.0
2020-11-06,7481.04,7481.04,7332.62,7379.54,212954652.0
2020-11-09,7414.51,7569.23,7414.51,7548.82,251030033.0
2020-11-10,7560.66,7560.66,7427.4,7462.3,225557644.0
2020-11-11,7445.65,7454.02,7345.22,7350.58,204393205.0
2020-11-12,7361.69,7388.63,7331.2,7364.51,182635162.0
2020-11-13,7354.9,7377.92,7305.07,7366.09,176291186.0
2020-11-16,7384.41,7440.1,7358.26,7440.1,216003528.0
2020-11-17,7436.55,7436.55,7330.79,7374.04,229758252.0
2020-11-18,7365.38,7423.2,7353.38,7399.59,216358481.0
2020-11-19,7384.94,7440.23,7345.96,7433.47,219432135.0
2020-11-20,7426.0,7483.21,7414.21,7478.5,215145617.0
2020-11-23,7485.39,7539.81,7443.25,7510.79,253716375.0
2020-11-24,7503.78,7533.15,7491.63,7512.99,226055603.0
2020-11-25,7520.69,7523.64,7399.66,7399.66,236672109.0
2020-11-26,7387.91,7400.9,7305.71,7350.63,199703890.0
2020-11-27,7348.04,7349.65,7271.88,7341.34,196900906.0
2020-11-30,7339.25,7373.85,7293.51,7308.98,204770485.0
2020-12-01,7294.45,7409.01,7288.87,7404.01,206163218.0
2020-12-02,7406.26,7429.83,7386.3,7423.52,223601094.0
2020-12-03,7415.2,7424.1,7362.93,7402.1,212218212.0
2020-12-04,7391.02,7441.65,7376.63,7431.42,189509061.0
2020-12-07,7439.62,7451.68,7407.43,7409.76,196968750.0
2020-12-08,7410.22,7425.98,7392.61,7404.8,182981791.0
2020-12-09,7405.47,7407.3,7259.04,7259.04,213859770.0
2020-12-10,7233.56,7302.04,7209.76,7256.71,191717224.0
2020-12-11,7260.1,7267.27,7069.65,7135.09,225543979.0
2020-12-14,7126.0,7205.53,7083.22,7203.42,184655292.0
2020-12-15,7194.76,7224.78,7174.0,7217.16,171531514.0
2020-12-16,7213.16,7213.81,7135.94,7141.86,183093735.0
2020-12-17,7124.97,7201.64,7040.92,7199.31,206729897.0
2020-12-18,7198.89,7230.88,7166.3,7181.17,203930403.0
2020-12-21,7183.26,7275.16,7170.36,7274.47,218512292.0
2020-12-22,7251.92,7279.55,7134.19,7140.22,251269311.0
2020-12-23,7136.32,7211.57,7136.32,7190.87,242096441.0
2020-12-24,7186.23,7186.23,7048.12,7062.38,245085801.0
2020-12-25,7030.46,7148.03,7014.69,7126.83,232055162.0
2020-12-28,7127.61,7131.82,7039.27,7067.98,244363160.0
2020-12-29,7064.88,7106.9,7029.48,7033.04,237235111.0
2020-12-30,7023.42,7104.22,7013.24,7072.97,218140705.0
2020-12-31,7082.78,7177.76,7082.78,7177.61,232077852.0
2021-01-04,7200.46,7332.44,7195.61,7320.51,263667583.0
2021-01-05,7302.18,7326.69,7246.28,7316.35,279129933.0
2021-01-06,7308.96,7318.2,7187.85,7222.91,270750517.0
2021-01-07,7203.05,7203.05,7006.43,7056.11,284928253.0
2021-01-08,7037.16,7090.28,6918.7,7034.82,235398862.0
2021-01-11,7027.2,7027.55,6846.48,6873.9,239780503.0
2021-01-12,6851.54,6948.0,6833.34,6945.48,197701244.0
2021-01-13,6943.54,6943.54,6820.24,6854.52,231231844.0
2021-01-14,6827.27,6886.58,6756.01,6845.76,205121432.0
2021-01-15,6832.37,6918.24,6828.96,6911.71,185371812.0
2021-01-18,6903.31,7032.84,6896.15,7030.61,196170582.0
2021-01-19,7027.65,7079.47,7018.57,7032.67,215140168.0
2021-01-20,7025.74,7069.65,6997.36,7069.55,190498850.0
2021-01-21,7062.64,7149.06,7060.77,7122.93,222786216.0
2021-01-22,7109.28,7109.28,7032.34,7062.51,223304855.0
2021-01-25,7051.95,7052.08,6950.9,6972.94,227488171.0
2021-01-26,6946.97,6973.25,6869.54,6879.49,191488351.0
2021-01-27,6868.54,6897.65,6823.81,6884.72,181668671.0
2021-01-28,6822.94,6904.96,6774.4,6778.12,189140936.0
2021-01-29,6802.89,6822.63,6589.79,6669.15,205627746.0
2021-02-01,6644.61,6706.79,6636.68,6706.39,183049725.0
2021-02-02,6708.63,6761.66,6663.88,6760.78,174751627.0
2021-02-03,6745.15,6745.15,6649.97,6651.45,180602970.0
2021-02-04,6624.25,6633.42,6422.86,6506.76,191991347.0
2021-02-05,6513.18,6569.21,6388.4,6389.04,167134877.0
2021-02-08,6393.28,6443.84,6336.36,6408.39,142889817.0
2021-02-09,6413.9,6561.6,6407.15,6550.69,149462356.0
2021-02-10,6558.12,6599.18,6537.75,6591.42,142135559.0
2021-02-18,6685.76,6757.36,6684.07,6750.96,190339231.0
2021-02-19,6746.94,6924.63,6727.2,6924.51,211235876.0
2021-02-22,6957.59,7113.48,6957.59,6982.34,283372837.0
2021-02-23,6952.79,6989.89,6888.96,6938.65,223588363.0
2021-02-24,6936.53,6998.9,6851.94,6914.18,208712640.0
2021-02-25,6953.22,6966.94,6852.87,6862.06,195796113.0
2021-02-26,6760.41,6868.15,6746.64,6828.0,182795675.0
2021-03-01,6858.48,7002.49,6858.48,7002.47,193360707.0
2021-03-02,7018.74,7020.3,6922.08,6963.58,198104624.0
2021-03-03,6954.2,7062.77,6947.81,7062.75,199763666.0
2021-03-04,7030.94,7060.13,6968.52,6988.01,224876734.0
2021-03-05,6939.98,7048.62,6934.4,7025.64,218041664.0
2021-03-08,7060.36,7102.39,6925.87,6925.87,239532843.0
2021-03-09,6913.46,6918.81,6619.89,6733.3,245461354.0
2021-03-10,6781.29,6799.99,6649.92,6657.8,187338947.0
2021-03-11,6659.64,6813.75,6631.29,6813.75,191089734.0
2021-03-12,6820.19,6842.11,6758.16,6829.23,211533849.0
2021-03-15,6815.27,6868.75,6771.88,6825.22,207259593.0
2021-03-16,6830.08,6905.19,6807.96,6905.18,219333824.0
2021-03-17,6894.29,6942.37,6854.78,6936.05,204631183.0
2021-03-18,6930.63,6975.61,6918.98,6944.79,208004080.0
2021-03-19,6876.27,6969.47,6854.78,6908.05,209314210.0
2021-03-22,6915.2,7038.83,6915.2,7038.8,222597841.0
2021-03-23,7041.19,7045.79,6922.83,6952.13,237827070.0
2021-03-24,6911.04,6951.08,6863.35,6877.17,217929612.0
2021-03-25,6858.21,6897.44,6805.63,6850.77,204831675.0
2021-03-26,6851.64,6959.01,6851.64,6951.3,208553797.0
2021-03-29,6968.92,7003.8,6957.86,6975.82,212731532.0
2021-03-30,6960.27,6960.27,6896.28,6926.56,217221514.0
2021-03-31,6911.76,6944.88,6889.94,6939.12,197380771.0
2021-04-01,6939.71,6964.46,6912.01,6957.28,202822249.0
2021-04-02,6967.86,6983.86,6940.5,6969.78,200284989.0
2021-04-06,6982.63,7057.03,6982.63,7053.66,196251227.0
2021-04-07,7052.47,7078.26,7028.23,7078.15,215292278.0
2021-04-08,7069.59,7075.84,7032.91,7034.96,235288067.0
2021-04-09,7025.25,7051.63,7015.64,7046.59,211736219.0
2021-04-12,7044.48,7045.7,6924.85,6938.29,222155100.0
2021-04-13,6922.91,6936.34,6877.94,6892.56,214622796.0
2021-04-14,6882.97,6981.01,6875.01,6980.96,204677819.0
2021-04-15,6965.75,6967.12,6930.23,6957.52,212537426.0
2021-04-16,6957.89,7064.62,6957.89,7057.39,232825982.0
2021-04-19,7057.39,7154.19,7048.62,7153.51,242964078.0
2021-04-20,7139.44,7187.5,7128.66,7133.01,242414648.0
2021-04-21,7099.29,7136.17,7074.9,7114.49,212147482.0
2021-04-22,7128.14,7157.93,7128.14,7144.32,203523683.0
2021-04-23,7138.68,7138.68,7059.66,7088.48,208793984.0
2021-04-26,7092.57,7157.9,7070.16,7074.54,218987489.0
2021-04-27,7065.61,7069.67,6973.6,7041.65,206981918.0
2021-04-28,7028.15,7069.78,6996.7,7069.78,199708936.0
2021-04-29,7053.88,7071.75,7035.2,7036.53,202286155.0
2021-04-30,7023.32,7030.74,6975.94,7010.98,205669485.0
2021-05-06,7019.05,7070.12,7012.47,7061.31,209186236.0
2021-05-07,7064.76,7066.86,7004.56,7006.56,236031668.0
2021-05-10,7013.45,7055.93,6992.91,7055.93,237319327.0
2021-05-11,7024.23,7076.85,6963.4,7067.54,240742732.0
2021-05-12,7042.24,7155.14,7033.46,7155.14,233210063.0
2021-05-13,7102.75,7177.19,7090.29,7113.68,247820360.0
2021-05-14,7130.1,7197.21,7121.74,7197.15,244715166.0
2021-05-17,7181.24,7184.06,7132.69,7137.91,231798106.0
2021-05-18,7127.07,7184.54,7108.85,7184.48,203518270.0
2021-05-19,7167.16,7196.61,7153.12,7185.43,214753091.0
2021-05-20,7151.83,7188.94,7133.39,7162.33,229231758.0
2021-05-21,7166.5,7204.64,7164.41,7181.8,214604387.0
2021-05-24,7184.35,7234.01,7176.08,7233.94,222644209.0
2021-05-25,7235.14,7286.6,7211.75,7285.94,232764086.0
2021-05-26,7282.88,7335.48,7273.4,7325.54,241857788.0
2021-05-27,7316.2,7386.13,7309.49,7386.07,240129091.0
2021-05-28,7392.85,7415.6,7345.41,7368.83,250589576.0
2021-05-31,7383.76,7478.97,7381.03,7478.84,244538962.0
2021-06-01,7478.23,7517.67,7449.04,7517.6,263639538.0
2021-06-02,7506.9,7509.68,7416.96,7436.91,267000916.0
2021-06-03,7430.28,7506.99,7412.01,7440.01,251952838.0
2021-06-04,7414.51,7485.61,7407.3,7468.75,232643478.0
2021-06-07,7486.96,7541.05,7485.63,7541.05,232243079.0
2021-06-08,7537.88,7552.76,7475.74,7506.85,241567504.0
2021-06-09,7501.37,7539.67,7476.94,7524.1,234993526.0
2021-06-10,7521.0,7586.07,7507.86,7583.26,254648520.0
2021-06-11,7585.65,7589.07,7530.1,7530.3,266355825.0
2021-06-15,7531.9,7534.71,7475.81,7488.78,256604316.0
2021-06-16,7476.7,7478.15,7353.43,7363.34,237930142.0
2021-06-17,7356.04,7435.9,7356.04,7435.61,227089663.0
2021-06-18,7427.53,7519.84,7396.34,7516.34,245062089.0
2021-06-21,7494.49,7624.71,7486.47,7624.68,250033138.0
2021-06-22,7639.6,7666.81,7616.49,7663.69,266059816.0
2021-06-23,7659.46,7713.5,7640.2,7702.93,255238928.0
2021-06-24,7701.52,7701.52,7629.75,7631.32,249879613.0
2021-06-25,7628.91,7663.88,7590.25,7652.53,246187608.0
2021-06-28,7660.46,7729.27,7658.17,7722.55,235407518.0
2021-06-29,7724.56,7727.32,7657.13,7660.94,243359022.0
2021-06-30,7667.62,7735.73,7664.57,7735.73,228189116.0
2021-07-01,7744.23,7746.82,7602.67,7602.67,245236862.0
2021-07-02,7583.47,7609.83,7556.13,7590.96,217168450.0
2021-07-05,7611.5,7718.29,7611.5,7718.26,224622436.0
2021-07-06,7722.52,7758.23,7619.44,7716.58,242278775.0
2021-07-07,7666.67,7801.26,7647.14,7798.1,230485104.0
2021-07-08,7808.79,7825.52,7773.34,7787.15,259389364.0
2021-07-09,7753.44,7873.24,7717.83,7858.23,257043068.0
2021-07-12,7901.47,8014.43,7901.47,7998.31,289883778.0
2021-07-13,7992.37,8070.6,7974.61,8070.6,287814272.0
2021-07-14,8048.34,8084.8,7989.01,7990.04,293767855.0
2021-07-15,7955.44,7976.8,7818.45,7952.25,281683281.0
2021-07-16,7937.89,8038.82,7924.04,7963.42,271851973.0
2021-07-19,7953.14,7978.31,7911.3,7944.91,270414119.0
2021-07-20,7876.79,7992.01,7865.32,7991.9,246953090.0
2021-07-21,8027.03,8155.33,8027.03,8143.79,288260697.0
2021-07-22,8153.39,8211.39,8110.33,8211.3,310269088.0
2021-07-23,8194.81,8222.06,8097.69,8126.84,325153404.0
2021-07-26,8113.87,8133.7,7885.92,8033.66,311950754.0
2021-07-27,8039.45,8104.35,7825.43,7825.43,321418220.0
2021-07-28,7745.35,7772.42,7432.37,7626.44,295866674.0
2021-07-29,7735.0,7916.39,7735.0,7896.14,271059355.0
2021-07-30,7897.27,7983.15,7860.66,7978.1,298497195.0
2021-08-02,7985.84,8143.4,7959.68,8143.32,309452590.0
2021-08-03,8120.76,8183.64,8026.34,8050.86,317416482.0
2021-08-04,8039.45,8217.28,8039.45,8216.69,279530659.0
2021-08-05,8191.81,8203.53,8125.26,8161.43,297296136.0
2021-08-06,8174.43,8212.8,8125.12,8212.8,279267199.0
2021-08-09,8194.65,8253.33,8124.46,8253.24,275575102.0
2021-08-10,8236.23,8335.38,8224.39,8307.96,292796718.0
2021-08-11,8302.32,8396.62,8258.22,8396.43,309346754.0
2021-08-12,8388.97,8473.78,8377.35,8454.65,320904000.0
2021-08-13,8429.57,8515.74,8421.82,8477.0,325278725.0
2021-08-16,8463.81,8472.23,8385.69,8410.54,319909132.0
2021-08-17,8394.68,8413.94,8149.77,8170.4,329721278.0
2021-08-18,8159.09,8273.74,8149.52,8238.05,276852193.0
2021-08-19,8215.16,8304.17,8126.43,8258.47,271655465.0
2021-08-20,8227.14,8285.72,8119.67,8264.85,264973362.0
2021-08-23,8298.93,8510.44,8298.93,8499.9,312409917.0
2021-08-24,8505.12,8573.96,8480.42,8554.37,325954102.0
2021-08-25,8542.12,8616.83,8504.94,8616.77,314205361.0
2021-08-26,8599.75,8635.27,8545.51,8553.18,347230725.0
2021-08-27,8517.7,8584.93,8457.43,8578.31,329358637.0
2021-08-30,8590.92,8690.57,8583.63,8634.49,354644173.0
2021-08-31,8624.84,8645.52,8551.49,8644.6,336203622.0
2021-09-01,8666.81,8683.38,8391.26,8510.99,374719314.0
2021-09-02,8478.01,8672.0,8467.19,8668.81,333413563.0
2021-09-03,8668.02,8789.51,8553.36,8637.23,381064715.0
2021-09-06,8641.46,8704.63,8519.45,8704.54,325410331.0
2021-09-07,8711.47,8863.91,8695.14,8863.9,336340412.0
2021-09-08,8874.68,8937.38,8862.05,8933.11,388421918.0
2021-09-09,8926.27,8959.24,8867.26,8936.58,375482227.0
2021-09-10,8934.29,8971.02,8837.32,8937.92,371313140.0
2021-09-13,8949.37,9006.96,8905.48,9006.96,353758705.0
2021-09-14,8991.74,9095.51,8928.88,8953.77,371679366.0
2021-09-15,8942.71,9064.75,8910.89,9062.79,332453141.0
2021-09-16,9073.37,9113.84,8851.66,8853.33,377844335.0
2021-09-17,8837.59,8917.29,8655.31,8835.32,342722275.0
2021-09-22,8744.02,8902.89,8732.76,8901.86,303045407.0
2021-09-23,8954.93,8976.86,8887.02,8914.84,351006928.0
2021-09-24,8903.3,8903.3,8714.23,8722.93,331258932.0
2021-09-27,8739.91,8758.37,8308.82,8394.24,337157641.0
2021-09-28,8363.91,8439.14,8339.46,8407.64,251522297.0
2021-09-29,8339.44,8351.02,8081.22,8081.24,261449522.0
2021-09-30,8133.22,8333.13,8133.22,8324.49,230940723.0
2021-10-08,8434.95,8477.82,8329.75,8391.58,259859498.0
2021-10-11,8410.48,8411.31,8270.29,8341.75,246052685.0
2021-10-12,8322.53,8330.69,8043.48,8145.98,253113756.0
2021-10-13,8149.4,8193.54,8041.48,8184.31,215988468.0
2021-10-14,8164.61,8287.09,8133.22,8263.64,210698878.0
2021-10-15,8241.4,8256.86,8178.05,8223.32,224738467.0
2021-10-18,8216.92,8351.03,8207.53,8350.58,223477546.0
2021-10-19,8339.7,8423.34,8325.59,8415.66,229763447.0
2021-10-20,8381.65,8493.09,8364.15,8455.4,241294121.0
2021-10-21,8452.35,8483.9,8406.71,8430.43,242059985.0
2021-10-22,8432.71,8456.55,8331.94,8332.71,250570758.0
2021-10-25,8333.12,8445.87,8301.69,8445.75,229453342.0
2021-10-26,8465.65,8497.78,8399.53,8421.26,244904405.0
2021-10-27,8399.3,8411.14,8294.86,8331.52,251912159.0
2021-10-28,8298.72,8324.8,8113.91,8130.09,252287072.0
2021-10-29,8143.8,8262.58,8087.02,8262.26,242628782.0
2021-11-01,8257.82,8412.71,8239.49,8378.53,260551111.0
2021-11-02,8389.27,8431.89,8189.13,8262.46,291067010.0
2021-11-03,8252.5,8289.54,8202.86,8288.63,225868128.0
2021-11-04,8308.32,8410.45,8303.91,8410.44,253016337.0
2021-11-05,8402.5,8411.47,8310.22,8310.52,288144167.0
2021-11-08,8299.59,8380.54,8262.14,8380.43,251756375.0
2021-11-09,8398.75,8506.21,8397.67,8505.66,253602260.0
2021-11-10,8489.45,8534.15,8403.03,8534.08,266105781.0
2021-11-11,8519.24,8604.24,8509.18,8594.02,275017442.0
2021-11-12,8588.9,8720.38,8588.9,8710.79,280237032.0
2021-11-15,8732.17,8741.52,8667.56,8712.89,308222963.0
2021-11-16,8697.21,8722.4,8609.38,8617.7,293021137.0
2021-11-17,8625.97,8790.44,8625.49,8790.4,284870268.0
2021-11-18,8793.96,8838.18,8758.75,8779.04,315795829.0
2021-11-19,8760.93,8866.67,8756.44,8865.46,294697896.0
2021-11-22,8880.68,9002.1,8880.68,9001.23,297078786.0
2021-11-23,9001.15,9038.43,8980.4,9003.75,303549850.0
2021-11-24,8997.22,9022.75,8960.57,8998.39,299873049.0
2021-11-25,9000.26,9025.87,8971.39,8984.74,287647683.0
2021-11-26,8969.28,9029.85,8959.81,9010.61,288839072.0
2021-11-29,8882.33,9078.42,8868.83,9076.93,290777614.0
2021-11-30,9121.15,9198.96,9088.24,9157.21,320800209.0
2021-12-01,9141.57,9197.13,9115.18,9197.13,307213227.0
2021-12-02,9184.07,9184.07,9070.12,9072.54,310953430.0
2021-12-03,9077.33,9143.25,9037.98,9125.86,285480733.0
2021-12-06,9119.46,9132.53,8975.18,8984.86,301436852.0
2021-12-07,9021.64,9033.29,8757.59,8834.15,291173710.0
2021-12-08,8855.9,8990.83,8847.59,8990.82,260168419.0
2021-12-09,8995.37,9006.11,8968.02,8985.45,283307712.0
2021-12-10,8955.64,9048.57,8938.75,9037.29,278988323.0
2021-12-13,9057.55,9108.23,9026.27,9096.98,301354217.0
2021-12-14,9087.06,9141.41,9067.24,9130.4,316325741.0
2021-12-15,9124.84,9189.79,9116.98,9138.38,333530735.0
2021-12-16,9153.13,9213.65,9153.02,9213.65,329540327.0
2021-12-17,9211.61,9211.61,9125.26,9125.26,347049260.0
2021-12-20,9108.88,9154.03,8984.1,8987.1,347812894.0
2021-12-21,8985.67,9121.97,8985.67,9121.85,337886582.0
2021-12-22,9146.06,9207.28,9109.71,9193.14,371059220.0
2021-12-23,9187.93,9216.59,9143.47,9191.03,344382540.0
2021-12-24,9200.6,9205.12,9012.03,9012.03,362918587.0
2021-12-27,9002.98,9091.27,8975.61,9039.61,303058603.0
2021-12-28,9053.4,9121.87,9039.57,9121.87,293958977.0
2021-12-29,9112.5,9146.62,9078.36,9117.74,296684668.0
2021-12-30,9120.19,9230.44,9119.37,9201.58,307167236.0
2021-12-31,9224.96,9291.01,9220.13,9272.58,323424482.0
2022-01-04,9311.15,9350.23,9276.01,9328.0,394062776.0
2022-01-05,9318.58,9318.58,9060.61,9133.47,386704929.0
2022-01-06,9082.27,9252.46,9077.27,9233.43,336716242.0
2022-01-07,9235.65,9260.04,9039.39,9041.02,374810651.0
2022-01-10,9018.36,9121.51,8969.46,9110.84,300043285.0
2022-01-11,9113.97,9166.96,9022.82,9042.18,311251684.0
2022-01-12,9073.17,9188.89,9061.49,9188.89,307946019.0
2022-01-13,9197.66,9197.66,9084.0,9084.0,335581773.0
2022-01-14,9053.1,9161.77,9024.14,9097.05,339929624.0
2022-01-17,9124.49,9272.05,9124.49,9268.45,334468640.0
2022-01-18,9278.05,9278.05,9137.7,9151.17,373941213.0
2022-01-19,9111.8,9166.46,9053.91,9112.49,323771892.0
2022-01-20,9112.37,9113.57,8867.79,8871.54,349681607.0
2022-01-21,8842.87,8873.41,8736.18,8739.16,297497165.0
2022-01-24,8691.82,8806.81,8672.58,8758.06,259944393.0
2022-01-25,8722.19,8763.76,8373.91,8373.98,303296769.0
2022-01-26,8398.21,8490.49,8316.91,8427.31,243590894.0
2022-01-27,8431.36,8431.77,8156.84,8157.63,242349000.0
2022-01-28,8193.71,8332.42,8071.51,8240.79,234427761.0
2022-02-07,8347.09,8380.54,8292.27,8337.22,240544389.0
2022-02-08,8332.51,8433.62,8250.03,8433.62,269081393.0
2022-02-09,8434.86,8592.16,8401.17,8591.95,285132805.0
2022-02-10,8590.67,8605.2,8500.87,8557.19,274116680.0
2022-02-11,8518.13,8524.71,8358.53,8370.37,288371365.0
2022-02-14,8332.54,8449.06,8300.41,8368.67,251943251.0
2022-02-15,8383.12,8447.48,8321.43,8447.32,250223216.0
2022-02-16,8486.8,8566.34,8476.01,8551.08,266730211.0
2022-02-17,8531.62,8610.02,8503.99,8550.31,299025378.0
2022-02-18,8500.88,8611.18,8488.54,8611.04,267121938.0
2022-02-21,8626.65,8749.33,8617.81,8749.33,298773045.0
2022-02-22,8703.16,8703.16,8594.76,8660.04,305390718.0
2022-02-23,8675.4,8819.03,8675.23,8819.03,308941704.0
2022-02-24,8778.02,8857.7,8470.62,8595.74,433189385.0
2022-02-25,8654.41,8752.83,8653.93,8680.31,302251398.0
2022-02-28,8692.57,8713.98,8563.72,8713.51,283527452.0
2022-03-01,8729.05,8780.91,8708.85,8771.09,279993913.0
2022-03-02,8734.09,8795.79,8699.19,8792.0,284564256.0
2022-03-03,8820.66,8827.64,8723.03,8741.75,315956084.0
2022-03-04,8697.53,8740.26,8589.71,8616.66,314396325.0
2022-03-07,8599.81,8605.34,8426.19,8467.99,284123620.0
2022-03-08,8467.54,8488.87,8157.96,8192.24,318692389.0
2022-03-09,8206.76,8256.82,7754.32,8106.33,353673865.0
2022-03-10,8267.69,8355.08,8229.58,8285.95,320431441.0
2022-03-11,8174.93,8350.86,8090.97,8336.39,315668109.0
2022-03-14,8285.47,8316.56,8101.37,8101.37,295348138.0
2022-03-15,8038.77,8070.15,7691.13,7691.13,338012198.0
2022-03-16,7816.47,7965.86,7545.31,7947.15,341376169.0
2022-03-17,8026.93,8229.03,8015.85,8106.9,360683369.0
2022-03-18,8075.29,8208.71,8053.95,8196.24,312684434.0
2022-03-21,8210.61,8314.89,8194.98,8304.81,326451215.0
2022-03-22,8294.1,8351.36,8234.66,8291.77,333632927.0
2022-03-23,8302.83,8360.61,8281.19,8323.86,331402609.0
2022-03-24,8277.54,8286.81,8188.5,8227.56,320110301.0
2022-03-25,8231.22,8296.15,8176.76,8177.0,329555066.0
2022-03-28,8134.11,8216.92,8047.5,8148.87,314994269.0
2022-03-29,8163.87,8175.09,8055.19,8088.9,308219987.0
2022-03-30,8109.49,8226.72,8079.14,8225.76,315827970.0
2022-03-31,8207.23,8240.41,8157.12,8176.75,359216837.0
2022-04-01,8124.24,8173.84,8082.02,8159.95,333144308.0
2022-04-06,8155.69,8211.85,8147.58,8210.07,336648544.0
2022-04-07,8174.03,8192.27,8006.04,8006.04,339197875.0
2022-04-08,8006.72,8021.73,7850.46,7948.21,341830052.0
2022-04-11,7914.71,7914.71,7653.56,7697.03,351681653.0
2022-04-12,7678.48,7811.62,7625.42,7811.22,333822137.0
2022-04-13,7769.55,7769.55,7634.39,7634.39,325513528.0
2022-04-14,7659.46,7741.95,7648.0,7706.57,295803873.0
2022-04-15,7669.62,7669.62,7530.75,7567.18,324429257.0
2022-04-18,7519.36,7641.62,7430.84,7625.03,265348236.0
2022-04-19,7622.43,7705.02,7619.04,7681.04,268509309.0
2022-04-20,7678.39,7710.03,7535.84,7572.33,293358111.0
2022-04-21,7535.22,7549.78,7228.68,7248.11,311543424.0
2022-04-22,7195.66,7231.26,7088.36,7143.99,260556133.0
2022-04-25,7014.6,7014.6,6577.2,6577.2,317840299.0
2022-04-26,6569.92,6618.36,6335.9,6356.05,304222675.0
2022-04-27,6261.33,6617.91,6200.88,6617.91,323927539.0
2022-04-28,6568.32,6628.0,6445.02,6531.7,283641833.0
2022-04-29,6572.17,6845.19,6572.17,6821.89,311745511.0
2022-05-05,6814.51,7006.02,6798.18,6953.25,285866403.0
2022-05-06,6789.56,6931.78,6753.74,6876.5,269084160.0
2022-05-09,6873.5,7011.85,6873.5,6991.17,246434566.0
2022-05-10,6905.16,7124.75,6887.33,7124.75,293228708.0
2022-05-11,7144.21,7329.97,7144.21,7153.32,357946719.0
2022-05-12,7116.43,7238.3,7114.29,7212.84,302609888.0
2022-05-13,7236.97,7255.62,7164.66,7251.37,283057649.0
2022-05-16,7298.2,7334.17,7237.92,7273.1,293817264.0
2022-05-17,7268.07,7277.78,7157.47,7277.78,283502978.0
2022-05-18,7281.69,7376.75,7261.01,7311.8,278701618.0
2022-05-19,7200.88,7364.12,7184.21,7364.12,291254894.0
2022-05-20,7387.22,7451.41,7364.1,7451.41,295410189.0
2022-05-23,7471.76,7567.98,7469.72,7567.98,290803883.0
2022-05-24,7573.68,7573.68,7240.9,7240.9,346701439.0
2022-05-25,7235.04,7397.47,7228.96,7397.47,276050423.0
2022-05-26,7411.09,7465.64,7287.36,7440.78,294080944.0
2022-05-27,7461.48,7489.17,7371.57,7441.6,299056279.0
2022-05-30,7465.52,7514.91,7392.22,7514.91,285209223.0
2022-05-31,7518.34,7591.66,7451.71,7586.2,306205534.0
2022-06-01,7566.0,7654.16,7553.45,7627.74,309562285.0
2022-06-02,7601.72,7688.89,7569.39,7680.47,298664376.0
2022-06-06,7683.69,7826.19,7683.69,7820.59,321023824.0
2022-06-07,7826.32,7843.9,7722.62,7802.39,328272868.0
2022-06-08,7796.78,7854.13,7638.68,7798.42,337843932.0
2022-06-09,7779.9,7779.9,7629.12,7666.75,308019591.0
2022-06-10,7619.19,7845.4,7612.4,7833.22,308391320.0
2022-06-13,7791.44,7905.76,7781.37,7902.22,336932766.0
2022-06-14,7832.76,7902.38,7669.16,7902.38,343085215.0
2022-06-15,7910.4,7976.24,7861.83,7861.83,367957568.0
2022-06-16,7855.53,7982.32,7855.53,7927.05,323949197.0
2022-06-17,7881.03,7996.86,7853.54,7991.31,322562059.0
2022-06-20,8008.57,8106.19,8008.57,8089.2,336755835.0
2022-06-21,8090.6,8091.86,7941.28,8023.63,345826198.0
2022-06-22,8026.18,8062.1,7940.98,7943.26,316772958.0
2022-06-23,7946.04,8117.0,7896.22,8117.0,338528605.0
2022-06-24,8139.24,8223.66,8133.47,8204.67,351008606.0
2022-06-27,8243.78,8293.24,8215.44,8286.63,352004684.0
2022-06-28,8282.77,8395.03,8254.42,8394.4,363954681.0
2022-06-29,8377.35,8385.4,8171.02,8171.02,392901683.0
2022-06-30,8177.57,8291.75,8171.68,8243.06,346950879.0
2022-07-01,8245.2,8301.59,8206.31,8252.65,317472058.0
2022-07-04,8248.62,8330.93,8188.78,8330.93,317787536.0
2022-07-05,8328.6,8343.32,8162.95,8262.9,340778023.0
2022-07-06,8234.25,8258.92,8103.94,8176.62,298837341.0
2022-07-07,8178.55,8291.95,8142.91,8276.53,307831195.0
2022-07-08,8295.34,8332.63,8242.91,8257.3,318947359.0
2022-07-11,8233.29,8233.29,8103.29,8170.08,312882464.0
2022-07-12,8167.71,8182.64,8033.57,8033.57,314176529.0
2022-07-13,8034.44,8147.69,8022.65,8130.22,308571036.0
2022-07-14,8115.1,8243.52,8096.23,8203.61,326770640.0
2022-07-15,8170.57,8212.26,8087.43,8087.43,347621760.0
2022-07-18,8101.12,8268.66,8101.12,8268.66,325316443.0
2022-07-19,8281.52,8369.49,8249.8,8352.92,339249354.0
2022-07-20,8369.15,8448.1,8345.04,8448.08,321805647.0
2022-07-21,8431.68,8478.06,8404.85,8405.27,337469961.0
2022-07-22,8408.04,8458.39,8299.23,8378.16,320442778.0
2022-07-25,8385.49,8412.44,8254.24,8278.27,295189597.0
2022-07-26,8278.93,8379.3,8199.79,8379.3,290492833.0
2022-07-27,8364.92,8487.59,8350.93,8480.84,297613911.0
2022-07-28,8517.74,8575.47,8503.0,8538.16,331527245.0
2022-07-29,8545.75,8577.59,8503.53,8517.06,324715422.0
2022-08-01,8505.67,8574.94,8462.53,8574.94,311910741.0
2022-08-02,8481.5,8481.5,8160.38,8247.98,406886642.0
2022-08-03,8252.55,8408.71,8158.73,8187.3,365447532.0
2022-08-04,8230.7,8280.46,8130.65,8277.29,296630519.0
2022-08-05,8295.76,8377.97,8258.09,8371.94,305990044.0
2022-08-08,8357.81,8518.19,8325.88,8518.19,292361511.0
2022-08-09,8513.58,8549.85,8483.9,8549.85,294374680.0
2022-08-10,8532.4,8594.65,8516.38,8594.61,291721964.0
2022-08-11,8627.36,8690.74,8613.92,8690.2,321681093.0
2022-08-12,8685.48,8722.8,8631.85,8633.04,328185789.0
2022-08-15,8621.68,8711.55,8611.27,8704.9,301617594.0
2022-08-16,8715.99,8798.09,8714.85,8790.93,342327264.0
2022-08-17,8805.33,8815.43,8757.33,8800.04,358192612.0
2022-08-18,8787.88,8850.17,8770.16,8844.62,354320349.0
2022-08-19,8853.37,8869.34,8698.52,8698.52,368348894.0
2022-08-22,8678.1,8757.84,8636.03,8757.84,324209988.0
2022-08-23,8740.17,8814.93,8732.89,8814.93,322482946.0
2022-08-24,8821.86,8825.1,8480.42,8496.51,378231175.0
2022-08-25,8524.19,8541.96,8322.0,8435.9,324123130.0
2022-08-26,8446.88,8533.43,8374.95,8392.38,297789562.0
2022-08-29,8275.53,8461.93,8229.37,8460.28,279070929.0
2022-08-30,8464.39,8478.9,8355.54,8400.45,280690597.0
2022-08-31,8377.09,8377.09,8099.21,8108.94,304075731.0
2022-09-01,8117.0,8198.56,8053.94,8075.0,259757104.0
2022-09-02,8092.09,8207.31,8058.98,8193.71,249170149.0
2022-09-05,8193.49,8260.03,8157.51,8217.59,248203795.0
2022-09-06,8238.79,8367.75,8203.6,8367.75,282193180.0
2022-09-07,8344.0,8447.63,8325.96,8420.57,294087328.0
2022-09-08,8421.82,8433.16,8315.99,8324.82,274115094.0
2022-09-09,8330.9,8337.56,8237.73,8306.24,248451328.0
2022-09-13,8331.28,8377.86,8290.28,8315.66,243814072.0
2022-09-14,8191.55,8250.81,8160.35,8225.7,237580750.0
2022-09-15,8259.46,8267.29,7878.51,7975.69,295305831.0
2022-09-16,7956.25,7993.57,7803.69,7803.69,251098449.0
2022-09-19,7795.37,7834.91,7666.69,7707.64,218754321.0
2022-09-20,7756.1,7883.25,7756.1,7837.61,216367771.0
2022-09-21,7814.56,7886.39,7708.39,7856.82,225731828.0
2022-09-22,7807.49,7939.22,7796.56,7853.85,221412545.0
2022-09-23,7853.94,7865.09,7625.51,7676.97,230734849.0
2022-09-26,7623.26,7704.3,7548.09,7560.48,221842984.0
2022-09-27,7586.73,7731.04,7569.47,7731.04,213395539.0
2022-09-28,7719.75,7724.78,7487.21,7487.21,217238888.0
2022-09-29,7556.64,7575.64,7434.11,7477.24,212209566.0
2022-09-30,7468.12,7495.98,7364.67,7364.67,187158993.0
2022-10-10,7384.09,7420.58,7200.18,7227.89,196559597.0
2022-10-11,7237.58,7317.45,7175.38,7296.41,184747785.0
2022-10-12,7293.99,7518.93,7196.14,7518.93,229227547.0
2022-10-13,7485.43,7660.39,7463.72,7590.16,241884107.0
2022-10-14,7635.34,7790.11,7635.34,7766.61,259354771.0
2022-10-17,7733.68,7870.63,7724.95,7869.28,254299725.0
2022-10-18,7890.21,7965.23,7845.32,7910.08,258005783.0
2022-10-19,7886.97,7939.74,7855.78,7855.78,248881509.0
2022-10-20,7815.6,7914.76,7716.66,7806.02,251709148.0
2022-10-21,7807.94,7862.87,7759.65,7818.7,227369734.0
2022-10-24,7840.95,7947.48,7693.06,7740.38,264374173.0
2022-10-25,7698.92,7781.56,7578.92,7729.08,256906648.0
2022-10-26,7733.33,7933.47,7733.33,7883.8,280020833.0
2022-10-27,7883.88,7937.1,7838.79,7840.27,270990872.0
2022-10-28,7787.34,7804.78,7522.8,7551.99,290009844.0
2022-10-31,7510.54,7690.97,7510.54,7630.53,256668526.0
2022-11-01,7646.42,7821.98,7632.09,7821.98,273029883.0
2022-11-02,7823.33,7965.35,7813.57,7929.7,303521633.0
2022-11-03,7869.14,7984.96,7861.87,7971.16,262971438.0
2022-11-04,7973.36,8131.03,7973.36,8126.03,292873885.0
2022-11-07,8132.78,8186.89,8088.11,8162.8,294713039.0
2022-11-08,8158.03,8158.51,8084.73,8156.39,265636115.0
2022-11-09,8156.78,8218.16,8130.66,8160.09,255847712.0
2022-11-10,8119.5,8160.85,8083.25,8104.79,282242933.0
2022-11-11,8262.79,8295.31,8113.74,8115.43,365591076.0
2022-11-14,8108.2,8158.09,8037.54,8073.82,313745838.0
2022-11-15,8068.69,8246.25,8051.14,8246.25,306825464.0
2022-11-16,8247.16,8278.29,8179.31,8201.17,296737321.0
2022-11-17,8187.52,8229.9,8132.09,8229.9,288063134.0
2022-11-18,8234.26,8278.28,8154.88,8162.15,311018895.0
2022-11-21,8128.33,8217.83,8084.41,8217.83,267552889.0
2022-11-22,8207.1,8227.53,8056.1,8088.31,287954929.0
2022-11-23,8078.38,8084.65,7914.87,8056.55,271067524.0
2022-11-24,8064.47,8117.56,8052.49,8089.42,244883488.0
2022-11-25,8071.56,8071.56,7985.27,7991.21,240560330.0
2022-11-28,7895.02,7968.13,7869.37,7964.55,238017302.0
2022-11-29,7977.05,8099.59,7977.05,8093.46,289530137.0
2022-11-30,8096.19,8128.21,8060.07,8092.26,294539305.0
2022-12-01,8153.04,8190.35,8137.01,8161.51,311953516.0
2022-12-02,8142.96,8232.72,8134.16,8207.76,286801897.0
2022-12-05,8241.54,8257.91,8205.11,8256.49,321918585.0
2022-12-06,8230.93,8246.69,8185.35,8214.63,286179578.0
2022-12-07,8195.82,8243.08,8181.95,8217.27,278359630.0
2022-12-08,8205.22,8207.79,8156.13,8171.94,276257613.0
2022-12-09,8172.31,8192.17,8127.85,8171.45,283433490.0
2022-12-12,8163.98,8178.67,8114.91,8157.07,286996821.0
2022-12-13,8156.19,8156.96,8083.02,8091.6,279256725.0
2022-12-14,8093.19,8126.2,8043.65,8060.31,262704257.0
2022-12-15,8047.56,8113.53,8033.19,8104.69,256246097.0
2022-12-16,8069.77,8084.99,7993.18,8008.13,273080652.0
2022-12-19,8004.06,8023.15,7802.46,7830.33,265474428.0
2022-12-20,7818.7,7830.72,7750.94,7781.61,210304590.0
2022-12-21,7779.69,7784.17,7684.95,7719.44,206819318.0
2022-12-22,7749.72,7755.83,7577.11,7594.4,225436238.0
2022-12-23,7559.2,7608.14,7513.8,7562.41,204252703.0
2022-12-26,7566.36,7707.31,7566.36,7707.31,209431030.0
2022-12-27,7721.34,7744.26,7661.86,7743.81,224417691.0
2022-12-28,7721.59,7721.59,7639.6,7659.52,213230488.0
2022-12-29,7643.6,7713.12,7633.7,7637.11,207526774.0
2022-12-30,7662.46,7681.4,7645.0,7677.64,210140497.0
2023-01-03,7684.04,7882.8,7677.02,7875.71,264298013.0
2023-01-04,7877.78,7915.44,7847.0,7894.4,274880210.0
2023-01-05,7903.24,7960.34,7871.99,7954.43,258080636.0
2023-01-06,7951.12,8004.9,7936.79,7956.38,263993359.0
2023-01-09,7981.03,8021.68,7974.91,7997.59,234883829.0
2023-01-10,8004.93,8004.93,7956.05,7997.17,218167188.0
2023-01-11,8003.99,8020.58,7927.93,7933.87,225245283.0
2023-01-12,7943.09,7983.55,7911.72,7934.5,215828836.0
2023-01-13,7953.67,7961.41,7908.49,7953.85,213229461.0
2023-01-16,7959.39,8063.9,7959.39,8032.3,240807594.0
2023-01-17,8042.55,8061.21,7998.76,8025.63,211228090.0
2023-01-18,8040.97,8070.26,8016.12,8053.03,199923126.0
2023-01-19,8043.12,8112.29,8026.81,8109.15,204755019.0
2023-01-20,8125.9,8187.63,8125.9,8185.15,220877998.0
2023-01-30,8281.54,8318.99,8281.54,8292.67,313914072.0
2023-01-31,8262.28,8328.12,8246.53,8328.12,290740583.0
2023-02-01,8338.13,8472.51,8333.64,8472.51,322196645.0
2023-02-02,8481.85,8529.6,8463.09,8493.99,320849028.0
2023-02-03,8481.51,8500.93,8381.26,8493.54,304659331.0
2023-02-06,8473.7,8511.1,8435.36,8477.38,283445430.0
2023-02-07,8484.56,8528.29,8456.4,8528.29,298448577.0
2023-02-08,8529.2,8532.53,8474.51,8477.25,287753883.0
2023-02-09,8460.73,8607.68,8440.39,8607.68,292085573.0
2023-02-10,8600.21,8627.39,8527.8,8576.63,297219921.0
2023-02-13,8579.98,8666.49,8578.12,8666.49,296538890.0
2023-02-14,8686.26,8686.26,8642.33,8674.88,300590011.0
2023-02-15,8676.71,8706.6,8665.22,8700.14,303333468.0
2023-02-16,8694.56,8727.15,8443.99,8502.59,396524668.0
2023-02-17,8509.04,8545.04,8428.11,8441.03,296274016.0
2023-02-20,8448.41,8547.45,8395.38,8547.45,275422207.0
2023-02-21,8560.2,8608.86,8527.07,8588.23,285719334.0
2023-02-22,8552.34,8612.61,8535.38,8599.21,248526428.0
2023-02-23,8601.52,8615.76,8521.67,8562.3,250289849.0
2023-02-24,8570.34,8581.55,8490.53,8542.27,210441550.0
2023-02-27,8522.34,8552.12,8458.42,8474.07,227335941.0
2023-02-28,8499.69,8559.04,8457.92,8559.04,232661955.0
2023-03-01,8559.66,8627.46,8538.54,8627.46,277474680.0
2023-03-02,8623.96,8647.9,8576.42,8586.3,292071769.0
2023-03-03,8581.36,8606.35,8513.64,8571.5,263052741.0
2023-03-06,8580.11,8608.21,8535.35,8600.11,254492108.0
2023-03-07,8595.87,8595.87,8413.24,8413.24,268101846.0
2023-03-08,8395.77,8475.73,8394.04,8475.73,205675152.0
2023-03-09,8488.31,8502.24,8425.39,8479.46,224311268.0
2023-03-10,8431.34,8446.19,8355.97,8357.83,234711914.0
2023-03-13,8333.6,8396.39,8292.65,8396.39,232415916.0
2023-03-14,8387.95,8387.95,8203.99,8299.61,257324813.0
2023-03-15,8332.84,8401.99,8332.84,8357.1,231109772.0
2023-03-16,8317.42,8321.8,8204.57,8215.76,229206139.0
2023-03-17,8265.25,8334.39,8255.02,8286.71,249839974.0
2023-03-20,8303.34,8313.14,8227.33,8270.76,277993064.0
2023-03-21,8275.54,8389.25,8266.17,8389.24,244889936.0
2023-03-22,8408.77,8436.09,8393.41,8435.41,266792924.0
2023-03-23,8415.06,8440.39,8389.11,8440.39,266085313.0
2023-03-24,8446.66,8458.12,8409.27,8452.19,297701017.0
2023-03-27,8456.99,8474.77,8392.35,8471.75,312784581.0
2023-03-28,8466.17,8475.37,8389.47,8398.19,285547870.0
2023-03-29,8398.2,8415.4,8343.37,8369.68,264492605.0
2023-03-30,8365.83,8367.32,8279.83,8340.53,248955017.0
2023-03-31,8342.78,8438.83,8334.78,8437.32,244487929.0
2023-04-03,8438.78,8537.79,8438.78,8536.6,303250971.0
2023-04-04,8534.42,8534.42,8443.81,8481.12,320918159.0
2023-04-06,8446.22,8494.14,8428.74,8490.14,288073767.0
2023-04-07,8495.44,8577.06,8482.87,8577.06,267990791.0
2023-04-10,8584.62,8587.24,8437.64,8461.96,298680408.0
2023-04-11,8459.27,8491.67,8427.09,8491.66,256737416.0
2023-04-12,8498.37,8559.65,8485.22,8559.65,282071669.0
2023-04-13,8547.07,8570.06,8488.77,8495.74,292272963.0
2023-04-14,8506.52,8544.6,8431.69,8530.13,278191747.0
2023-04-17,8519.42,8538.59,8486.85,8515.1,267978669.0
2023-04-18,8503.48,8503.48,8436.36,8480.88,245565192.0
2023-04-19,8467.72,8509.05,8439.59,8452.66,256424245.0
2023-04-20,8438.52,8444.08,8370.79,8444.08,266697953.0
2023-04-21,8429.82,8439.4,8197.21,8197.21,304146845.0
2023-04-24,8190.1,8215.79,8122.09,8162.78,264374536.0
2023-04-25,8145.35,8149.11,7893.23,8001.24,296341368.0
2023-04-26,7975.78,8112.42,7975.15,8064.85,282900978.0
2023-04-27,8033.57,8105.2,8017.91,8048.7,270353946.0
2023-04-28,8024.41,8197.83,8024.41,8195.7,299250996.0
2023-05-04,8173.84,8235.05,8171.64,8234.47,316196793.0
2023-05-05,8219.51,8220.64,8089.58,8145.11,284608484.0
2023-05-08,8154.41,8210.55,8146.34,8205.27,301980357.0
2023-05-09,8189.17,8189.17,8068.06,8069.27,323368018.0
2023-05-10,8054.15,8132.47,8046.18,8110.63,269518642.0
2023-05-11,8117.62,8146.32,8102.02,8120.08,253215979.0
2023-05-12,8095.66,8124.12,8013.86,8013.86,240041833.0
2023-05-15,8013.67,8074.63,7931.74,8074.63,250321146.0
2023-05-16,8074.19,8074.19,7973.28,7992.91,236943324.0
2023-05-17,7968.37,8063.87,7961.2,8063.87,223876735.0
2023-05-18,8062.01,8122.59,8062.01,8114.7,247917728.0
2023-05-19,8098.83,8153.45,8055.24,8124.68,231547424.0
2023-05-22,8112.29,8138.41,8086.58,8133.27,229197494.0
2023-05-23,8127.19,8133.71,8046.77,8046.77,221269236.0
2023-05-24,8019.01,8097.36,7989.94,8039.99,223612117.0
2023-05-25,8025.06,8068.88,7931.53,8028.16,243362664.0
2023-05-26,8022.41,8107.53,7963.96,8092.98,236778139.0
2023-05-29,8103.37,8121.46,8059.87,8074.35,250743215.0
2023-05-30,8053.12,8124.6,8003.58,8124.6,252246315.0
2023-05-31,8113.72,8150.97,8088.27,8121.24,249882565.0
2023-06-01,8096.05,8196.85,8069.11,8144.44,269877407.0
2023-06-02,8155.83,8214.25,8155.83,8198.59,261212700.0
2023-06-05,8203.0,8231.49,8186.3,8225.91,243813794.0
2023-06-06,8214.32,8214.32,8026.62,8043.67,274373438.0
2023-06-07,8040.92,8092.93,8015.12,8077.09,235625842.0
2023-06-08,8063.21,8064.0,7969.34,8019.94,244845575.0
2023-06-09,8020.53,8082.57,7999.88,8079.21,263188170.0
2023-06-12,8071.18,8148.21,8051.44,8126.63,260471238.0
2023-06-13,8118.35,8169.75,8110.47,8164.18,266106327.0
2023-06-14,8164.52,8195.36,8142.46,8179.04,272210982.0
2023-06-15,8175.87,8216.9,8162.7,8211.72,275864843.0
2023-06-16,8208.41,8295.11,8191.33,8290.2,278350434.0
2023-06-19,8294.72,8341.98,8294.29,8325.09,287967665.0
2023-06-20,8316.68,8342.58,8288.82,8311.06,281958681.0
2023-06-21,8296.56,8297.93,8142.66,8142.66,279698974.0
2023-06-26,8089.71,8131.78,7946.1,7963.09,276807904.0
2023-06-27,7965.29,8097.17,7965.29,8093.38,250749400.0
2023-06-28,8083.16,8083.32,7890.61,8041.69,268383835.0
2023-06-29,8028.6,8147.86,8027.11,8119.47,250180345.0
2023-06-30,8110.31,8234.81,8096.99,8221.36,268357873.0
2023-07-03,8241.35,8272.62,8179.29,8233.12,292087171.0
2023-07-04,8226.64,8271.77,8211.57,8271.76,259184312.0
2023-07-05,8262.88,8280.25,8194.95,8206.88,250247982.0
2023-07-06,8191.49,8247.61,8170.89,8195.6,237236156.0
2023-07-07,8177.82,8185.27,8095.51,8137.47,236607790.0
2023-07-10,8156.92,8169.69,8106.68,8134.5,216917979.0
2023-07-11,8139.96,8201.8,8122.09,8201.8,221810415.0
2023-07-12,8199.86,8203.06,8072.32,8078.16,259813332.0
2023-07-13,8091.95,8160.11,8091.95,8153.75,245696938.0
2023-07-14,8160.0,8192.93,8137.29,8156.91,252665996.0
2023-07-17,8135.12,8140.18,8088.09,8134.27,233484814.0
2023-07-18,8135.03,8158.16,8088.92,8122.11,229292155.0
2023-07-19,8119.44,8148.33,8059.73,8100.63,209280249.0
2023-07-20,8106.18,8113.3,7982.03,7989.23,234290795.0
2023-07-21,7974.12,8032.22,7940.12,7966.99,225927578.0
2023-07-24,7958.63,8019.13,7922.4,7967.74,205018011.0
2023-07-25,8027.03,8083.97,8017.39,8083.89,256242838.0
2023-07-26,8077.24,8077.24,8001.89,8019.77,258018211.0
2023-07-27,8020.79,8049.06,7946.84,7956.87,245791279.0
2023-07-28,7936.81,8015.83,7898.33,8008.68,254516572.0
2023-07-31,8016.86,8096.14,8015.53,8078.28,307803027.0
2023-08-01,8072.99,8072.99,8021.11,8060.56,292486187.0
2023-08-02,8050.39,8065.79,8028.01,8052.57,274547055.0
2023-08-03,8021.13,8053.47,8004.44,8045.39,247579106.0
2023-08-04,8058.06,8105.28,8049.96,8084.02,282663663.0
2023-08-07,8072.62,8082.28,8023.03,8043.44,256746320.0
2023-08-08,8037.32,8047.31,7992.2,8010.48,226283906.0
2023-08-09,7987.31,7997.23,7927.55,7936.74,210362467.0
2023-08-10,7924.14,7959.09,7904.83,7941.98,185620022.0
2023-08-11,7948.65,7948.65,7803.84,7803.84,212542108.0
2023-08-14,7745.84,7845.82,7711.29,7845.82,200517337.0
2023-08-15,7846.47,7854.03,7709.34,7773.14,186354857.0
2023-08-16,7752.97,7761.11,7677.56,7677.56,187953703.0
2023-08-17,7657.34,7773.24,7607.24,7768.02,202515556.0
2023-08-18,7763.43,7788.38,7617.87,7617.87,214982526.0
2023-08-21,7609.14,7677.08,7560.43,7560.43,185803082.0
2023-08-22,7593.47,7631.16,7469.27,7620.25,223045685.0
2023-08-23,7601.35,7601.35,7482.15,7482.24,202728447.0
2023-08-24,7502.42,7564.16,7431.61,7490.55,218134257.0
2023-08-25,7454.22,7477.32,7305.98,7333.53,236106176.0
2023-08-28,7726.19,7726.19,7371.28,7389.27,318723615.0
2023-08-29,7372.8,7650.64,7370.77,7642.3,293325385.0
2023-08-30,7651.73,7746.2,7649.86,7705.82,283050542.0
2023-08-31,7689.6,7689.6,7639.32,7658.87,240504953.0
2023-09-01,7664.58,7694.98,7634.28,7661.18,218168766.0
2023-09-04,7685.87,7774.25,7663.86,7774.25,260099248.0
2023-09-05,7759.87,7778.85,7719.02,7738.26,247320609.0
2023-09-06,7711.83,7786.41,7678.77,7780.28,233779967.0
2023-09-07,7767.16,7767.16,7643.2,7643.2,237829231.0
2023-09-08,7619.52,7697.91,7613.69,7670.62,213384525.0
2023-09-11,7678.93,7784.65,7634.33,7760.97,247916721.0
2023-09-12,7752.52,7792.26,7741.62,7761.79,222687391.0
2023-09-13,7741.53,7744.52,7598.76,7655.78,226983468.0
2023-09-14,7652.2,7653.23,7563.78,7603.86,211305621.0
2023-09-15,7619.64,7664.72,7578.72,7619.4,215200675.0
2023-09-18,7597.27,7663.06,7557.37,7638.35,211548662.0
2023-09-19,7626.38,7626.38,7542.36,7561.69,206557548.0
2023-09-20,7547.35,7571.64,7500.66,7501.08,186167591.0
2023-09-21,7482.88,7525.97,7439.22,7452.21,184404960.0
2023-09-22,7442.0,7603.3,7425.51,7601.87,220989453.0
2023-09-25,7600.81,7617.59,7562.3,7581.22,215038529.0
2023-09-26,7567.03,7594.94,7544.45,7552.76,201297826.0
2023-09-27,7542.43,7637.34,7533.17,7596.25,213388764.0
2023-09-28,7611.89,7684.2,7611.89,7673.7,216093637.0
2023-10-09,7670.59,7678.74,7616.24,7660.7,238159140.0
2023-10-10,7675.83,7696.34,7644.12,7651.45,255238778.0
2023-10-11,7662.07,7717.27,7637.07,7678.52,260207275.0
2023-10-12,7708.36,7727.11,7674.71,7724.67,248361922.0
2023-10-13,7694.13,7707.69,7673.42,7698.0,252952722.0
2023-10-16,7708.42,7709.72,7598.4,7635.51,267433012.0
2023-10-17,7637.0,7638.61,7564.89,7617.57,231613325.0
2023-10-18,7590.63,7590.63,7474.16,7475.93,244559111.0
2023-10-19,7440.93,7505.79,7385.91,7386.33,242465856.0
2023-10-20,7350.12,7399.99,7280.94,7288.86,220583709.0
2023-10-23,7261.93,7261.99,7084.39,7115.37,233387405.0
2023-10-24,7139.4,7269.81,7112.7,7257.0,242965800.0
2023-10-25,7294.84,7388.43,7294.84,7361.74,275436057.0
2023-10-26,7317.76,7409.22,7287.96,7404.24,279452351.0
2023-10-27,7376.16,7533.06,7348.6,7509.96,302184492.0
2023-10-30,7485.73,7635.53,7484.77,7624.81,307467057.0
2023-10-31,7620.54,7633.8,7535.86,7579.26,293123831.0
2023-11-01,7575.48,7602.95,7558.48,7581.16,265463399.0
2023-11-02,7581.25,7611.39,7488.14,7488.14,260687412.0
2023-11-03,7499.52,7603.51,7499.52,7586.0,259581781.0
2023-11-06,7626.87,7756.22,7626.87,7756.22,314047604.0
2023-11-07,7749.67,7817.83,7723.17,7801.23,309908736.0
2023-11-08,7801.54,7863.18,7783.27,7838.22,330159307.0
2023-11-09,7832.88,7865.27,7759.5,7777.22,301751632.0
2023-11-10,7743.78,7771.79,7706.06,7758.22,258348891.0
2023-11-13,7782.63,7841.38,7775.24,7841.38,280758779.0
2023-11-14,7839.05,7905.76,7824.61,7905.01,294655335.0
2023-11-15,7956.65,7965.9,7910.37,7949.55,309484643.0
2023-11-16,7926.34,7943.25,7884.79,7884.79,279278385.0
2023-11-17,7870.21,7955.2,7864.45,7955.2,280134297.0
2023-11-20,7967.11,8027.47,7946.34,8027.47,304846756.0
2023-11-21,8034.62,8039.36,7958.09,7974.58,342293086.0
2023-11-22,7948.22,7989.17,7880.95,7880.95,315873120.0
2023-11-23,7868.97,7964.95,7848.07,7961.09,288839560.0
2023-11-24,7960.8,7961.71,7839.84,7861.53,293716849.0
2023-11-27,7849.75,7885.53,7821.13,7859.13,283167377.0
2023-11-28,7844.28,7904.29,7806.68,7904.29,249149854.0
2023-11-29,7899.02,7919.55,7851.23,7862.78,253091475.0
2023-11-30,7851.25,7860.6,7743.55,7813.36,251586656.0
2023-12-01,7810.57,7896.84,7785.46,7883.22,257378199.0
2023-12-04,7887.43,7913.91,7865.8,7875.04,266488953.0
2023-12-05,7858.36,7858.36,7717.83,7717.83,257041244.0
2023-12-06,7699.29,7811.16,7687.8,7758.44,251668431.0
2023-12-07,7753.61,7781.63,7714.03,7750.24,254813382.0
2023-12-08,7749.66,7789.8,7705.96,7709.5,282343128.0
2023-12-11,7682.18,7797.56,7627.6,7796.79,240068539.0
2023-12-12,7794.75,7818.16,7777.16,7816.69,215964889.0
2023-12-13,7805.66,7833.28,7759.99,7759.99,217066453.0
2023-12-14,7783.1,7824.06,7721.79,7725.88,214519583.0
2023-12-15,7734.93,7753.56,7648.74,7669.04,209347969.0
2023-12-18,7654.62,7661.82,7534.3,7549.14,213947684.0
2023-12-19,7543.96,7584.36,7502.26,7559.42,181045936.0
2023-12-20,7569.26,7577.12,7447.0,7447.0,181604794.0
2023-12-21,7418.16,7515.7,7332.49,7498.31,202546215.0
2023-12-22,7499.32,7508.78,7360.67,7387.02,221881077.0
2023-12-25,7376.29,7402.48,7326.6,7380.36,176776818.0
2023-12-26,7379.01,7379.01,7244.64,7269.01,173091115.0
2023-12-27,7276.35,7337.15,7247.47,7328.75,175346097.0
2023-12-28,7318.8,7484.69,7273.66,7459.99,227196145.0
2023-12-29,7452.22,7589.4,7451.41,7588.5,224464464.0
2024-01-02,7596.3,7604.56,7555.36,7562.02,222427730.0
2024-01-03,7541.88,7567.38,7465.5,7518.82,211165119.0
2024-01-04,7509.05,7509.05,7447.72,7483.23,181928782.0
2024-01-05,7481.19,7501.58,7306.84,7338.04,207362425.0
2024-01-08,7325.11,7325.11,7179.09,7179.09,183399846.0
2024-01-09,7191.33,7274.45,7151.14,7205.49,191964552.0
2024-01-10,7188.2,7228.38,7077.67,7133.99,187382992.0
2024-01-11,7128.66,7290.7,7124.6,7268.6,200579297.0
2024-01-12,7259.68,7314.59,7212.02,7213.38,207650618.0
2024-01-15,7190.77,7250.99,7142.73,7195.25,184049506.0
2024-01-16,7191.56,7198.03,7059.35,7160.0,200818319.0
2024-01-17,7148.79,7148.79,6969.42,6969.42,177490799.0
2024-01-18,6929.88,6946.38,6733.35,6933.86,248294240.0
2024-01-19,6926.88,6962.4,6840.89,6842.75,179535616.0
2024-01-22,6828.81,6828.81,6388.45,6432.32,240014974.0
2024-01-23,6416.45,6528.24,6341.85,6502.14,210161805.0
2024-01-24,6530.44,6589.71,6338.32,6582.27,229007406.0
2024-01-25,6585.7,6815.26,6545.01,6814.64,258060015.0
2024-01-26,6803.57,6876.27,6741.59,6763.65,245257407.0
2024-01-29,6776.04,6801.06,6560.17,6561.29,234508473.0
2024-01-30,6519.7,6579.53,6362.37,6370.17,201235483.0
2024-01-31,6327.54,6366.03,6070.01,6084.49,258321582.0
2024-02-01,6047.69,6159.86,5930.09,6022.27,238383625.0
2024-02-02,6027.67,6104.51,5591.84,5781.53,286667687.0
2024-02-05,5724.55,5724.55,5223.89,5346.77,335010857.0
2024-02-06,5244.02,5720.0,5133.36,5622.61,347652700.0
2024-02-07,5635.59,5846.24,5582.94,5712.37,343847830.0
2024-02-08,5739.53,6080.65,5734.44,6061.39,354821890.0
2024-02-19,6151.97,6236.03,6091.3,6196.45,320248467.0
2024-02-20,6173.47,6258.81,6099.21,6245.52,248068792.0
2024-02-21,6186.03,6451.13,6151.78,6292.42,303833912.0
2024-02-22,6293.02,6412.44,6286.94,6412.44,251387665.0
2024-02-23,6438.3,6551.19,6396.87,6551.19,285890973.0
2024-02-26,6568.48,6710.57,6533.44,6616.74,312358196.0
2024-02-27,6590.87,6793.4,6560.15,6793.4,290479751.0
2024-02-28,6808.14,6902.49,6419.37,6419.37,422698183.0
2024-02-29,6372.14,6672.93,6372.14,6672.93,302557570.0
2024-03-01,6688.37,6769.57,6649.79,6760.13,286934525.0
2024-03-04,6777.22,6802.43,6661.34,6802.29,288732515.0
2024-03-05,6754.68,6784.41,6678.18,6715.42,275684757.0
2024-03-06,6681.96,6809.19,6648.3,6752.04,253561986.0
2024-03-07,6766.87,6817.67,6663.79,6663.79,271525356.0
2024-03-08,6670.48,6769.56,6640.58,6755.72,230498304.0
2024-03-11,6739.91,6882.75,6736.06,6882.75,264736159.0
2024-03-12,6896.65,6954.88,6851.9,6940.94,309994026.0
2024-03-13,6943.78,7025.69,6914.03,6975.37,301449748.0
2024-03-14,6972.75,7005.26,6848.73,6927.7,286221409.0
2024-03-15,6908.5,7016.42,6892.95,7016.42,259688719.0
2024-03-18,7038.38,7145.27,7024.75,7145.27,310090678.0
2024-03-19,7127.52,7171.36,7112.12,7112.12,294077258.0
2024-03-20,7101.97,7191.36,7101.97,7189.07,282757640.0
2024-03-21,7206.89,7228.38,7137.7,7196.52,312465408.0
2024-03-22,7182.3,7193.19,7047.48,7122.32,330897799.0
2024-03-25,7106.55,7140.12,6944.03,6944.03,318804046.0
2024-03-26,6926.78,6986.43,6822.36,6916.8,290362439.0
2024-03-27,6900.2,6901.67,6678.66,6678.66,280638233.0
2024-03-28,6668.45,6900.16,6668.45,6838.64,286298444.0
2024-03-29,6838.79,6918.46,6795.85,6918.46,269470876.0
2024-04-01,6941.63,7064.27,6941.63,7064.27,296364272.0
2024-04-02,7061.82,7061.82,6974.26,7023.14,308122541.0
2024-04-03,7005.24,7008.43,6901.78,6963.45,282383001.0
2024-04-08,6942.84,6942.84,6818.88,6818.88,277600414.0
2024-04-09,6810.69,6911.42,6798.53,6911.42,239958029.0
2024-04-10,6897.83,6897.83,6709.52,6767.27,260060289.0
2024-04-11,6721.29,6861.51,6707.84,6784.52,246791027.0
2024-04-12,6782.72,6825.3,6726.49,6737.03,244625683.0
2024-04-15,6711.42,6750.08,6488.16,6581.29,320602423.0
2024-04-16,6532.51,6552.51,6228.87,6231.4,329184808.0
2024-04-17,6293.61,6566.73,6293.61,6566.73,297660523.0
2024-04-18,6556.45,6634.61,6494.81,6558.67,285842435.0
2024-04-19,6526.1,6592.65,6475.98,6528.21,264630005.0
2024-04-22,6486.08,6564.62,6406.13,6501.28,246878263.0
2024-04-23,6493.56,6536.66,6465.68,6499.92,234532819.0
2024-04-24,6498.73,6622.73,6487.83,6622.73,253493070.0
2024-04-25,6595.61,6677.69,6581.73,6628.51,246060133.0
2024-04-26,6614.01,6762.07,6612.44,6747.25,311295173.0
2024-04-29,6755.43,6916.9,6755.43,6914.59,340515056.0
2024-04-30,6906.85,6922.24,6835.69,6867.75,313861458.0
2024-05-06,6943.12,7007.99,6942.59,7007.8,318208156.0
2024-05-07,7007.28,7047.74,6989.86,7045.84,288635014.0
2024-05-08,7022.07,7022.07,6935.03,6943.8,281826501.0
2024-05-09,6940.08,7054.69,6940.08,7040.4,274747282.0
2024-05-10,7047.97,7058.44,6950.01,6966.85,300313843.0
2024-05-13,6918.57,6929.52,6841.21,6872.36,288068539.0
2024-05-14,6875.29,6940.82,6875.29,6916.96,255771838.0
2024-05-15,6901.6,6918.25,6844.66,6851.69,245778818.0
2024-05-16,6863.08,6910.28,6833.28,6852.91,268339508.0
2024-05-17,6851.46,6937.04,6830.95,6937.04,289387983.0
2024-05-20,6938.66,6991.32,6919.97,6977.31,307642864.0
2024-05-21,6965.61,6966.12,6887.73,6910.43,267325578.0
2024-05-22,6906.23,6944.1,6886.63,6925.51,269626769.0
2024-05-23,6899.89,6899.89,6757.45,6771.4,280838122.0
2024-05-24,6758.43,6807.16,6695.39,6695.46,247280824.0
2024-05-27,6701.72,6749.27,6614.82,6749.27,245710125.0
2024-05-28,6730.13,6764.02,6679.58,6685.64,240616833.0
2024-05-29,6673.24,6732.98,6656.26,6690.26,231954544.0
2024-05-30,6667.79,6708.02,6634.41,6656.09,233178886.0
2024-05-31,6655.46,6719.28,6655.46,6697.14,223506607.0
2024-06-03,6692.87,6693.55,6541.64,6591.25,259214260.0
2024-06-04,6566.87,6588.49,6491.87,6582.83,235826015.0
2024-06-05,6556.9,6583.44,6470.65,6470.66,219191499.0
2024-06-06,6473.76,6507.41,6256.31,6282.27,288054377.0
2024-06-07,6326.36,6379.98,6260.29,6342.94,216586628.0
2024-06-11,6314.38,6404.07,6243.97,6397.48,197466675.0
2024-06-12,6387.97,6465.91,6386.29,6454.07,195547824.0
2024-06-13,6453.33,6462.12,6402.91,6416.73,208632333.0
2024-06-14,6399.31,6435.31,6360.25,6422.2,204907290.0
2024-06-17,6394.96,6447.5,6383.98,6416.27,189358623.0
2024-06-18,6416.33,6487.6,6406.6,6487.6,204381265.0
2024-06-19,6491.21,6507.19,6419.22,6419.22,202862972.0
2024-06-20,6405.75,6436.61,6280.64,6284.56,218016739.0
2024-06-21,6261.95,6325.76,6221.38,6284.73,174385206.0
2024-06-24,6243.56,6243.56,6048.97,6052.52,212417033.0
2024-06-25,6052.91,6091.31,5977.37,6020.83,188806332.0
2024-06-26,6009.8,6197.13,5970.34,6197.13,198221205.0
2024-06-27,6172.59,6179.03,6052.93,6052.93,181807702.0
2024-06-28,6039.95,6178.48,6035.07,6095.88,196389490.0
2024-07-01,6093.68,6159.63,6028.64,6147.73,188716243.0
2024-07-02,6147.13,6170.81,6096.18,6118.37,189055893.0
2024-07-03,6112.8,6116.88,6050.91,6056.47,174580484.0
2024-07-04,6057.07,6075.7,5893.55,5909.05,184617749.0
2024-07-05,5897.47,5993.25,5835.45,5972.5,164697584.0
2024-07-08,5955.38,5955.38,5796.1,5812.71,175976756.0
2024-07-09,5806.12,5945.86,5733.96,5936.21,212754863.0
2024-07-10,5914.92,5968.26,5891.96,5902.88,194137013.0
2024-07-11,5990.71,6068.14,5967.74,6068.14,231906105.0
2024-07-12,6057.13,6070.99,6018.35,6039.59,196742133.0
2024-07-15,6026.04,6026.04,5941.42,5955.61,174436446.0
2024-07-16,5942.85,5973.51,5898.21,5964.11,168234395.0
2024-07-17,5958.12,5967.34,5890.27,5890.98,177499059.0
2024-07-18,5848.44,5909.59,5776.02,5897.34,184318567.0
2024-07-19,5873.14,5959.18,5860.41,5921.6,170112443.0
2024-07-22,5922.73,5960.38,5904.93,5941.4,170427528.0
2024-07-23,5941.44,5944.09,5795.07,5795.21,185575317.0
2024-07-24,5777.27,5816.69,5698.72,5704.26,189949323.0
2024-07-25,5671.1,5774.46,5648.18,5717.21,169309133.0
2024-07-26,5725.48,5816.99,5725.48,5811.6,182268927.0
2024-07-29,5821.22,5828.86,5774.0,5805.45,178866234.0
2024-07-30,5794.09,5852.43,5757.25,5838.69,182088421.0
2024-07-31,5835.54,6059.64,5825.57,6059.64,279211655.0
2024-08-01,6065.85,6107.28,6025.26,6057.51,240969165.0
2024-08-02,6013.34,6084.78,5964.48,5972.22,228084653.0
2024-08-05,5930.75,6022.35,5805.0,5805.0,245098045.0
2024-08-06,5869.51,5911.43,5840.57,5909.21,205809829.0
2024-08-07,5902.7,5944.99,5876.7,5912.18,189599335.0
2024-08-08,5891.3,5941.19,5821.23,5894.86,213312825.0
2024-08-09,5916.46,5951.64,5848.18,5848.18,194208032.0
2024-08-12,5841.18,5853.78,5784.59,5805.99,181771495.0
2024-08-13,5797.82,5838.01,5766.6,5838.01,163573728.0
2024-08-14,5838.28,5838.77,5793.54,5793.54,166899030.0
2024-08-15,5777.69,5892.47,5748.62,5846.89,210179724.0
2024-08-16,5853.19,5867.73,5818.42,5820.47,219671741.0
2024-08-19,5809.05,5871.33,5792.87,5812.74,211067793.0
2024-08-20,5806.54,5809.76,5688.94,5705.02,215562692.0
2024-08-21,5686.6,5722.77,5672.27,5678.47,188981190.0
2024-08-22,5678.19,5694.28,5591.87,5599.03,201752232.0
2024-08-23,5583.77,5612.06,5544.09,5589.89,196040581.0
2024-08-26,5587.71,5643.91,5567.1,5630.72,185829786.0
2024-08-27,5610.31,5612.55,5537.4,5547.12,185677223.0
2024-08-28,5528.06,5607.39,5514.6,5564.56,178639501.0
2024-08-29,5542.22,5675.17,5528.42,5657.51,203395345.0
2024-08-30,5656.59,5843.19,5653.76,5771.94,279172436.0
2024-09-02,5768.68,5785.04,5656.25,5657.73,239521464.0
2024-09-03,5653.26,5737.26,5653.26,5713.63,199067458.0
2024-09-04,5675.57,5734.84,5660.09,5680.53,197874892.0
2024-09-05,5683.9,5761.61,5683.9,5732.01,191936454.0
2024-09-06,5731.08,5738.28,5619.67,5621.48,189946946.0
2024-09-09,5598.93,5644.38,5564.68,5588.92,172253602.0
2024-09-10,5594.34,5636.56,5505.45,5616.26,184633367.0
2024-09-11,5592.24,5624.48,5568.92,5597.37,163197638.0
2024-09-12,5603.33,5665.34,5581.77,5581.77,180530034.0
2024-09-13,5582.75,5590.37,5501.93,5501.93,182744793.0
2024-09-18,5502.03,5515.29,5399.92,5478.19,173686892.0
2024-09-19,5501.59,5630.97,5470.67,5590.77,213330623.0
2024-09-20,5592.61,5598.15,5536.74,5574.36,199008100.0
2024-09-23,5570.85,5626.15,5548.8,5582.8,192083390.0
2024-09-24,5601.36,5786.0,5576.8,5786.0,306338964.0
2024-09-25,5838.07,5978.97,5838.07,5852.37,378962387.0
2024-09-26,5839.13,6055.92,5835.41,6055.92,359994923.0
2024-09-27,6143.63,6407.81,6135.29,6368.0,435400989.0
2024-09-30,6648.95,7127.07,6548.33,7093.07,726430162.0
2024-10-08,8028.81,8028.81,7266.45,7729.54,864931451.0
2024-10-09,7510.51,7554.25,7068.87,7081.53,674826269.0
2024-10-10,7149.33,7280.67,6935.4,7029.42,510604244.0
2024-10-11,6973.17,6973.17,6646.08,6727.41,412806094.0
2024-10-14,6768.44,6975.33,6644.93,6975.33,414811732.0
2024-10-15,6935.19,7087.1,6856.37,6857.79,437105522.0
2024-10-16,6756.48,6961.38,6755.47,6880.52,377306117.0
2024-10-17,6926.16,6999.59,6867.0,6868.55,418093284.0
2024-10-18,6847.19,7284.6,6836.9,7138.74,518270772.0
2024-10-21,7194.62,7400.98,7175.49,7303.55,543558471.0
2024-10-22,7312.88,7417.93,7256.42,7348.53,524438302.0
2024-10-23,7326.34,7464.05,7305.0,7351.74,500031784.0
2024-10-24,7312.72,7342.18,7251.2,7315.18,405777643.0
2024-10-25,7335.24,7507.97,7335.24,7468.12,471913063.0
2024-10-28,7483.16,7637.01,7466.71,7637.01,544605552.0
2024-10-29,7665.91,7674.41,7501.66,7501.66,596927965.0
2024-10-30,7452.95,7559.62,7435.84,7528.74,515355466.0
2024-10-31,7535.45,7702.57,7497.43,7650.01,601878485.0
2024-11-01,7624.81,7650.51,7359.66,7365.2,611423588.0
2024-11-04,7340.55,7516.89,7340.55,7516.89,434264975.0
2024-11-05,7523.22,7784.25,7520.3,7777.74,560327391.0
2024-11-06,7810.34,7917.6,7764.61,7832.19,630448295.0
2024-11-07,7778.15,7989.35,7763.06,7989.35,635286473.0
2024-11-08,8069.09,8135.86,7985.76,8012.46,667569675.0
2024-11-11,8001.18,8216.8,8001.18,8216.35,601306556.0
2024-11-12,8235.66,8255.42,8025.21,8105.88,607150774.0
2024-11-13,8059.45,8137.8,7923.82,8103.0,477186499.0
2024-11-14,8085.45,8102.46,7847.63,7857.5,449298449.0
2024-11-15,7828.34,7944.86,7685.37,7685.88,453171392.0
2024-11-18,7720.62,7755.64,7429.95,7476.09,479317806.0
2024-11-19,7480.58,7692.51,7450.66,7692.51,422408935.0
2024-11-20,7678.05,7890.05,7666.98,7872.85,463975587.0
2024-11-21,7861.86,7925.5,7805.69,7889.62,456492013.0
2024-11-22,7868.63,7925.43,7610.08,7611.36,527386688.0
2024-11-25,7635.9,7675.15,7516.99,7675.15,441428484.0
2024-11-26,7653.86,7728.4,7566.86,7571.78,418574595.0
2024-11-27,7517.2,7726.07,7390.69,7726.07,457502383.0
2024-11-28,7730.38,7819.58,7702.38,7714.41,479996166.0
2024-11-29,7690.76,7910.81,7656.19,7856.94,510574222.0
2024-12-02,7862.28,8037.15,7862.28,8022.03,562569861.0
2024-12-03,8025.4,8061.85,7939.51,8019.65,532700658.0
2024-12-04,8009.02,8024.19,7858.25,7896.13,494768196.0
2024-12-05,7873.07,8033.42,7873.07,8014.87,465421049.0
2024-12-06,8026.61,8124.06,7944.16,8092.8,556772109.0
2024-12-09,8087.79,8127.02,7988.23,8055.2,497709256.0
2024-12-10,8288.9,8297.05,8123.66,8136.21,617938271.0
2024-12-11,8112.9,8258.15,8112.9,8254.99,556997677.0
2024-12-12,8257.84,8319.14,8185.6,8317.82,581098796.0
2024-12-13,8263.18,8286.15,8152.07,8156.34,585986911.0
2024-12-16,8156.09,8171.29,8026.43,8067.54,510066913.0
2024-12-17,8046.83,8049.82,7807.78,7821.18,469191981.0
2024-12-18,7831.24,7955.33,7763.54,7890.22,403006423.0
2024-12-19,7797.51,7935.97,7783.62,7914.01,416725460.0
2024-12-20,7898.36,8078.8,7896.34,8018.05,420497173.0
2024-12-23,8013.7,8019.41,7717.81,7731.93,451978724.0
2024-12-24,7756.82,7828.41,7686.04,7820.47,368572471.0
2024-12-25,7808.37,7809.41,7610.38,7699.19,383962009.0
2024-12-26,7683.07,7839.62,7683.07,7800.36,351701829.0
2024-12-27,7804.98,7924.63,7777.74,7828.59,409538310.0
2024-12-30,7815.43,7841.63,7706.54,7779.49,364922610.0
2024-12-31,7784.43,7798.65,7533.05,7533.05,391316093.0
2025-01-02,7519.78,7600.7,7298.47,7369.04,404093790.0
2025-01-03,7385.5,7406.13,7091.15,7106.75,408387734.0
2025-01-06,7086.62,7182.31,6989.12,7074.91,340928487.0
2025-01-07,7081.8,7222.15,7049.81,7221.52,338363132.0
2025-01-08,7184.87,7262.17,6985.09,7208.26,390079196.0
2025-01-09,7163.63,7279.09,7160.96,7231.26,338835778.0
2025-01-10,7217.51,7287.72,7043.24,7043.24,352249001.0
2025-01-13,6956.63,7105.06,6898.12,7050.71,291594056.0
2025-01-14,7082.62,7399.37,7074.65,7399.37,397800171.0
2025-01-15,7396.67,7418.9,7336.57,7359.63,350191122.0
2025-01-16,7401.13,7521.77,7330.9,7402.86,369102579.0
2025-01-17,7374.25,7482.43,7333.15,7428.09,323451257.0
2025-01-20,7479.81,7537.59,7438.6,7492.32,345045070.0
2025-01-21,7530.67,7540.05,7423.69,7526.88,336035558.0
2025-01-22,7486.03,7495.48,7413.28,7448.08,309235906.0
2025-01-23,7520.7,7622.98,7421.99,7421.99,370472471.0
2025-01-24,7402.18,7563.27,7402.18,7557.95,341447581.0
2025-01-27,7575.88,7597.87,7434.54,7434.54,308874203.0
2025-02-05,7505.21,7546.13,7465.17,7506.25,332770407.0
2025-02-06,7492.11,7718.26,7470.82,7718.15,414694101.0
2025-02-07,7723.76,7906.59,7723.03,7833.95,511127707.0
2025-02-10,7860.72,7966.09,7834.19,7965.02,471634561.0
2025-02-11,7960.35,7982.83,7871.61,7939.53,450495193.0
2025-02-12,7917.3,8054.62,7914.5,8054.56,449059219.0
2025-02-13,8058.28,8059.85,7942.86,7959.5,485470764.0
2025-02-14,7941.9,8011.65,7913.1,7988.49,461475851.0
2025-02-17,8036.27,8097.26,8000.43,8076.16,504168340.0
2025-02-18,8052.12,8074.5,7851.23,7881.18,485940966.0
2025-02-19,7877.43,8095.93,7877.43,8095.69,446691610.0
2025-02-20,8095.2,8190.49,8085.16,8171.58,466333108.0
2025-02-21,8185.56,8322.23,8136.57,8314.95,528276828.0
2025-02-24,8308.68,8378.25,8244.76,8323.91,515101122.0
2025-02-25,8193.32,8372.71,8182.8,8288.47,473341425.0
2025-02-26,8309.39,8423.76,8293.83,8414.03,482853773.0
2025-02-27,8413.42,8448.94,8236.98,8380.71,498113063.0
2025-02-28,8331.22,8337.58,8035.05,8055.57,479442545.0
2025-03-03,8085.01,8208.5,8014.13,8067.81,425592603.0
2025-03-04,7992.91,8182.54,7991.72,8179.88,374214710.0
2025-03-05,8181.76,8242.66,8121.42,8241.86,397136477.0
2025-03-06,8289.99,8445.74,8289.99,8422.93,484820929.0
2025-03-07,8391.42,8475.53,8321.95,8377.99,492934521.0
2025-03-10,8387.26,8417.74,8321.49,8392.97,408055011.0
2025-03-11,8275.11,8419.25,8270.09,8419.25,392390012.0
2025-03-12,8462.3,8535.82,8444.94,8458.68,459000228.0
2025-03-13,8444.75,8459.99,8231.35,8315.96,441834835.0
2025-03-14,8309.51,8465.69,8256.3,8462.7,454807031.0
2025-03-17,8484.75,8529.83,8448.39,8505.12,427996284.0
2025-03-18,8527.64,8571.39,8492.01,8546.43,406407845.0
2025-03-19,8514.94,8538.23,8457.81,8491.98,412123755.0
2025-03-20,8476.18,8554.68,8445.97,8476.98,431910415.0
2025-03-21,8436.08,8462.08,8282.36,8302.68,466775096.0
2025-03-24,8297.36,8307.62,8039.7,8207.61,466698178.0
2025-03-25,8192.85,8230.58,8104.69,8129.24,407279016.0
2025-03-26,8104.58,8223.67,8104.58,8186.83,378529572.0
2025-03-27,8159.49,8245.04,8071.05,8156.61,377774468.0
2025-03-28,8145.24,8186.83,8054.49,8055.16,356135310.0
2025-03-31,7997.22,8012.95,7860.79,7987.56,363876128.0
2025-04-01,8007.9,8097.6,8007.9,8043.72,327513906.0
2025-04-02,8033.4,8127.71,8031.34,8067.56,291407944.0
2025-04-03,7972.84,8098.95,7918.55,7970.13,333242967.0
2025-04-07,7446.06,7542.51,6916.22,6981.0,452606661.0
2025-04-08,6947.47,7153.96,6853.07,7002.37,509065752.0
2025-04-09,6873.9,7228.25,6562.31,7180.86,533121949.0
2025-04-10,7327.47,7499.43,7327.47,7377.16,482313560.0
2025-04-11,7318.64,7549.37,7318.46,7468.94,396550515.0
2025-04-14,7571.34,7650.39,7561.68,7594.39,382554400.0
2025-04-15,7596.9,7615.69,7512.36,7574.68,331569476.0
2025-04-16,7545.87,7555.24,7351.48,7454.84,335261214.0
2025-04-17,7412.94,7547.87,7410.23,7478.2,312159275.0
2025-04-18,7469.24,7507.14,7421.3,7472.57,306528332.0
2025-04-21,7459.39,7642.65,7431.14,7642.64,340139613.0
2025-04-22,7636.18,7669.24,7607.27,7636.68,362641592.0
2025-04-23,7670.35,7741.51,7665.71,7705.46,391945044.0
2025-04-24,7695.32,7712.34,7591.11,7625.5,372026226.0
2025-04-25,7631.21,7704.58,7597.34,7650.63,363608422.0
2025-04-28,7637.53,7647.69,7545.64,7554.44,348502958.0
2025-04-29,7524.24,7629.35,7498.8,7606.18,321433841.0
2025-04-30,7614.97,7715.52,7614.97,7685.37,340619571.0
2025-05-06,7744.72,7908.13,7744.72,7908.13,387721216.0
2025-05-07,7995.27,8019.35,7855.44,7928.15,431316933.0
2025-05-08,7901.48,8010.98,7895.48,8001.56,381316480.0
2025-05-09,7993.42,7993.42,7855.23,7892.81,355160047.0
2025-05-12,7945.55,8011.85,7933.04,8011.85,352832779.0
2025-05-13,8081.65,8084.76,7975.19,7986.13,359551157.0
2025-05-14,7977.13,8038.01,7933.14,7992.6,358254791.0
2025-05-15,7974.87,7974.87,7862.33,7865.78,335862577.0
2025-05-16,7842.27,7947.41,7841.64,7905.06,329943678.0
2025-05-19,7912.36,7953.4,7823.15,7948.68,345957598.0
2025-05-20,7951.76,8026.28,7920.83,8014.74,359374925.0
2025-05-21,7997.74,8002.34,7947.63,7978.6,361305396.0
2025-05-22,7951.88,8005.9,7878.34,7882.89,340689160.0
2025-05-23,7871.94,7944.99,7793.7,7793.7,346425241.0
2025-05-26,7792.93,7861.24,7786.21,7859.4,293640124.0
2025-05-27,7848.01,7863.86,7784.47,7847.61,302850175.0
2025-05-28,7846.81,7873.98,7807.71,7823.61,312220434.0
2025-05-29,7815.37,7971.66,7815.37,7971.66,373156131.0
2025-05-30,7950.19,7950.43,7852.02,7866.89,356506544.0
2025-06-03,7834.13,7943.34,7834.13,7930.48,335016245.0
2025-06-04,7928.56,8007.42,7928.56,8006.78,346364523.0
2025-06-05,8007.36,8073.58,7973.06,8062.72,374320171.0
2025-06-06,8051.88,8062.1,8023.75,8047.5,338522321.0
2025-06-09,8062.37,8159.62,8062.37,8156.06,360545037.0
2025-06-10,8159.42,8160.06,7991.16,8085.29,427685918.0
2025-06-11,8085.7,8149.87,8076.34,8116.49,373873953.0
2025-06-12,8093.38,8143.3,8070.71,8133.17,357542963.0
2025-06-13,8100.2,8113.16,7975.81,7988.15,412308988.0
2025-06-16,7963.51,8065.08,7963.51,8062.63,340886132.0
2025-06-17,8070.02,8093.28,8020.32,8050.12,354727538.0
2025-06-18,8024.75,8048.02,7973.8,8046.18,341942589.0
2025-06-19,8028.7,8057.87,7886.46,7907.16,369343183.0
2025-06-20,7893.1,7936.08,7836.81,7841.57,313307763.0
2025-06-23,7793.08,7966.62,7792.36,7962.71,328195616.0
2025-06-24,7968.71,8126.88,7968.71,8126.88,401458514.0
2025-06-25,8132.33,8230.08,8121.12,8224.55,425857092.0
2025-06-26,8216.62,8275.62,8189.19,8194.65,433973806.0
2025-06-27,8211.56,8270.85,8195.71,8228.62,403970575.0
2025-06-30,8249.04,8340.12,8248.4,8339.49,393513469.0
2025-07-01,8342.12,8363.42,8279.25,8362.17,410297836.0
2025-07-02,8342.88,8342.88,8241.64,8277.65,406419012.0
2025-07-03,8271.97,8341.01,8264.72,8334.91,375768774.0
2025-07-04,8330.66,8360.72,8253.88,8272.44,400900141.0
2025-07-07,8260.42,8302.88,8257.8,8299.69,348091869.0
2025-07-08,8296.12,8407.16,8289.47,8407.13,403976618.0
2025-07-09,8412.41,8441.78,8363.5,8385.16,415910373.0
2025-07-10,8373.2,8418.65,8348.04,8392.9,404252348.0
2025-07-11,8398.59,8490.51,8366.63,8461.68,443824093.0
2025-07-14,8466.22,8503.41,8446.02,8491.38,399063476.0
2025-07-15,8480.04,8502.27,8376.28,8463.1,442757305.0
2025-07-16,8459.46,8525.16,8449.5,8506.76,372682644.0
2025-07-17,8500.81,8608.4,8490.07,8608.4,382998545.0
2025-07-18,8617.58,8637.39,8578.32,8619.47,383725213.0
2025-07-21,8625.48,8708.9,8623.82,8707.54,448358726.0
2025-07-22,8705.19,8742.01,8683.09,8729.96,486425476.0
2025-07-23,8722.4,8752.45,8660.27,8675.53,478461268.0
2025-07-24,8668.8,8782.43,8668.8,8782.43,448208715.0
2025-07-25,8788.69,8806.59,8754.02,8801.88,423703966.0
2025-07-28,8810.99,8848.03,8777.14,8845.73,403963604.0
2025-07-29,8835.68,8902.47,8788.83,8902.47,421601166.0
2025-07-30,8878.43,8882.65,8743.56,8819.69,422456256.0
2025-07-31,8799.59,8878.07,8737.71,8765.86,429606399.0
2025-08-01,8768.06,8817.74,8726.14,8785.39,368130131.0
2025-08-04,8734.7,8898.53,8720.2,8898.53,347962097.0
2025-08-05,8918.24,8962.94,8902.1,8962.94,373176638.0
2025-08-06,8957.01,9061.24,8944.07,9060.73,422304412.0
2025-08-07,9065.8,9086.69,9000.59,9062.77,422285155.0
2025-08-08,9039.98,9062.08,8997.66,9025.77,404627342.0
2025-08-11,9037.41,9178.38,9037.41,9170.5,421308643.0
2025-08-12,9171.27,9194.49,9100.8,9194.49,421768469.0
2025-08-13,9199.84,9328.12,9199.84,9324.47,476405584.0
2025-08-14,9331.51,9336.83,9164.56,9179.3,507975271.0
2025-08-15,9157.32,9374.51,9157.32,9374.51,475618290.0
2025-08-18,9431.88,9592.5,9425.63,9566.31,587564166.0
2025-08-19,9563.35,9655.96,9514.87,9595.69,565232548.0
2025-08-20,9548.71,9657.08,9486.26,9657.08,529608428.0
2025-08-21,9670.35,9700.55,9531.91,9584.42,535180809.0
2025-08-22,9579.19,9699.77,9579.19,9699.77,514206034.0
2025-08-25,9763.27,9877.03,9742.5,9845.8,633856181.0
2025-08-26,9815.51,9897.43,9785.32,9832.87,556136912.0
2025-08-27,9844.57,9934.47,9634.84,9634.84,644665633.0
2025-08-28,9620.87,9759.28,9441.94,9759.28,601492309.0
2025-08-29,9761.96,9793.2,9672.56,9731.77,498376754.0
2025-09-01,9772.54,9835.36,9725.88,9825.71,510805312.0
2025-09-02,9820.22,9821.4,9498.83,9581.56,564203238.0
2025-09-03,9606.39,9639.62,9394.12,9424.98,466928577.0
2025-09-04,9442.01,9501.28,9087.51,9229.53,485819950.0
2025-09-05,9243.96,9497.63,9195.86,9497.63,445990022.0
2025-09-08,9509.27,9603.02,9474.63,9594.44,471725296.0
2025-09-09,9562.65,9586.61,9426.58,9464.47,431677778.0
2025-09-10,9457.2,9562.31,9418.67,9485.64,397855768.0
2025-09-11,9470.61,9700.05,9387.67,9700.05,457639045.0
2025-09-12,9705.04,9786.95,9671.59,9719.59,492840059.0
2025-09-15,9734.41,9758.03,9689.07,9711.18,465537918.0
2025-09-16,9723.07,9828.68,9663.98,9828.68,502855610.0
2025-09-17,9821.25,9923.7,9797.43,9899.16,488423924.0
2025-09-18,9891.13,10040.02,9685.99,9794.33,620178884.0
2025-09-19,9786.47,9842.29,9675.61,9722.16,464875494.0
2025-09-22,9737.77,9783.12,9686.75,9783.12,411816764.0
2025-09-23,9788.3,9792.54,9459.48,9655.05,496968449.0
2025-09-24,9601.53,9802.76,9557.38,9802.73,429146064.0
2025-09-25,9780.87,9847.53,9740.04,9759.4,421962475.0
2025-09-26,9718.43,9759.68,9598.25,9598.25,401315614.0
2025-09-29,9609.67,9724.93,9548.69,9705.46,377848775.0
2025-09-30,9743.0,9802.71,9741.23,9776.84,369752506.0
2025-10-09,9826.19,9891.13,9791.31,9860.24,437322869.0
2025-10-10,9821.3,9845.63,9719.49,9744.3,436590175.0
2025-10-13,9359.38,9728.9,9359.38,9711.88,428204209.0
2025-10-14,9788.07,9830.9,9494.55,9529.45,458341983.0
2025-10-15,9544.42,9686.22,9459.28,9685.48,381348997.0
2025-10-16,9663.0,9673.17,9542.42,9573.22,369677505.0
2025-10-17,9562.9,9594.5,9279.76,9287.1,385938049.0
2025-10-20,9391.15,9457.61,9329.74,9390.44,338683763.0
2025-10-21,9411.71,9550.41,9378.11,9547.88,380523913.0
2025-10-22,9503.28,9563.02,9474.2,9509.84,359986641.0
2025-10-23,9484.64,9508.8,9348.37,9497.15,357987354.0
2025-10-24,9535.59,9619.9,9529.94,9619.71,377502812.0
2025-10-27,9692.1,9734.34,9636.56,9721.09,408784255.0
2025-10-28,9684.37,9782.42,9655.95,9719.02,402518203.0
2025-10-29,9714.99,9807.78,9688.45,9807.78,406645975.0
2025-10-30,9786.21,9790.88,9666.1,9674.74,439451281.0
2025-10-31,9671.29,9799.06,9671.29,9732.98,424582646.0
2025-11-03,9742.61,9791.34,9644.97,9791.26,420039607.0
2025-11-04,9772.83,9772.83,9598.79,9662.69,398084897.0
2025-11-05,9534.47,9742.45,9532.78,9711.46,421846271.0
2025-11-06,9730.64,9813.69,9706.12,9811.51,418996134.0
2025-11-07,9770.49,9840.35,9743.02,9784.06,418423118.0
2025-11-10,9819.55,9846.93,9761.98,9827.35,445433397.0
2025-11-11,9852.73,9876.28,9805.86,9821.88,440475971.0
2025-11-12,9796.23,9804.4,9664.76,9751.99,427137373.0
2025-11-13,9745.86,9892.84,9729.13,9876.86,446399606.0
2025-11-14,9792.25,9881.85,9771.28,9771.28,451857620.0
2025-11-17,9783.79,9826.23,9757.98,9805.26,432265138.0
2025-11-18,9779.1,9788.36,9649.56,9695.4,451508972.0
2025-11-19,9680.03,9713.64,9546.03,9593.95,400334427.0
2025-11-20,9645.51,9660.94,9509.32,9520.68,392504605.0
2025-11-21,9388.33,9446.82,9161.44,9161.5,473091383.0
2025-11-24,9222.88,9361.87,9176.44,9320.02,390784268.0
2025-11-25,9369.08,9546.63,9369.08,9467.63,396586590.0
2025-11-26,9447.75,9536.82,9434.73,9452.96,391383724.0
2025-11-27,9444.74,9557.24,9444.74,9468.66,364665410.0
2025-11-28,9466.53,9573.58,9441.68,9573.58,360396826.0
2025-12-01,9594.66,9653.79,9589.15,9647.57,394575405.0
2025-12-02,9619.38,9619.38,9531.13,9567.47,369539552.0
2025-12-03,9565.45,9581.69,9440.67,9474.03,388940611.0
2025-12-04,9465.66,9485.81,9369.3,9439.08,353436557.0
2025-12-05,9433.2,9592.19,9379.67,9592.19,377109512.0
2025-12-08,9616.92,9751.48,9616.92,9724.13,414574618.0
2025-12-09,9698.06,9759.54,9671.19,9681.76,400434388.0
2025-12-10,9661.01,9725.78,9610.92,9709.59,384927402.0
2025-12-11,9726.51,9730.62,9571.37,9571.37,408454558.0
2025-12-12,9566.69,9684.34,9539.65,9658.32,412461329.0
2025-12-15,9604.22,9685.02,9591.37,9598.55,364294126.0
2025-12-16,9586.24,9587.33,9380.25,9426.65,377296383.0
2025-12-17,9411.57,9554.03,9356.95,9541.38,367416393.0
2025-12-18,9481.03,9617.0,9476.7,9524.48,338545775.0
2025-12-19,9555.79,9651.88,9555.01,9622.46,374514412.0
2025-12-22,9661.25,9752.4,9660.82,9723.62,378092205.0
2025-12-23,9722.35,9753.06,9654.01,9692.47,385907648.0
2025-12-24,9683.51,9854.32,9680.33,9848.04,371247435.0
2025-12-25,9855.43,9978.15,9848.15,9965.0,389477671.0
2025-12-26,9961.22,10017.6,9892.16,9964.26,432357724.0
2025-12-29,9958.51,10002.81,9917.44,9958.91,418787368.0
2025-12-30,9906.56,10004.16,9897.3,9954.61,419762860.0
2025-12-31,9967.76,9989.62,9897.17,9955.85,396138615.0
2026-01-05,10003.67,10155.94,9981.2,10155.81,464885406.0
2026-01-06,10163.76,10293.14,10162.51,10293.14,499445956.0
2026-01-07,10293.62,10382.9,10277.66,10348.54,502935365.0
2026-01-08,10326.39,10487.6,10326.39,10468.51,512161556.0
2026-01-09,10471.62,10675.54,10471.62,10673.61,591155374.0
2026-01-12,10758.06,11000.31,10733.63,10985.02,678162074.0
2026-01-13,11015.58,11015.58,10750.59,10780.35,695634792.0
2026-01-14,10777.44,11071.19,10732.58,10881.05,735801995.0
2026-01-15,10782.23,10861.58,10703.82,10815.73,533522886.0
2026-01-16,10855.8,10890.63,10742.25,10813.63,534795687.0
2026-01-19,10773.85,10916.49,10764.0,10885.58,501647808.0
2026-01-20,10888.84,10925.89,10677.34,10757.62,522932755.0
2026-01-21,10695.15,10888.08,10681.59,10859.29,493453612.0
2026-01-22,10884.41,10955.56,10863.82,10955.56,493426475.0
2026-01-23,10989.65,11173.26,10974.04,11173.26,572300837.0
2026-01-26,11216.76,11230.61,10935.01,11021.31,601378144.0
2026-01-27,10962.29,11077.64,10771.41,11058.56,531595467.0
2026-01-28,11064.1,11101.2,10989.19,11049.32,513542744.0
2026-01-29,11019.13,11135.63,10905.44,10929.75,588289158.0
2026-01-30,10831.8,10923.52,10629.91,10865.03,529627409.0
2026-02-02,10763.13,10850.36,10532.09,10532.09,468738091.0
2026-02-03,10642.83,10856.73,10617.02,10855.97,444633664.0
2026-02-04,10828.05,10861.22,10720.9,10851.89,465927887.0
2026-02-05,10736.28,10784.12,10626.34,10670.75,411503264.0
2026-02-06,10567.11,10799.94,10534.27,10676.48,424448896.0
2026-02-09,10834.34,10910.81,10799.54,10910.44,435008940.0
2026-02-10,10917.06,10946.72,10854.77,10913.54,426699488.0
2026-02-11,10894.56,10970.13,10881.41,10882.94,386539313.0
2026-02-12,10901.3,11006.07,10860.42,10969.25,404543383.0
2026-02-13,10920.86,11008.11,10851.15,10857.59,370333444.0
2026-02-24,10991.39,11033.99,10872.66,10969.71,411415247.0
2026-02-25,10989.16,11135.18,10963.84,11112.99,465049410.0
2026-02-26,11131.72,11216.89,11083.0,11210.37,473112666.0
2026-02-27,11137.33,11307.23,11132.32,11306.91,460662942.0
2026-03-02,11167.24,11269.54,11077.91,11173.22,547027811.0
2026-03-03,11197.36,11211.62,10692.78,10706.97,579253788.0
2026-03-04,10562.04,10824.42,10562.04,10664.33,455175112.0
2026-03-05,10851.44,10867.24,10730.8,10797.26,467974855.0
2026-03-06,10734.85,10939.7,10731.33,10907.54,441115939.0
2026-03-09,10733.08,10857.05,10540.82,10828.24,504881863.0
2026-03-10,10921.89,11049.5,10921.89,11048.09,455765527.0
2026-03-11,11062.11,11113.82,10999.02,11036.89,472629885.0
2026-03-12,11025.54,11050.63,10873.83,10954.97,474362249.0
2026-03-13,10904.01,10955.61,10760.66,10784.55,473024778.0
2026-03-16,10777.16,10791.97,10627.44,10789.14,459151946.0
2026-03-17,10803.82,10808.39,10509.68,10510.78,437624121.0
2026-03-18,10549.98,10656.46,10471.45,10651.3,402691227.0
2026-03-19,10512.16,10539.47,10357.12,10401.62,418795738.0
2026-03-20,10450.53,10508.67,10197.02,10197.02,439514397.0
2026-03-23,9998.12,10099.15,9617.77,9682.62,507897826.0
2026-03-24,9868.41,9968.29,9652.79,9968.29,438780109.0
2026-03-25,10040.88,10213.62,10040.88,10181.34,448926431.0
2026-03-26,10170.93,10221.23,9990.29,10023.52,413911967.0
2026-03-27,9877.58,10214.94,9875.46,10172.45,389591322.0
2026-03-30,10055.5,10202.04,9998.02,10201.33,399549680.0
2026-03-31,10175.23,10252.92,10021.14,10022.45,409422480.0
2026-04-01,10212.36,10257.31,10130.87,10240.59,407883072.0
2026-04-02,10198.59,10239.41,9992.64,10051.44,396707723.0
2026-04-03,10091.57,10100.41,9900.38,9918.82,367846939.0
2026-04-07,9939.42,10063.25,9938.74,10019.03,342220534.0
2026-04-08,10225.5,10485.5,10225.5,10485.5,453781986.0
2026-04-09,10390.74,10473.32,10378.37,10421.57,409210758.0
2026-04-10,10496.01,10601.98,10496.01,10516.16,405108452.0
2026-04-13,10455.14,10558.92,10454.71,10547.16,390818468.0
2026-04-14,10625.75,10690.57,10575.52,10690.57,418425830.0
2026-04-15,10743.16,10767.42,10625.11,10654.27,431733381.0
2026-04-16,10673.13,10849.35,10645.94,10841.99,436817315.0
2026-04-17,10824.61,10959.12,10819.46,10928.8,446081908.0
2026-04-20,10931.22,11016.27,10922.52,11008.14,451404930.0
2026-04-21,10965.37,11001.29,10886.31,10996.9,439135684.0
2026-04-22,10944.93,11147.39,10944.93,11146.04,444852314.0
2026-04-23,11147.86,11163.03,10900.65,10980.43,498288711.0
2026-04-24,10922.83,10966.08,10817.77,10890.84,457078719.0
2026-04-27,10866.44,10972.98,10792.66,10943.4,432363113.0
2026-04-28,10902.54,10911.75,10748.01,10795.99,440239271.0
2026-04-29,10717.38,10959.89,10717.38,10930.01,437389551.0
2026-04-30,10936.89,11012.21,10910.43,10989.93,443411672.0
2026-05-06,11086.67,11282.51,11086.67,11246.17,500207365.0
2026-05-07,11279.34,11464.71,11250.04,11464.71,508893968.0
2026-05-08,11401.29,11559.44,11391.75,11540.91,497007333.0
2026-05-11,11624.63,11713.36,11559.21,11693.03,530871898.0
2026-05-12,11706.98,11706.98,11529.6,11623.91,496549699.0
2026-05-13,11555.01,11806.73,11553.81,11804.15,493268918.0
2026-05-14,11849.39,11852.15,11560.86,11560.86,532386944.0
2026-05-15,11571.96,11683.3,11388.9,11480.24,514418072.0
2026-05-18,11430.46,11576.4,11379.54,11517.0,443613957.0
2026-05-19,11488.0,11646.29,11383.03,11645.28,443515035.0
2026-05-20,11588.94,11639.98,11491.12,11627.77,453774754.0
2026-05-21,11675.75,11735.11,11200.59,11216.6,522002010.0
2026-05-22,11298.23,11508.12,11246.59,11480.5,423654055.0
2026-05-25,11555.81,11577.48,11411.16,11565.25,450475989.0
2026-05-26,11501.83,11501.83,11226.02,11391.35,460034184.0
2026-05-27,11374.2,11427.49,11096.52,11173.6,447126317.0
2026-05-28,11145.5,11356.46,11077.22,11329.21,431445208.0
2026-05-29,11365.89,11371.71,10903.71,10964.21,482929828.0
2026-06-01,10944.04,11108.62,10888.52,10903.09,440347381.0
2026-06-02,10915.03,10994.54,10684.86,10933.16,436940552.0
2026-06-03,10936.93,11118.54,10864.58,10976.39,468625112.0
2026-06-04,10857.75,10980.37,10853.92,10943.01,440675179.0
2026-06-05,10909.52,11088.52,10805.14,10904.0,481071912.0
2026-06-08,10539.57,10809.72,10424.46,10551.92,459453913.0
2026-06-09,10683.27,10835.68,10557.46,10834.59,433583578.0
2026-06-10,10717.42,10786.75,10530.18,10657.7,431206600.0
2026-06-11,10594.46,10679.95,10499.46,10601.91,408941293.0
2026-06-12,10765.16,10854.61,10619.37,10661.05,482230211.0
2026-06-15,10739.89,11055.24,10739.89,11055.24,436790983.0
2026-06-16,11061.98,11246.62,11031.05,11210.47,438898193.0
2026-06-17,11126.47,11277.94,11126.22,11254.67,432060363.0
2026-06-18,11214.47,11369.75,11196.3,11336.77,427211773.0
2026-06-22,11387.71,11451.3,11121.25,11451.23,495662622.0
2026-06-23,11431.1,11508.55,11227.09,11295.39,462238072.0
2026-06-24,11249.9,11402.07,11134.41,11394.36,439081449.0
2026-06-25,11402.2,11468.26,11287.73,11380.33,464651502.0
2026-06-26,11313.47,11324.6,11046.56,11088.8,459753827.0
2026-06-29,11103.52,11165.88,10826.96,11062.33,458803395.0
2026-06-30,11035.11,11340.81,10987.85,11335.65,412428180.0
2026-07-01,11353.63,11531.61,11342.27,11462.91,479626403.0
2026-07-02,11252.66,11492.19,11158.32,11192.79,457593431.0
2026-07-03,11194.47,11317.99,11104.42,11189.64,428978902.0
2026-07-06,11230.71,11272.98,10939.34,10990.1,412713661.0
2026-07-07,10943.73,11008.85,10674.24,10719.78,356551723.0
2026-07-08,10738.19,10750.33,10477.39,10485.82,347633073.0
2026-07-09,10529.67,10703.17,10277.24,10690.7,373127102.0
2026-07-10,10692.07,10898.08,10604.18,10604.18,442219307.0
2026-07-13,10522.08,10564.98,10020.65,10047.39,409857642.0
2026-07-14,10051.66,10214.84,9849.87,10204.3,367402524.0
2026-07-15,10239.53,10292.88,10048.49,10090.29,375727589.0
2026-07-16,9966.63,10136.13,9830.79,9880.07,364848678.0
2026-07-17,9839.29,9847.17,9246.3,9271.69,432783973.0
2026-07-20,9383.01,9438.62,8809.67,8982.84,447389396.0
2026-07-21,8999.34,9308.02,8571.2,9305.66,482606762.0
2026-07-22,9224.71,9359.47,9131.89,9187.62,402230220.0
2026-07-23,9188.72,9305.87,9134.58,9259.74,363262198.0
2026-07-24,9148.28,9230.45,9000.0,9000.0,337554937.0
